battery_no,cycle_idx,residual,soc_est,tau,innovation,abs_innov,innov_abs_ema,norm_innov,norm_innov_ema,abs_dOCV_dSOC,abs_dOCV_dSOC_ema,throughput_frac,soc_gate_alpha_ema,v_resid_abs_mean_so_far,inv_abs_dOCV_dSOC_mean_so_far,norm_innov_mean_so_far,qnom_start_frac
2,2,0.0181818181818182,0,0,0,0,0,0,0,0,0,0,0,0.730563184123329,100000000,0,0.000277777777777778
2,2,0.00726211449528737,0.0332337532733077,0.0227272727272727,0.150694661659459,0.150694661659459,0.00753473308297297,26.3530825247304,1.31765412623652,14.9026383635459,0.745131918177297,0.0190993765489652,0.05,0.379015880660925,50000000.0335511,13.1765412623652,0.000277777777777778
2,2,0.0108151622902026,0.0519947550651693,0.0454545454545454,0.0270366278077545,0.0270366278077545,0.00850982781921204,4.67840424152037,1.48569163200071,4.19494710641604,0.917622677589234,0.038360476888461,0.0661481409754115,0.25745335892951,33333333.4351614,10.3438289220836,0.000277777777777778
2,2,0.0106681161653854,0.0744558507767633,0.0681818181818182,0.0116791303037114,0.0116791303037114,0.00866829294343701,2.01784137192239,1.5122991189968,2.58910856205763,1.00119697181265,0.0577857920451594,0.0628407339266409,0.20080183001747,25000000.1729294,8.26233203454329,0.000277777777777778
2,2,0.010971780604392,0.0964662359245336,0.0909090909090909,0.00113115405839848,0.00113115405839848,0.00829143599918508,0.195527222146732,1.44646052415429,1.24352532495701,1.01331338946987,0.0773759606551168,0.0596986972303088,0.167263410577077,20000000.2991766,6.64897107206398,0.000277777777777778
2,2,0.013263448925012,0.11648861719069,0.113636363636364,-0.0534944550226948,0.0534944550226948,0.0105515869503606,8.8792969425532,1.81810234507424,0.87131328381263,1.00621338418701,0.0971293556523934,0.106713762368793,0.14235499190902,16666667.1072626,7.02069205047885,0.000277777777777778
2,2,0.0140922834348544,0.137973832267625,0.136363636363636,-0.0214917644818873,0.0214917644818873,0.0110985958269369,3.54658588227112,1.90452652193408,0.673406716855,0.989573050820409,0.117041667250079,0.101378074250354,0.122827603653211,14285714.8755089,6.52439116930631,0.000277777777777778
2,2,0.0140736958737991,0.160306469415457,0.159090909090909,-0.0682043890257185,0.0682043890257185,0.013953885486876,10.6082470945853,2.33971255056664,0.494059940491848,0.964797395303981,0.13710551127731,0.146309170537836,0.110584766142701,12500000.769076,7.03487315996619,0.000277777777777778
2,2,0.0100601406201748,0.186634074255858,0.181818181818182,-0.0723108103438395,0.0723108103438395,0.0168717317297242,10.6013943322713,2.75279663965188,0.325635231890005,0.932839287133283,0.157310092756895,0.188993712010944,0.100510478931961,11111112.1359477,7.43115329022231,0.000277777777777778
2,2,0.00677920648758934,0.212229057975221,0.204545454545455,-0.0387455393529357,0.0387455393529357,0.0179654221108847,5.59365713748043,2.8948396645433,0.235379805224354,0.897966313037836,0.177640953819326,0.229544026410397,0.0911797947184731,10000001.3471982,7.24740367494813,0.000277777777777778
2,2,0.00812618094686027,0.233196133102726,0.227272727272727,0.0135944871313405,0.0135944871313405,0.0177468753619075,1.95983072148451,2.84808921739036,0.202342886579185,0.863185141714904,0.198079832651005,0.218066825089877,0.0868334374218239,9090910.76491708,6.76671522463325,0.000277777777777778
2,2,0.00438990251927718,0.259246461117086,0.25,-0.0750836688492118,0.0750836688492118,0.0206137150362727,10.2455854675137,3.21796402989653,0.168157214863572,0.828433745372337,0.218604656247323,0.257163483835383,0.0802121262376243,8333335.36340865,7.05662107820662,0.000277777777777778
2,2,0.00320191348559323,0.282748499737547,0.272727272727273,-0.0270937364089523,0.0270937364089523,0.0209377161049067,3.67389338262555,3.24076049753298,0.144256514977703,0.794224883852605,0.239189684441024,0.263178287631615,0.0753395385245811,7692310.09946152,6.79641125546962,0.000277777777777778
2,2,0.00295056865933363,0.305313894150584,0.295454545454545,-0.0470755666312219,0.0470755666312219,0.0222446086312225,6.26021364318955,3.39173315481581,0.127204082000937,0.760873843760022,0.259805816228619,0.300019373250034,0.0702072809536927,7142859.93959876,6.75811142602104,0.000277777777777778
2,2,0.00176643979535873,0.328812072601335,0.318181818181818,-0.00728614270503192,0.00728614270503192,0.0214966853349129,0.968957116865329,3.27059435291828,0.11576036311733,0.728618169727887,0.280421062107788,0.285018404587533,0.0678673608502822,6666669.85286121,6.37216780541066,0.000277777777777778
2,2,0.00178492338306691,0.351107638600404,0.340909090909091,-0.0760405898200602,0.0760405898200602,0.0242238805591703,9.63623711099237,3.58887649082199,0.110774215467014,0.697725972014844,0.301001178298515,0.320767484358156,0.0645522588740161,6250003.55126811,6.57617213700951,0.000277777777777778
2,2,0.00176374635641369,0.373442865213834,0.363636363636364,-0.0346968775357799,0.0346968775357799,0.0247475304080008,4.35719937566964,3.62729263506437,0.11156597303763,0.668417972065983,0.321510450713724,0.353535714611823,0.0612980630917044,5882356.81079977,6.44564432751893,0.000277777777777778
2,2,-1.81290136913037e-05,0.397538790170716,0.386363636363636,-0.0267310851904892,0.0267310851904892,0.0248467081471252,3.33975967839455,3.61291598723088,0.118879044275092,0.640941025676438,0.341912608749729,0.353304146166622,0.0591696242893628,5555559.6775282,6.27309518034536,0.000277777777777778
2,2,-0.00153923853605087,0.421373949279853,0.409090909090909,-0.0119288010552348,0.0119288010552348,0.0242008127925307,1.48946533715239,3.50674345472696,0.112135688889902,0.614500758837111,0.362171841758477,0.335638938858291,0.0579439586122331,5263162.26911974,6.02132518859836,0.000277777777777778
2,2,-0.00285665669373047,0.445005417024309,0.431818181818182,-0.000297451510765434,0.000297451510765434,0.0230056447284424,0.037159232920488,3.33326424363663,0.105036064601444,0.589027524125328,0.382253884797915,0.318856991915376,0.0573666461011868,5000004.63169073,5.72211689081447,0.000277777777777778
2,2,-0.00301395923101389,0.467476769148369,0.454545454545455,-0.0430660909961373,0.0430660909961373,0.0240086670418272,5.30641359724984,3.43192171131729,0.0998296996178706,0.564567632899955,0.402127135252061,0.352914142319607,0.0552597332947201,4761909.6500416,5.70232149588282,0.000277777777777778
2,2,-0.000685018830961615,0.487461878335094,0.477272727272727,-0.0790205521475231,0.0790205521475231,0.026759261297112,9.30971981875325,3.72581161668909,0.0964794448997809,0.541163223499946,0.421763758434825,0.385268435203627,0.0538417361929409,4545459.68253526,5.86629414692238,0.000277777777777778
2,2,-0.000692889297236654,0.532097847974923,0.522727272727273,-0.0677798337317324,0.0677798337317324,0.0301300748249452,7.60335395185564,4.04198095342563,0.0933353947023348,0.497540513048748,0.460240831422335,0.445204762771273,0.0502039809078054,4166672.26445328,5.95675874387542,0.000277777777777778
2,2,0.000480912970213132,0.55323809529425,0.545454545454545,0.0394636952858649,0.0394636952858649,0.0305967558479912,4.38632810400537,4.05919831095462,0.0939253584246569,0.477359755317544,0.479053377634522,0.47294452463271,0.0505669899043187,4000005.79974523,5.89394151828062,0.000277777777777778
2,2,0.00144035635777495,0.574592701493465,0.568181818181818,-0.0618928416085156,0.0618928416085156,0.0321615601360174,6.72528286652414,4.1925025387331,0.0958945436617599,0.458286494734754,0.497574938129721,0.499297298401074,0.0486326281340785,3846159.82391357,5.92591618552075,0.000277777777777778
2,2,0.00300647380826469,0.595340633629752,0.590909090909091,-0.0102865923956421,0.0102865923956421,0.0310678117489987,1.11760291562357,4.03875755757762,0.0991006913202488,0.440327204564029,0.5158097204742,0.47433243348102,0.047774652894514,3703709.83379629,5.74783050885789,0.000277777777777778
2,2,0.00610911884378273,0.614552038181011,0.613636363636364,-0.0387989670716857,0.0387989670716857,0.031454369515133,4.18046824272719,4.0458430918351,0.0950003525406078,0.423060861962858,0.533769770659127,0.500615811806969,0.046274389587862,3571434.85852773,5.69185328506751,0.000277777777777778
2,2,0.00873950851342087,0.634235698098149,0.636363636363636,-0.0045299878950531,0.0045299878950531,0.030108150434129,0.488278143720412,3.86796484442936,0.0902134326134727,0.406418490495389,0.551474913909357,0.475585021216621,0.0456444204758108,3448282.31460691,5.51241965950382,0.000277777777777778
2,2,0.0129212866375599,0.652367969560787,0.659090909090909,-0.0542269807604705,0.0542269807604705,0.0313140919504461,5.7504388829193,3.96208854635386,0.0877642403200427,0.390485777986621,0.568952437193646,0.50180577015579,0.0443380870330775,3333339.95059209,5.52035363361767,0.000277777777777778
2,2,0.015360126499571,0.672243179285553,0.681818181818182,-0.0723575789003488,0.0723575789003488,0.0333662662979412,7.46022948898001,4.13699559348517,0.0872715927306508,0.375325068723823,0.586236515964415,0.526715481648,0.0435270204714826,3225813.22504016,5.58293027411323,0.000277777777777778
2,2,0.0203042509924052,0.689613104379496,0.704545454545455,-0.0647874895171401,0.0647874895171401,0.0349373274589012,6.53865388631128,4.25707850812647,0.0887073512427379,0.360994182849769,0.603367397609466,0.5503797075656,0.0428415900270565,3125006.91403962,5.61279663699442,0.000277777777777778
2,2,0.0251821303941885,0.707049274564489,0.727272727272727,-0.00712824045607929,0.00712824045607929,0.0335468731087601,0.719588684011191,4.08020401692071,0.0918835882939025,0.347538653121975,0.620390363761122,0.52286072218732,0.0420574355410838,3030310.06462437,5.46451760811614,0.000277777777777778
2,2,0.0298360453277411,0.724709409217713,0.75,-0.0338421179873047,0.0338421179873047,0.0335616353526873,3.39824395996264,4.04610601407281,0.0969112977204892,0.335007285351901,0.637354502568067,0.542159095476792,0.0409899385034406,2941183.60150937,5.40374485375868,0.000277777777777778
2,2,0.0369230356625744,0.739936468469657,0.772727272727273,-0.0267383484912163,0.0267383484912163,0.0332204710096137,2.67662506974016,3.97763196685617,0.102670695590247,0.323390455863818,0.654311329905573,0.532524953660497,0.0399020467969392,2857150.0626056,5.32582714564387,0.000277777777777778
2,2,0.0388231858291396,0.760350367889869,0.795454545454545,0.0104255807354168,0.0104255807354168,0.0320807264959039,1.04359946979473,3.8309303420031,0.112496706151056,0.31284576837818,0.671313304937655,0.505898705977472,0.0398811288653583,2777785.03000959,5.20687637687028,0.000277777777777778
2,2,0.0418945479191083,0.779593055386677,0.818181818181818,-0.0254876871706151,0.0254876871706151,0.0317510745296394,2.54431569170417,3.76659960948815,0.123972812394189,0.30340212057898,0.688412290165331,0.493153720169209,0.0392671541718938,2702709.97693594,5.1349152772712,0.000277777777777778
2,2,0.0460221049726758,0.797779547919886,0.840909090909091,-0.021393914376139,0.021393914376139,0.0312332165219644,2.13186122351555,3.68486269018952,0.136767720815901,0.295070400590827,0.705658008884881,0.468496034160748,0.0385763784128156,2631586.22258675,5.05588753901447,0.000277777777777778
2,2,0.0474423405144435,0.818673361964895,0.863636363636364,0.0162070600344184,0.0162070600344184,0.0304819086975871,1.61370437212832,3.58130477428646,0.157307847104709,0.288182272916521,0.723096553706283,0.445071232452711,0.0386707808510332,2564109.81577586,4.96762643217124,0.000277777777777778
2,2,0.0523080650206481,0.836121687045468,0.886363636363636,-0.0500925102789531,0.0500925102789531,0.0314624387766554,4.9291132262988,3.64869519688708,0.178003303808716,0.28267332446113,0.740768998399226,0.472817670830075,0.0378861563718298,2500007.2108283,4.96666360202442,0.000277777777777778
2,2,0.0548492833369002,0.855894518315992,0.909090909090909,-9.52110369887293e-05,9.52110369887293e-05,0.0298940773896721,0.0093734729522637,3.46672911069034,0.204475850186057,0.278763450747377,0.758710161886064,0.449176787288571,0.0374726107707951,2439031.54448012,4.8457540866812,0.000277777777777778
2,2,0.057213488411079,0.87584436282859,0.931818181818182,0.00332051097321751,0.00332051097321751,0.0285653990688493,0.327048516459166,3.30974508097878,0.235021107554094,0.276576333587713,0.776947567819533,0.426717947924143,0.0371502810159857,2380959.46615767,4.73816585881877,0.000277777777777778
2,2,0.0585890624212626,0.896782838405184,0.954545454545455,-0.0244666046467796,0.0244666046467796,0.0283604593477459,2.40402850465248,3.26445925216246,0.271065701597085,0.276300801988181,0.795500636081858,0.413911990082186,0.0363084654759153,2325588.40157592,4.68388359476839,0.000277777777777778
2,2,0.0595906157421655,0.918095334671058,0.977272727272727,0.0162562772014678,0.0162562772014678,0.027755250240432,1.5960643210387,3.18103950560628,0.325898581478396,0.278780690962692,0.814380134008223,0.393216390578077,0.0355051898536994,2272734.18945917,4.61370588400181,0.000277777777777778
2,2,0.060203195758386,0.939796804241614,1,0.181327496690057,0.181327496690057,0.0354338625629132,15.5193614281153,3.79795560173173,0.494248800866377,0.289554096457876,0.833587905519464,0.423555571049173,0.0371044147232799,2222229.03021058,4.85605378498211,0.000277777777777778
2,3,0.0181818181818182,0,0,0,0,0,0,0,0,0,0,0,0.730565221424603,100000000,0,0.00012916162865618
2,3,0.0117193931727976,0.0287764745957974,0.0227272727272727,-0.104272096650275,0.104272096650275,0.00521360483251376,22.8288040550267,1.14144020275134,5.95224637576037,0.297612318788019,0.0406339313558183,0.05,0.410648414977648,50000000.0840019,11.4144020275134,0.00012916162865618
2,3,-0.0115168162285006,0.0743267335838725,0.0454545454545454,-0.0441957177072383,0.0441957177072383,0.00716271047624999,9.25677560373475,1.54720697280051,2.47855867428022,0.406659636562629,0.0817843315748167,0.0975,0.286397126514303,33333333.5238214,10.6951932195872,0.00012916162865618
2,3,-0.0411318700778864,0.126255837020035,0.0681818181818182,-0.0767314324859778,0.0767314324859778,0.0106411465767364,14.3329410470668,2.18649367651382,0.772804108372442,0.42496686015312,0.123469032826646,0.142625,0.219795275543891,25000000.4663633,11.6046301764571,0.00012916162865618
2,3,-0.0633495758618566,0.170787592390782,0.0909090909090909,-0.0794461196605458,0.0794461196605458,0.0140813952309269,13.4397910904995,2.7491585472131,0.419440818677088,0.424690558079318,0.165693604388376,0.18549375,0.176375306965326,20000000.8499159,11.9716623592655,0.00012916162865618
2,3,-0.088576143861327,0.21832820997703,0.113636363636364,-0.0651702791729312,0.0651702791729312,0.0166358394280271,10.4148894639543,3.13244509305016,0.224904807754941,0.414701270563099,0.208450271993209,0.2262190625,0.148851686334837,16666668.1159842,11.712200210047,0.00012916162865618
2,3,-0.113707710292113,0.265773825994592,0.136363636363636,-0.0700340881956496,0.0700340881956496,0.0193057518664082,10.5555350328786,3.50359959004158,0.160729537079635,0.402002683888926,0.251717216377712,0.264908109375,0.12824856433692,14285716.416791,11.5469623275944,0.00012916162865618
2,3,-0.134669282524094,0.30904944781335,0.159090909090909,-0.105829351366332,0.105829351366332,0.0236319318414044,14.2471611468028,4.04077766787964,0.124835120129827,0.388144305700971,0.295458304601461,0.30166270390625,0.115952249323453,12500002.8660129,11.8844871799954,0.00012916162865618
2,3,-0.1599233981979,0.356617613073933,0.181818181818182,-0.0598984013168677,0.0598984013168677,0.0254452553151776,7.81738831481893,4.22960820022661,0.11043323495652,0.374258752163748,0.339623292190719,0.336579568710937,0.103609166817205,11111114.6648165,11.4325873060869,0.00012916162865618
2,3,-0.182083125077028,0.401091389539838,0.204545454545455,-0.0785498564011133,0.0785498564011133,0.0281004853694743,9.7563764591403,4.50594661317229,0.119487901906071,0.361520209650864,0.384148516371654,0.369750590275391,0.0938421439448848,10000004.0352396,11.2649662213923,0.00012916162865618
2,3,-0.211109696157937,0.452432010207524,0.227272727272727,-0.0904492458564228,0.0904492458564228,0.0312179233938218,10.5908587480959,4.81019221991847,0.103105956372648,0.348599496986954,0.428958081345652,0.401263060761621,0.085809783927791,9090913.64101429,11.2036837238199,0.00012916162865618
2,3,-0.235993616322499,0.499629979958862,0.25,-0.092094446753086,0.092094446753086,0.034261749561785,10.2109691851366,5.08023106817938,0.0950197268644475,0.335920508480828,0.47396551653828,0.43119990772354,0.0793569282056382,8333338.38127396,11.1209575122629,0.00012916162865618
2,3,-0.263435793862276,0.549386207085417,0.272727272727273,-0.077325817244847,0.077325817244847,0.0364149529459381,8.27862871739459,5.24015095064014,0.0937268868965548,0.323810827401615,0.51907586888948,0.459639912337363,0.0738064862114334,7692313.17266036,10.9023168357346,0.00012916162865618
2,3,-0.289115259716014,0.597379722525931,0.295454545454545,-0.123832144782213,0.123832144782213,0.0407858125377518,12.2318351797109,5.58973516209367,0.0995326430390886,0.312596918183488,0.564188171417538,0.486657916720495,0.0698635684651544,7142862.9493957,10.9972824317329,0.00012916162865618
2,3,-0.31692691716953,0.647505429566224,0.318181818181818,-0.034890595008227,0.034890595008227,0.0404910516612756,3.42781431547615,5.4816391197628,0.0882320514654219,0.301378674847585,0.609198213324041,0.511894292570403,0.0679186539492924,6666672.84168597,10.4926512239824,0.00012916162865618
2,3,-0.342152966571174,0.695045528554645,0.340909090909091,-0.056372633268742,0.056372633268742,0.0412851307416489,5.45792544034171,5.48045343579174,0.08951906060913,0.290785694135662,0.654001522581797,0.536299577941883,0.0658597428350005,6250006.48725593,10.1779808625049,0.00012916162865618
2,3,-0.369649299671893,0.744855911242141,0.363636363636364,-0.0768222503159257,0.0768222503159257,0.0430619867203627,7.2436891492031,5.56861522146231,0.104888039032447,0.281490811380501,0.698496460928588,0.559484599044789,0.0635574581847708,5882359.60765121,10.0053754676048,0.00012916162865618
2,3,-0.397220797486783,0.794741458643808,0.386363636363636,-0.0789445212143267,0.0789445212143267,0.0448561134450609,7.24919831321024,5.65264437604971,0.134655794537588,0.274149060538356,0.742587324006757,0.581510369092549,0.0615814398471602,5555562.26424515,9.85225451458287,0.00012916162865618
2,3,-0.426435923557833,0.846270634301635,0.409090909090909,-0.108970067277122,0.108970067277122,0.048061811136664,9.54445868979911,5.84723509173718,0.191621056822894,0.270022660352583,0.786187336412017,0.602434850637922,0.0593155273494385,5263164.52500241,9.8360547343311,0.00012916162865618
2,3,-0.450356931861176,0.892505692191755,0.431818181818182,-0.0539286795640002,0.0539286795640002,0.0483551545580308,4.67395762331262,5.78857121831595,0.263856884520443,0.269714371560976,0.829221432836331,0.622313108106026,0.0589413001539506,5000006.48824896,9.57794987878017,0.00012916162865618
2,3,-0.468119358824577,0.932582168741932,0.454545454545455,-0.0972285264128554,0.0972285264128554,0.050798823150772,8.14638329326482,5.90646182206339,0.442140058300802,0.278335655897967,0.871628722313144,0.641197452700724,0.0578411224645184,4761911.04889076,9.50978004137468,0.00012916162865618
2,3,-0.4834430517937,0.970219911297833,0.477272727272727,-0.15071376749873,0.15071376749873,0.0557945703681699,11.7323170716235,6.1977545845414,2.08566123423964,0.368701934815051,0.913364542612918,0.659137580065688,0.0571291001651779,4545460.56846228,9.61080445184053,0.00012916162865618
2,3,-0.459074293734297,0.990479252411983,0.522727272727273,-0.351864656275302,0.351864656275302,0.0825199021258828,17.9907303611784,7.39852709752094,14.1670013906948,1.71403613176333,0.994733112557501,0.692371666009284,0.0636056989362014,4166672.1936393,10.3538310624936,0.00012916162865618
2,3,-0.43969358255859,0.993412590823052,0.545454545454545,-0.359863926810776,0.359863926810776,0.0963871033601275,15.9094965592158,7.82407557060568,14.1670013906948,2.3366843947099,1.03436897482932,0.707753082708819,0.0681946522029801,4000005.30871719,10.5760576823625,0.00012916162865618
2,3,-0.419084562865629,0.995117620716869,0.568181818181818,-0.344746518573567,0.344746518573567,0.108805074120799,13.73527362928,8.11963547353939,14.1670013906948,2.92820024450914,1.07333982376572,0.722365428573378,0.0733450745244108,3846158.95340448,10.6975659880132,0.00012916162865618
2,3,-0.397452973193445,0.995800080631462,0.590909090909091,-0.362409446643736,0.362409446643736,0.121485292746946,13.1400235993828,8.37065487983156,14.1670013906948,3.49014030181843,1.11169410785657,0.73624715714471,0.0785997836326647,3703708.62441122,10.7880273810269,0.00012916162865618
2,3,-0.375752415562453,0.996413572587247,0.613636363636364,-0.359755151137321,0.359755151137321,0.133398785666465,12.0634167825488,8.55529297496742,14.1670013906948,4.02398335626224,1.14949712455657,0.749434799287474,0.0836088041005836,3571433.31891748,10.8335770025098,0.00012916162865618
2,3,-0.354675442181761,0.997650648793331,0.636363636363636,-0.252687725700902,0.252687725700902,0.139363232668187,8.18830982360923,8.53694381739951,14.1670013906948,4.53113425798387,1.18682909256785,0.7619630593231,0.0895876310493436,3448280.44828538,10.7423608928925,0.00012916162865618
2,3,-0.332300323037944,0.997589579236291,0.659090909090909,-0.277645932706529,0.277645932706529,0.146277367670104,8.65765221005959,8.54297923703252,14.1670013906948,5.01292761461942,1.22378275129987,0.773864906356945,0.095045358797802,3333337.76902875,10.6728706034648,0.00012916162865618
2,3,-0.309765262646853,0.997368568431977,0.681818181818182,-0.327415475165191,0.327415475165191,0.155334273044858,9.72017065104086,8.60183880773293,14.1670013906948,5.47063130342319,1.26046057145533,0.785171661039098,0.10022442887932,3225810.74649836,10.642138346935,0.00012916162865618
2,3,-0.287354825884993,0.997272181256894,0.704545454545455,-0.368015928939053,0.368015928939053,0.165968355839568,10.3311631833447,8.68830502651352,14.1670013906948,5.90544980778677,1.29697167473089,0.795913077987143,0.104793549617861,3125004.16287612,10.6324203730728,0.00012916162865618
2,3,-0.265291687508095,0.997523092466773,0.727272727272727,-0.355383883702526,0.355383883702526,0.175439132232716,9.51862178972926,8.72982086467431,14.1670013906948,6.31852738693217,1.33342857078421,0.806117424087786,0.109306238652626,3030307.06917037,10.5986689008502,0.00012916162865618
2,3,-0.243267842965741,0.997813297511196,0.75,-0.327315403928624,0.327315403928624,0.183032945817511,8.4521157245169,8.71593560766644,14.1670013906948,6.7109510871203,1.36994382550205,0.815811552883397,0.113612972248859,2941180.39274144,10.5355349838993,0.00012916162865618
2,3,-0.221204145572784,0.998063649705015,0.772727272727273,-0.298149142696968,0.298149142696968,0.188788755661484,7.48399463675359,8.65433855912079,14.1670013906948,7.08375360229902,1.40662677599081,0.825020975239227,0.117902464417675,2857146.6692513,10.448348116838,0.00012916162865618
2,3,-0.198586048576554,0.997759602295563,0.795454545454545,-0.361169939169759,0.361169939169759,0.197407814836898,8.71887268267448,8.65756526529848,14.1670013906948,7.43791599171881,1.44358040457144,0.833769926477266,0.121699296776366,2777781.48595506,10.4003071325556,0.00012916162865618
2,3,-0.176201349270054,0.997688952575839,0.818181818181818,-0.391728415994278,0.391728415994278,0.207123844894767,9.06429863187591,8.67790193362735,14.1670013906948,7.77437026166761,1.48089847656085,0.842081430153402,0.125270583590662,2702706.31256672,10.3641987946994,0.00012916162865618
2,3,-0.154151183876688,0.99795283676925,0.840909090909091,-0.35872035333877,0.35872035333877,0.214703670316967,8.03230409952442,8.6456220419222,14.1670013906948,8.09400181811897,1.51866303510799,0.849977358645732,0.128702844783959,2631582.46409356,10.3028331448264,0.00012916162865618
2,3,-0.132175371116118,0.998291073595457,0.863636363636364,-0.304197172591585,0.304197172591585,0.219178345430698,6.66191248010008,8.54643656383109,14.1670013906948,8.39765179674776,1.5569423313404,0.857478490713446,0.132199065713008,2564105.99246517,10.2094762047052,0.00012916162865618
2,3,-0.109952793406657,0.998382545472773,0.886363636363636,-0.29156967403721,0.29156967403721,0.222797911861023,6.26205448938171,8.43221746010862,14.1670013906948,8.68611927644511,1.59578925022594,0.864604566177773,0.135326464931931,2500003.34441821,10.1107906618221,0.00012916162865618
2,3,-0.0876769319053132,0.998420733558206,0.909090909090909,-0.28808862400321,0.28808862400321,0.226062447468133,6.0750807926125,8.31436062673382,14.1670013906948,8.9601633821576,1.63524027263853,0.871374337868885,0.138217244416737,2439027.65481256,10.0123587137926,0.00012916162865618
2,3,-0.0653350774525713,0.998392928692241,0.931818181818182,-0.297245355110378,0.297245355110378,0.229621592850245,6.15150936551152,8.2062180636727,14.1670013906948,9.22050528258446,1.67531499299051,0.877805620975441,0.140766229235841,2380955.56947384,9.92043372930974,0.00012916162865618
2,3,-0.0431641540545117,0.998536054880958,0.954545454545455,-0.273118539525035,0.273118539525035,0.231796440183984,5.56672207500944,8.07424326423954,14.1670013906948,9.46783008798997,1.71601619035505,0.883915339926669,0.142881444632363,2325584.51136018,9.8191846210702,0.00012916162865618
2,3,-0.0208896950459192,0.998575645459142,0.977272727272727,-0.267861547383255,0.267861547383255,0.233599695543948,5.38259603954882,7.939660903005,14.1670013906948,9.70278865312521,1.75733043014843,0.889719572930335,0.144183541958772,2272730.31952442,9.71835306239926,0.00012916162865618
2,3,0,1,1,-0.0125270833937092,0.0125270833937092,0.222546064936436,0.251845888576754,7.55527015228359,14.1670013906948,9.92599929000369,1.79922915403708,0.845233594283818,0.141336909367507,2222225.20288136,9.50798623631432,0.00012916162865618
4,2,0.0181818181818182,0,0,0,0,0,0,0,0,0,0,0,0.730695228904631,100000000,0,0.000277777777777778
4,2,0.00752552763066352,0.0329703401379315,0.0227272727272727,0.177403376108828,0.177403376108828,0.00887016880544138,27.5509753101892,1.37754876550946,15.6075852376875,0.780379261884377,0.0191879228757168,0.05,0.382118954005897,50000000.0320357,13.7754876550946,0.000277777777777778
4,2,0.00946140363622741,0.0533485137191445,0.0454545454545454,0.00681991985533026,0.00681991985533026,0.00876765635793583,1.05907794716682,1.36162522459233,4.08384395065173,0.945552496322745,0.0385300150279265,0.0475,0.257040592556686,33333333.4363129,9.53668441911867,0.000277777777777778
4,2,0.0106654824064929,0.0744584845356559,0.0681818181818182,-0.0238660944914297,0.0238660944914297,0.00952257826461052,3.68283182422502,1.47768555457396,2.58686745497994,1.0276182442556,0.0580255627858177,0.0512907263442115,0.193593854346077,25000000.1738767,8.07322127039525,0.000277777777777778
4,2,0.0106458037375859,0.0967922127913397,0.0909090909090909,-0.0145613551508346,0.0145613551508346,0.00977451710892172,2.24246087159195,1.51592432042486,1.22523199805927,1.03749893194579,0.0776722132370062,0.048726190027001,0.158055070784379,20000000.3023357,6.90706919063459,0.000277777777777778
4,2,0.00990446177896341,0.119847604336739,0.113636363636364,-0.0217056161718321,0.0217056161718321,0.0103710720620672,3.3258082494771,1.60641851687747,0.840776946709247,1.02766283268396,0.0974656233939429,0.0462898805256509,0.134312121722457,16666667.1168425,6.31019236710834,0.000277777777777778
4,2,0.0117671702382703,0.140298945464209,0.136363636363636,-0.0659281403883423,0.0659281403883423,0.013148925478381,9.6270532535819,2.00745025371269,0.651256293115369,1.00884250570553,0.117399100238252,0.0939753864993684,0.118719533562217,14285714.8909355,6.78402963660457,0.000277777777777778
4,2,0.0106279330656741,0.163752232223582,0.159090909090909,-0.0594652462014476,0.0594652462014476,0.0154647415145343,8.37727482151177,2.32594148210265,0.469969521743137,0.981898856507411,0.137463259463809,0.1392766171744,0.105956930463527,12500000.7955433,6.98318528471797,0.000277777777777778
4,2,0.0100095009824809,0.186684713893552,0.181818181818182,-0.0541994041194425,0.0541994041194425,0.0174014746447797,7.42565811063649,2.58092731352934,0.325564909320016,0.949082159148041,0.157645731690659,0.18231278631568,0.0954026079850579,11111112.1595478,7.03234893204225,0.000277777777777778
4,2,0.010100988018307,0.208907276444503,0.204545454545455,-0.0471929482012916,0.0471929482012916,0.0188910483226053,6.33771527136976,2.76876671142136,0.241075131612626,0.91368180777127,0.177930944289873,0.223197146999896,0.0863734767856195,10000001.3584015,6.962885565975,0.000277777777777778
4,2,0.0102488243738263,0.23107348967576,0.227272727272727,-0.0430968312920754,0.0430968312920754,0.0201013374710788,5.69582477716188,2.91511961470839,0.20538506126912,0.878266970446162,0.198300004741798,0.262037289649901,0.0785339957113938,9090910.76844708,6.84769822153744,0.000277777777777778
4,2,0.0103519883564203,0.253284375279943,0.25,-0.0347004176510257,0.0347004176510257,0.0208312914800762,4.54086893682056,2.99640708081399,0.175327454576648,0.843119994652687,0.218730707722979,0.297755967100578,0.0726664936809435,8333335.3463776,6.65546244781104,0.000277777777777778
4,2,0.01061424491234,0.2753361683108,0.272727272727273,-0.12776314111671,0.12776314111671,0.0261778839619078,14.7861578725729,3.58589462040194,0.15102636610183,0.808515313225144,0.239197683032047,0.332868168745549,0.07142536427863,7692310.05983782,7.2809005574081,0.000277777777777778
4,2,0.0104196611239338,0.297844801685984,0.295454545454545,-0.0415765859355877,0.0415765859355877,0.0269478190605918,4.75927437946185,3.64456360835493,0.1321928249308,0.774699188810426,0.259672695243008,0.366224760308272,0.0664924157049516,7142859.88161419,7.10078440184051,0.000277777777777778
4,2,0.0101978220812413,0.320380690315453,0.318181818181818,0.000832128345771288,0.000832128345771288,0.0256420345248508,0.095301013389254,3.46710047860665,0.119142182230961,0.741921338481453,0.280125098895453,0.347913522292858,0.0645293520045095,6666669.78239544,6.63375217594376,0.000277777777777778
4,2,0.00922789781552497,0.343664664167946,0.340909090909091,-0.0774710376576802,0.0774710376576802,0.0282334846814923,8.54659864880501,3.72107538711657,0.111791186374498,0.710414830876105,0.30052244542188,0.380517846178215,0.0611029268841738,6250003.48007379,6.75330508049759,0.000277777777777778
4,2,0.00749183901134159,0.367714772558906,0.363636363636364,-0.0120620818648129,0.0120620818648129,0.0274249145406583,1.33017539750953,3.60153038763622,0.110810479325596,0.68043461329858,0.320831230230462,0.361491953869304,0.0593607040606201,5882356.74738811,6.43429745208653,0.000277777777777778
4,2,0.00716362177756258,0.390357039379462,0.386363636363636,-0.0326135948484243,0.0326135948484243,0.0276843485560466,3.57527107793508,3.60021742215116,0.116001820526951,0.652212973659999,0.34101776078013,0.384022060303494,0.0571727558520604,5555559.62923068,6.27546265352256,0.000277777777777778
4,2,0.00781956254249405,0.412015148201308,0.409090909090909,-0.0401277791028023,0.0401277791028023,0.0283065200833844,4.35919814639525,3.63816645836336,0.115396190314305,0.625372134492714,0.361049119474283,0.414820957288319,0.0547388642201084,5263162.21010261,6.17460662683165,0.000277777777777778
4,2,0.00771886540933164,0.434429894921247,0.431818181818182,-0.0338980859695273,0.0338980859695273,0.0285860983776915,3.65953738399519,3.63923500464495,0.107997804610241,0.59950341799859,0.380894189110249,0.439741665209444,0.0527783498897244,5000004.56256985,6.04885316468982,0.000277777777777778
4,2,0.0084269914750616,0.456035818442294,0.454545454545455,-0.0848617979471902,0.0848617979471902,0.0313998833561665,8.80364838990961,3.89745567390819,0.102278417002286,0.574642167948775,0.40052470376794,0.467754581948971,0.0512340646225134,4761909.57279195,6.18003388970029,0.000277777777777778
4,2,0.0107570741247853,0.476019785379347,0.477272727272727,-0.0303435530018827,0.0303435530018827,0.0313470668384523,3.13394142187218,3.85927996130639,0.0982577367246845,0.55082294638757,0.41991628466538,0.476034384354998,0.0492248929993101,4545459.6002703,6.04157514116265,0.000277777777777778
4,2,0.0124723351159053,0.518932623561781,0.522727272727273,-0.0367778054442001,0.0367778054442001,0.0306871155662616,3.77236096052815,3.72918413110871,0.0936428446123115,0.506322041769132,0.457910338745913,0.479621031880386,0.0475841382886677,4166672.18285744,5.74578867205557,0.000277777777777778
4,2,0.0143691946579533,0.53934981360651,0.545454545454545,-0.032587812923242,0.032587812923242,0.0307821504341106,3.32571318269377,3.70901058368797,0.0933880670132923,0.48567534303134,0.476491762628863,0.496143180771571,0.04614817144579,4000005.72386339,5.64898565248109,0.000277777777777778
4,2,0.0161602917567534,0.559872766094486,0.568181818181818,-0.055260305803567,0.055260305803567,0.0320060582025834,5.55462510143348,3.80129130957524,0.0943940482227423,0.46611127829091,0.494793459884409,0.521336021732993,0.0445251594551883,3846159.75732588,5.64535640051773,0.000277777777777778
4,2,0.0185042850990771,0.579842822338939,0.590909090909091,-0.029979353636838,0.029979353636838,0.0319047229742962,3.00134587832953,3.76129403801296,0.0965805254442519,0.447634740648578,0.512822610517903,0.525502896381926,0.0432069941979788,3703709.77942693,5.54743008488112,0.000277777777777778
4,2,0.0224969707179502,0.598164186306843,0.613636363636364,-0.0200745394484301,0.0200745394484301,0.0313132137980029,2.00669076778459,3.67356387450154,0.0996378926259128,0.430234898247444,0.530593935358624,0.499227751562829,0.0421491287042332,3571434.78860248,5.42097510927053,0.000277777777777778
4,2,0.0258323475639173,0.617142859047653,0.636363636363636,-0.0168801686451112,0.0168801686451112,0.0305915615403583,1.68581879517545,3.57417662053523,0.0942543166630853,0.413435869168226,0.548129581683022,0.474266363984688,0.0413288807307774,3448282.23070563,5.29217661568105,0.000277777777777778
4,2,0.0294040530890801,0.635885203109267,0.659090909090909,-0.0413705684448691,0.0413705684448691,0.0311305118855838,4.09886519822274,3.60041104941961,0.0899044915851561,0.397259300289073,0.565458758115179,0.500553045785453,0.0400382328984775,3333339.86044593,5.25239956843244,0.000277777777777778
4,2,0.0335727317003327,0.654030574084791,0.681818181818182,-0.0335159208289721,0.0335159208289721,0.0312497823327532,3.30412805314564,3.58559689960591,0.0876379368856642,0.381778232118902,0.582617122317303,0.519682562114181,0.0388807223327084,3225813.13625682,5.18955210019738,0.000277777777777778
4,2,0.0400828162063492,0.692148588752328,0.727272727272727,-0.100744998941268,0.100744998941268,0.034578408233083,9.45096417595084,3.84003656058487,0.089068498688022,0.353158040382921,0.616591001191339,0.540980420237953,0.0390360837506415,3030309.99690054,5.24530999412523,0.000277777777777778
4,2,0.0443110127440444,0.71023444180141,0.75,0.045821922415898,0.045821922415898,0.0351405839422237,4.26150929859778,3.86111019748551,0.0926423928464312,0.340132258006097,0.633501435600605,0.563931399226056,0.0393673359115124,2941183.54976213,5.21637467955089,0.000277777777777778
4,2,0.0488077044729056,0.728051799659326,0.772727272727273,-0.0226815131298435,0.0226815131298435,0.0345176304016047,2.10578665499061,3.77334402036077,0.0980493898299372,0.328028114597289,0.650428282243809,0.537236849460987,0.0387670150081565,2857150.02545297,5.12750073599203,0.000277777777777778
4,2,0.0537359486655937,0.745437605053414,0.795454545454545,0.00341395886294382,0.00341395886294382,0.0329624468246717,0.317099859124254,3.60053181229894,0.105078124002434,0.316880615067546,0.667423042602487,0.510375006987937,0.0384891487945522,2777785.01132174,4.99387848941237,0.000277777777777778
4,2,0.0574953716479368,0.763992231657848,0.818181818181818,-0.080111582405523,0.080111582405523,0.0353199036037142,7.24664147393778,3.78283729538088,0.114574052823524,0.306765286955345,0.684536156773314,0.534856256638541,0.0379867385495736,2702709.97663682,5.05476397548062,0.000277777777777778
4,2,0.0610778223378844,0.782723830554678,0.840909090909091,-0.0388064175885061,0.0388064175885061,0.0354942293029538,3.49060122282354,3.76822549175301,0.126074919260551,0.297730768570605,0.701815491801828,0.558113443806614,0.0370675492679177,2631586.23861458,5.01360179777912,0.000277777777777778
4,2,0.0623196620892743,0.803796040390065,0.863636363636364,-0.0355423651097637,0.0355423651097637,0.0354966360932943,3.1823643857527,3.738932436453,0.142094487310487,0.289948954507599,0.719304889878578,0.580207771616283,0.0362490296097465,2564109.84884422,4.96664699234254,0.000277777777777778
4,2,0.0652639334297752,0.82316581863634,0.886363636363636,-0.00933073236379611,0.00933073236379611,0.0341883409068194,0.835573982060699,3.59376451373338,0.162322241160268,0.283567618840233,0.737042827770974,0.551197383035469,0.0357484127928944,2500007.25663775,4.8633701670855,0.000277777777777778
4,2,0.0690143950582205,0.841729406594672,0.909090909090909,-0.069803771592424,0.069803771592424,0.0359691124410996,6.13527102592492,3.72083983934296,0.185261737374053,0.278652324766924,0.755061235260453,0.573637513883695,0.0354377843031373,2439031.60154338,4.89439213925231,0.000277777777777778
4,2,0.0691425090056936,0.863915342233976,0.931818181818182,-0.0036556438490889,0.0036556438490889,0.0343534390114991,0.321450095087371,3.55087035213018,0.216314951329995,0.275535456095077,0.773384514842362,0.544955638189511,0.034964720177247,2380959.53062304,4.7855125667722,0.000277777777777778
4,2,0.0695335668158069,0.885838334010639,0.954545454545455,-0.052034123283653,0.052034123283653,0.0352374732251068,4.53055748234439,3.59985470864089,0.25203956959378,0.274360661770012,0.792028797741508,0.567707856280035,0.0345229166022312,2325588.47101857,4.77958337876225,0.000277777777777778
4,2,0.0710622130559614,0.906623737357262,0.977272727272727,0.0188421498328553,0.0188421498328553,0.0344177070554942,1.63918084760843,3.50182101558927,0.283797489265728,0.274832503144798,0.811001462688275,0.539322463466033,0.0338618312327919,2272734.26766904,4.7082105939633,0.000277777777777778
4,2,0.0724986420286196,0.92750135797138,1,0.243101336709732,0.243101336709732,0.0448518885382061,17.5856903734385,4.20601448348173,0.379391607576224,0.280060458366369,0.830300934237294,0.562356340292732,0.0352827440936599,2222229.12029415,4.99437681128497,0.000277777777777778
4,3,0.0181818181818182,0,0,0,0,0,0,0,0,0,0,0,0.730697266205905,100000000,0,0.000127364298417894
4,3,0.0151734149316032,0.0253224528369919,0.0227272727272727,-0.123090858573973,0.123090858573973,0.00615454292869864,24.5488652589969,1.22744326294984,4.81781025407487,0.240890512703744,0.0414022291059859,0.05,0.434152838684564,50000000.1037816,12.2744326294984,0.000127364298417894
4,3,-0.0058541748838339,0.0686640922392058,0.0454545454545454,-0.0854099490066242,0.0854099490066242,0.0101173132325949,15.0024341071446,1.91619280515958,2.60294280334351,0.358993127235732,0.0833110647232283,0.0975,0.290171406166804,33333333.5305812,13.1837664553805,0.000127364298417894
4,3,-0.0281104611649347,0.113234428107083,0.0681818181818182,-0.0447375013636835,0.0447375013636835,0.0118483226391493,7.62988673396658,2.20187750159993,0.89943458172516,0.386015199960203,0.125737551428657,0.142625,0.224102386280116,25000000.4258883,11.795296525027,0.000127364298417894
4,3,-0.053443459249938,0.160881475778864,0.0909090909090909,-0.0466960400212351,0.0466960400212351,0.0135907085082536,7.7264056560797,2.47810390932392,0.487708044771341,0.39109984220076,0.168680795834317,0.18549375,0.185657172243752,20000000.7507921,10.9815183512376,0.000127364298417894
4,3,-0.0762837236282898,0.206035789743992,0.113636363636364,-0.0961707271681447,0.0961707271681447,0.0177197094412482,14.2200716381302,3.06520229576424,0.245306333579197,0.383810166769682,0.212127007715316,0.2262190625,0.156840511512223,16666667.9717493,11.5212772323863,0.000127364298417894
4,3,-0.0988903834881066,0.250956499190586,0.136363636363636,-0.0676801773254367,0.0676801773254367,0.0202177328354576,9.54536094536139,3.38921022824409,0.177876145568234,0.37351346570961,0.256048912330383,0.264908109375,0.134534457288169,14285716.2074836,11.2390034770971,0.000127364298417894
4,3,-0.127743728036013,0.30212389332527,0.159090909090909,-0.0555569753838419,0.0555569753838419,0.0219846949628768,7.60913789188473,3.60020661142613,0.129160611694749,0.361295823008867,0.300405585590246,0.30166270390625,0.119675834380772,12500002.6493355,10.7852702789455,0.000127364298417894
4,3,-0.154629356169253,0.351323571045286,0.181818181818182,-0.0680021877149035,0.0680021877149035,0.0242855696004782,8.93832258418986,3.86711241006431,0.110742701453393,0.348768166931093,0.345142748340847,0.336579568710937,0.107081721159907,11111114.4694027,10.5800538684171,0.000127364298417894
4,3,-0.18171505946786,0.40072332393067,0.204545454545455,-0.0498921846185962,0.0498921846185962,0.0255659003513841,6.42436938174218,3.99497525864821,0.11964392900842,0.337311955034959,0.390193538397818,0.369750590275391,0.0984211736867816,10000003.8582758,10.1644854197496,0.000127364298417894
4,3,-0.211471721892427,0.452794035942014,0.227272727272727,-0.0535322811759631,0.0535322811759631,0.026964219392613,6.73815626740235,4.13213430908591,0.103026497066846,0.325597682136554,0.435479759832905,0.401263060761621,0.0917180945572365,9090913.4808181,9.85300095135441,0.000127364298417894
4,3,-0.240448352808297,0.504084716444661,0.25,-0.0947769581882016,0.0947769581882016,0.0303548563323924,11.1667035868314,4.48386277297319,0.0945952161272998,0.314047558836091,0.480913589192018,0.43119990772354,0.0843326028109066,8333338.23836318,9.9624761709775,0.000127364298417894
4,3,-0.268877157219804,0.554827570442944,0.272727272727273,-0.0686987061890001,0.0686987061890001,0.0322720488252228,7.84503458075494,4.65192136336228,0.0940378685147908,0.303047074320026,0.52639969868363,0.459639912337363,0.0788846508588933,7692313.03802862,9.79959604865269,0.000127364298417894
4,3,-0.299303301848505,0.607567764658422,0.295454545454545,-0.134402021213564,0.134402021213564,0.0373785474446399,13.8132460995044,5.10998760016938,0.0971372118301319,0.292751581195531,0.571837737787615,0.486657916720495,0.0747696418926576,7142862.84207772,10.0862853379992,0.000127364298417894
4,3,-0.328991478937574,0.659569991334268,0.318181818181818,-0.0313398183192777,0.0313398183192777,0.0370766109883718,3.20597572995995,5.01478700665891,0.0873226759349843,0.282480135932504,0.61712509803861,0.497914856787138,0.0727431821096979,6666672.74939115,9.62759803079662,0.000127364298417894
4,3,-0.356417102252816,0.709309664236287,0.340909090909091,-0.0945492500060663,0.0945492500060663,0.0399502429392565,9.25339684338897,5.22671749849541,0.0924835483533161,0.272980306553544,0.662159871703869,0.523019113947781,0.0690199671648816,6250006.37835007,9.60421045658364,0.000127364298417894
4,3,-0.380983335672519,0.756189947242767,0.363636363636364,-0.106401440151268,0.106401440151268,0.0432728027998571,9.8953442856994,5.46014883785561,0.110457978963977,0.264854190174066,0.706843904367155,0.546868158250392,0.0651012048400594,5882359.47687162,9.62133597594339,0.000127364298417894
4,3,-0.405130963616505,0.80265162477353,0.386363636363636,-0.0784107961643215,0.0784107961643215,0.0450297024680803,7.10910613965031,5.54259670294535,0.141218306826761,0.258672396006701,0.751085834574473,0.569524750337872,0.0626886974508319,5555562.12155847,9.48176765170489,0.000127364298417894
4,3,-0.432958320321537,0.852793031065339,0.409090909090909,-0.126201412461554,0.126201412461554,0.049088287967754,10.7641430731549,5.80367402145582,0.200976823806291,0.25578761739668,0.794804011059934,0.591048512820979,0.0598058317692909,5263164.37703951,9.54926109493909,0.000127364298417894
4,3,-0.453121447600326,0.895270207930904,0.431818181818182,-0.0798580239128213,0.0798580239128213,0.0506267747650073,6.66183198366611,5.84658191956633,0.269279772836643,0.256462225168678,0.837929179836992,0.61149608717993,0.0584314986706424,5000006.34386802,9.40488963937544,0.000127364298417894
4,3,-0.47554688605546,0.940009695972815,0.454545454545455,-0.116016587057054,0.116016587057054,0.0538962653796097,9.258723725919,6.01718900988397,0.531319352694768,0.270205081544983,0.880406839608945,0.630921282820933,0.0572347289249888,4761910.89330798,9.39792935778228,0.000127364298417894
4,3,-0.48914419953471,0.975921059038842,0.477272727272727,-0.0703955647892398,0.0703955647892398,0.0547212303500912,5.5340038445818,5.99302975161886,3.3119658993481,0.422293122435139,0.922199174329558,0.649375218679887,0.0589095463138021,4545460.41188196,9.22229637990953,0.000127364298417894
4,3,-0.457516435187051,0.988921393864737,0.522727272727273,-0.426741844236064,0.426741844236064,0.0858633589935657,20.2273705611543,7.35323149706845,14.1670013906948,1.76240217859045,1.00366806790594,0.683561134858598,0.0645353078344459,4166672.05010734,10.1151345937149,0.000127364298417894
4,3,-0.440288146912762,0.994007155177225,0.545454545454545,-0.326010412060001,0.326010412060001,0.0978707116468875,13.8893732548187,7.68003858495596,14.1670013906948,2.38263213919567,1.04336247990744,0.699383078115668,0.0696965343133266,4000005.17092651,10.2661041401591,0.000127364298417894
4,3,-0.418707406641961,0.994740464493201,0.568181818181818,-0.378360471436829,0.378360471436829,0.111895199636385,14.3671576539955,8.01439453840793,14.1670013906948,2.97185060177063,1.08240720663492,0.714413924209884,0.0745495723168406,3846158.82091344,10.4238369676143,0.000127364298417894
4,3,-0.397767582262746,0.996114689700762,0.590909090909091,-0.333865164063814,0.333865164063814,0.122993697857756,11.7722495608302,8.20228728952905,14.1670013906948,3.53160814121684,1.1208577055207,0.72869322799939,0.0797984617997057,3703708.49682726,10.4737781747705,0.000127364298417894
4,3,-0.376008622458723,0.996669779483516,0.613636363636364,-0.327559695657559,0.327559695657559,0.133221997747746,10.8537240688756,8.33485912849637,14.1670013906948,4.06337780369073,1.15878587170506,0.742258566599421,0.0853412356777226,3571433.19589009,10.4873476709885,0.000127364298417894
4,3,-0.354232083239461,0.997207289851031,0.636363636363636,-0.30234084023194,0.30234084023194,0.141677939871956,9.55464880970954,8.39584861255703,14.1670013906948,4.56855898304094,1.19627796995691,0.75514563826945,0.0907216340779928,3448280.32950031,10.4551856412892,0.000127364298417894
4,3,-0.33191711074652,0.997206366944867,0.659090909090909,-0.331185637560443,0.331185637560443,0.15115332475638,9.94061887153693,8.47308712550602,14.1670013906948,5.04848110342363,1.23343210329133,0.767388356355977,0.0956537184534226,3333337.65420319,10.4380334156308,0.000127364298417894
4,3,-0.310158070873131,0.997761376658255,0.681818181818182,-0.280272731132249,0.280272731132249,0.157609295075174,8.13350405152575,8.45610797180701,14.1670013906948,5.50440711778719,1.27035530525108,0.779018938538178,0.100946722975758,3225810.63537684,10.3636937587242,0.000127364298417894
4,3,-0.287549075042062,0.997466430413963,0.704545454545455,-0.339875453463795,0.339875453463795,0.166722602994605,9.42009895472882,8.5043075209531,14.1670013906948,5.93753683143257,1.30716035666589,0.79006799161127,0.105564186222178,3125004.05522715,10.3342064210993,0.000127364298417894
4,3,-0.265518891285937,0.997750296244615,0.727272727272727,-0.317055948754061,0.317055948754061,0.174239270282577,8.47072461397155,8.50262837560402,14.1670013906948,6.34901005939568,1.34396243759613,0.800564592030706,0.110213536443641,3030306.96478349,10.2777372754288,0.000127364298417894
4,3,-0.243359621950586,0.997905076496041,0.75,-0.30713900139884,0.30713900139884,0.180884256838391,7.94644430206197,8.47481917192692,14.1670013906948,6.73990962596064,1.38087573070807,0.810536362429171,0.114743668592996,2941180.29142476,10.2091698350357,0.000127364298417894
4,3,-0.22101790681586,0.997877410948092,0.772727272727273,-0.323987838266691,0.323987838266691,0.188039435909806,8.10632667890357,8.45639454727575,14.1670013906948,7.11126421419734,1.41801009330431,0.820009544307712,0.118989042818525,2857146.57082938,10.1490886020033,0.000127364298417894
4,3,-0.198950178709736,0.998123732428744,0.795454545454545,-0.29411463869181,0.29411463869181,0.193343196048906,7.17077770876817,8.39211370535037,14.1670013906948,7.46405107302222,1.45546791162517,0.829009067092327,0.12304838788718,2777781.39026708,10.0663577438579,0.000127364298417894
4,3,-0.176582546147663,0.998070149453448,0.818181818181818,-0.311515071956963,0.311515071956963,0.199251789844309,7.3884963407348,8.34193283711959,14.1670013906948,7.79919858890584,1.49334124302019,0.83755861373771,0.126876762216488,2702706.21946491,9.99398311134105,0.000127364298417894
4,3,-0.154158633452769,0.997960286345331,0.840909090909091,-0.340972112814851,0.340972112814851,0.206337805992836,7.83868111398267,8.31677025096275,14.1670013906948,8.11758872899529,1.53170933952237,0.845680683050825,0.130333896068988,2631582.37344179,9.93726463772636,0.000127364298417894
4,3,-0.131760556200935,0.997876258680274,0.863636363636364,-0.3693468082574,0.3693468082574,0.214488256106064,8.20434836903605,8.31114915686641,14.1670013906948,8.42005936208027,1.57063663077181,0.853396648898284,0.133507998419506,2564105.90413781,9.89283088724712,0.000127364298417894
4,3,-0.110119974042703,0.998549726108819,0.886363636363636,-0.253895060397679,0.253895060397679,0.216458596320645,5.5548870560977,8.17333605182798,14.1670013906948,8.70740646351099,1.61017122580359,0.86072681645337,0.136680292280863,2500003.25829903,9.78438229146838,0.000127364298417894
4,3,-0.0874454381593716,0.998189239812264,0.909090909090909,-0.324533994691734,0.324533994691734,0.221862366239199,6.93118484819405,8.11122849164628,14.1670013906948,8.98038620987018,1.65034397272858,0.867690475630701,0.139535079086417,2439027.57079385,9.71479210992511,0.000127364298417894
4,3,-0.065332921780719,0.998390773020388,0.931818181818182,-0.292571230943805,0.292571230943805,0.225397809474429,6.13297165417501,8.01231564977271,14.1670013906948,9.23971696891141,1.69116809366482,0.874305951849166,0.142049629688716,2380955.48745558,9.62951067050248,0.000127364298417894
4,3,-0.0431766910413721,0.998548591867818,0.954545454545455,-0.266165084737442,0.266165084737442,0.22743617323758,5.49723596877511,7.88656166572283,14.1670013906948,9.48608119000058,1.73263939033464,0.880590654256708,0.144131921389391,2325584.43124932,9.53341125883441,0.000127364298417894
4,3,-0.0209463439084224,0.998632294321646,0.977272727272727,-0.252435734570589,0.252435734570589,0.228686151304231,5.14673539945318,7.74957035240935,14.1670013906948,9.72012720003529,1.77473699444247,0.886561121543872,0.145402563769538,2272730.24123426,9.43371408021211,0.000127364298417894
4,3,0.000329174501287999,0.999670825498712,1,-0.0599050776450349,0.0599050776450349,0.220247097621271,1.22106249607179,7.42314495959247,14.1670013906948,9.94247090956827,1.81742461716732,0.892233065466679,0.142531776133173,2222225.12633098,9.25121071167565,0.000127364298417894
6,1,0.0181818181818182,0,0,0,0,0,0,0,0,0,0,0,0.730946403860059,100000000,0,0.000277777777777778
6,1,0.0050628906051294,0.0354329771634656,0.0227272727272727,0.216288953248376,0.216288953248376,0.0108144476624188,28.7059157572102,1.43529578786051,15.6059672330462,0.780298361652308,0.0198071616339543,0.05,0.369803095658969,50000000.032039,14.3529578786051,0.000277777777777778
6,1,0.00397804129108796,0.0588318760642839,0.0454545454545454,-0.0398907983529879,0.0398907983529879,0.0122682651969472,5.22418175734488,1.62474008633473,3.6528825969595,0.923927573417668,0.0397474467588889,0.0975,0.246553221107775,33333333.4459448,11.3100325048517,0.000277777777777778
6,1,0.00517967467723228,0.0799442922649165,0.0681818181818182,0.0138719291073386,0.0138719291073386,0.0123484483924668,1.8146106769979,1.63423361586789,2.23321635104499,0.989392012299033,0.0597992421129188,0.092625,0.193551063647723,25000000.1964048,8.93617704788825,0.000277777777777778
6,1,0.00441275135297041,0.103025265175955,0.0909090909090909,-0.025545548765169,0.025545548765169,0.0130083034111019,3.32479842610658,1.71876185637982,1.01428587129288,0.990636705248726,0.0799409173750684,0.100771501043972,0.158857721259785,20000000.3543069,7.81390132353192,0.000277777777777778
6,1,0.00410486744538377,0.125647198670319,0.113636363636364,-0.00130764671902384,0.00130764671902384,0.012423270576498,0.170275228636341,1.64133752499265,0.784975986500062,0.980353669311292,0.100151282668022,0.0957329259917739,0.138301628762029,16666667.1742431,6.53996364104932,0.000277777777777778
6,1,0.0044950838395883,0.147571031862891,0.136363636363636,-0.034250864875343,0.034250864875343,0.0135146502914403,4.4184367202355,1.78019248475479,0.592276543875355,0.960949813039495,0.12040993333511,0.137996928807709,0.120204251643979,14285714.9619799,6.23688836664735,0.000277777777777778
6,1,0.00582954032433802,0.168550624964918,0.159090909090909,-0.052128121184726,0.052128121184726,0.0154453238361046,6.58071370810068,2.02021854592209,0.437133530528218,0.934758998913932,0.140697478930477,0.181097082367323,0.106105001193176,12500000.8776862,6.27986653432901,0.000277777777777778
6,1,0.00626680916223579,0.190427405713797,0.181818181818182,-0.0766081318349405,0.0766081318349405,0.0185034642360464,9.25249977189222,2.38183260722059,0.304928808225441,0.903267489379507,0.160995660280025,0.222042228248957,0.0971065462189766,11111112.2556604,6.61015911628048,0.000277777777777778
6,1,0.00637716981895206,0.212631094643858,0.204545454545455,-0.0254696842784985,0.0254696842784985,0.018851775238169,3.06321761507434,2.41590185761328,0.234774423013327,0.869842836061198,0.181287364921499,0.223419188799102,0.0885093161789244,10000001.4560352,6.25546496615987,0.000277777777777778
6,1,0.00811858256276832,0.233203731486818,0.227272727272727,-0.00778702519329766,0.00778702519329766,0.0182985377359254,0.936596556936277,2.34193659257943,0.202331802911868,0.836467284403731,0.201556556892886,0.212248229359147,0.0828752542564533,9090910.86388439,5.77193147441227,0.000277777777777778
6,1,0.00804138007052485,0.255594983565839,0.25,-0.0491288097419473,0.0491288097419473,0.0198400513362265,5.8113150888483,2.51540551739287,0.172497382355635,0.803268789301327,0.221788141429812,0.251635817891189,0.0763025077046486,8333335.44165981,5.77521344228194,0.000277777777777778
6,1,0.00919616939492884,0.276754243828212,0.272727272727273,-0.0505787754054197,0.0505787754054197,0.0213769875396861,5.88138341660675,2.68370441235357,0.14973217068433,0.770591958370477,0.241967788431096,0.28905402699663,0.0706432121653441,7692310.15219301,5.78338036338385,0.000277777777777778
6,1,0.00957475586822537,0.298689706941692,0.295454545454545,-0.044741268181939,0.044741268181939,0.0225452015717988,5.13607820406501,2.80632310193914,0.131594283825233,0.738642074643215,0.262081740399821,0.324601325646798,0.0658044681420745,7142859.96983025,5.73714449486107,0.000277777777777778
6,1,0.0095664537843409,0.321012058612353,0.318181818181818,-0.0705356328926841,0.0705356328926841,0.0249447231378431,7.84776641114712,3.05839526739954,0.118834157713957,0.707651678796752,0.282116630881401,0.358371259364458,0.0622737085640907,6666669.86618082,5.87785262261348,0.000277777777777778
6,1,0.0110872143446595,0.341805347638812,0.340909090909091,-0.0464474360471798,0.0464474360471798,0.0260198587833099,5.10255779495205,3.16060339377716,0.112151597719711,0.677876674742899,0.302059338193863,0.390452696396235,0.0584657435467626,6250003.55682593,5.82939669588464,0.000277777777777778
6,1,0.0120105936971289,0.363196017873119,0.363636363636364,-0.0403327117084364,0.0403327117084364,0.0267355014295662,4.39010518442009,3.22207848330931,0.11048806829439,0.649507244420474,0.321896896550207,0.420930061576424,0.0554033168664688,5882356.82117446,5.7447324893279,0.000277777777777778
6,1,0.0123281503743698,0.385192510782655,0.386363636363636,-0.0361374735475346,0.0361374735475346,0.0272056000354646,3.90530742061929,3.25623993017481,0.114297908337832,0.622746777616342,0.341616482653455,0.449883558497602,0.0529963986265644,5555559.70605735,5.64254220773298,0.000277777777777778
6,1,0.0153322038347386,0.404502506909063,0.409090909090909,-0.0337957750278801,0.0337957750278801,0.0275351087850854,3.62991862945866,3.274923865139,0.118217748812259,0.597520326176138,0.361205490713929,0.4726483373754,0.0506377875906178,5263162.27199995,5.5366146509817,0.000277777777777778
6,1,0.0151338782364797,0.427014882094099,0.431818181818182,-0.0204031735665624,0.0204031735665624,0.0271785120241593,2.18729859486671,3.22054260162539,0.110288752996791,0.57315874751717,0.380651702864298,0.44901592050663,0.049328563314966,5000004.61175534,5.36914884817595,0.000277777777777778
6,1,0.0135403294032766,0.450922480514079,0.454545454545455,-0.0410781116384467,0.0410781116384467,0.0278734920048736,4.36378303909744,3.27770462349899,0.103510353377419,0.549676327810183,0.399943555443206,0.476565124481298,0.0477291357528946,4761909.6140941,5.32127428583888,0.000277777777777778
6,1,0.0137937612344004,0.472983098269732,0.477272727272727,0.0161213845694634,0.0161213845694634,0.0272858866331031,1.71094354514492,3.19936656958128,0.0987965596887086,0.527132339404109,0.41907049492399,0.452736868257233,0.0478106425814553,4545459.63717209,5.15716834308006,0.000277777777777778
6,1,0.0170116755161052,0.514393283161581,0.522727272727273,0.0181192254061733,0.0181192254061733,0.0269640039201794,1.91160031313945,3.13434317018335,0.0938714216362877,0.48497765162883,0.45679512619053,0.437987146712012,0.046624971320532,4166672.21319885,4.93980417444917,0.000277777777777778
6,1,0.0202473666598003,0.533471641604663,0.545454545454545,-0.0573779281243052,0.0573779281243052,0.0284847001303857,5.94835732444846,3.27504387789661,0.0933333920598385,0.465395438650381,0.475380923597371,0.466087789376412,0.0449076772355117,4000005.75324205,4.98014630044914,0.000277777777777778
6,1,0.0202453869424279,0.555787670908812,0.568181818181818,-0.0188804834663063,0.0188804834663063,0.0280044892971818,1.95457071469976,3.20902021973676,0.0940896292882362,0.446830148182273,0.493779075489878,0.442783399907591,0.0440163122707096,3846159.78689289,4.86377800868955,0.000277777777777778
6,1,0.0215821507892091,0.576764956648807,0.590909090909091,-0.0427424437756341,0.0427424437756341,0.0287413870211044,4.38429957026749,3.2677841872633,0.0961690096894443,0.429297091257632,0.511991351322252,0.470644229912211,0.0426007449268586,3703709.80953983,4.84601954800725,0.000277777777777778
6,1,0.0232432499577869,0.597417907067006,0.613636363636364,-0.0136914374911035,0.0136914374911035,0.0279888895446043,1.40371481447437,3.17458071862385,0.0994935822622532,0.412806915807863,0.53002346773089,0.447112018416601,0.0418780706320534,3571434.81815982,4.72308009323822,0.000277777777777778
6,1,0.0270167199125494,0.615958486699021,0.636363636363636,-0.0116282137448036,0.0116282137448036,0.0271708557546143,1.19193171806627,3.07544826859597,0.0945967551184565,0.396896407773393,0.547885450981496,0.424756417495771,0.0411761821307491,3448282.25791938,4.60131635616332,0.000277777777777778
6,1,0.0296724242675785,0.635616831930768,0.659090909090909,-0.0981843102955589,0.0981843102955589,0.0307215284816615,9.59460590833929,3.40140615058314,0.0899409471126419,0.381548634740355,0.565591882336434,0.453518596620982,0.0408780801123638,3333339.88660228,4.76775934123586,0.000277777777777778
6,1,0.0334372023445123,0.654166103440612,0.681818181818182,-0.0610551312433261,0.0610551312433261,0.0322382086197447,5.86572355518787,3.52462202081337,0.0876259097064116,0.366852498488658,0.583162000803611,0.480842666789933,0.0401598709420027,3225813.16161994,4.80317754168592,0.000277777777777778
6,1,0.037030213557556,0.672887141814345,0.704545454545455,-0.0668335403655838,0.0668335403655838,0.0339679752070367,6.29549247137693,3.66316554334155,0.0872934841526594,0.352874547771858,0.600619642911851,0.506800533450437,0.0395120242274897,3125006.85830709,4.84981238323877,0.000277777777777778
6,1,0.040933700058274,0.691297704900404,0.727272727272727,-0.0106243667388806,0.0106243667388806,0.0328007947836289,1.00077847605586,3.53004618997727,0.088929548947419,0.339677297830636,0.617993005590499,0.481460506777915,0.0387946718638018,3030310.02153585,4.73317499211201,0.000277777777777778
6,1,0.0454052157655261,0.709140238779928,0.75,0.017096193610731,0.017096193610731,0.032015564724984,1.60912063551391,3.4339999122541,0.0923833459069753,0.327312600234453,0.6353142256396,0.457387481439019,0.0387716069574742,2941183.57456309,4.64129104044736,0.000277777777777778
6,1,0.0497929599588529,0.727066544173378,0.772727272727273,-0.0407905354547529,0.0407905354547529,0.0324543132614724,3.81316232882185,3.45295803308249,0.0977218495239469,0.315833062698928,0.652618777336485,0.484518107367068,0.0378027697015253,2857150.05052203,4.6176302201152,0.000277777777777778
6,1,0.0532698029472043,0.745903750771804,0.795454545454545,-0.00295090910695039,0.00295090910695039,0.0309791430537463,0.275983066667763,3.29410928476175,0.105290589691922,0.305305939048578,0.669944698073325,0.460292201998715,0.03745909402438,2777785.035161,4.49702891029722,0.000277777777777778
6,1,0.0583869256267772,0.763100677679008,0.818181818181818,-0.00919947925257336,0.00919947925257336,0.0298901598636877,0.860490853843908,3.17242836321586,0.11400502135713,0.295740893164005,0.687331660175658,0.437277591898779,0.0369783842057319,2702710.00100917,4.39874409796064,0.000277777777777778
6,1,0.0608034141143553,0.782998238778207,0.840909090909091,-0.061759268181266,0.061759268181266,0.0314836152795666,5.68548135483444,3.29808101279679,0.126292345337695,0.28726846577269,0.704819914828922,0.46541371230384,0.036239683880666,2631586.2619862,4.43260560472048,0.000277777777777778
6,1,0.063773861780461,0.802341840698878,0.863636363636364,-0.0101051009077291,0.0101051009077291,0.0304146895609747,0.930325629404311,3.17969324362716,0.140648549496554,0.279937469958883,0.722449140967731,0.442143026688648,0.0357112399919481,2564109.8734717,4.34280355407135,0.000277777777777778
6,1,0.0656948373295307,0.822734914736585,0.886363636363636,-0.0489549824953421,0.0489549824953421,0.0313417042076931,4.46413546852855,3.24391535487223,0.161965174939231,0.2740388552079,0.740257237722549,0.470035875354215,0.0349284125552874,2500007.28098907,4.34583685193278,0.000277777777777778
6,1,0.0677288372933543,0.843014964359538,0.909090909090909,0.025410718676484,0.025410718676484,0.0310451549311326,2.31212178998653,3.19732567662795,0.186686186932367,0.269671221794124,0.758279103279638,0.45878100550967,0.0349552533194629,2439031.62429623,4.29623404554384,0.000277777777777778
6,1,0.0692505095331344,0.863807341706535,0.931818181818182,-0.0249775208974992,0.0249775208974992,0.030741773229451,2.26798672756585,3.15085872917484,0.216177307433714,0.266996526076103,0.776545445563759,0.446383376090482,0.0343217415697821,2380959.55290424,4.24794244273484,0.000277777777777778
6,1,0.0725834387367865,0.88278846208966,0.954545454545455,0.0422522279474609,0.0422522279474609,0.0313172959653514,3.8105000772532,3.18384079657876,0.246246311187425,0.265959015331669,0.795081670843024,0.474064207285958,0.0342956135342478,2325588.49495239,4.23776936446783,0.000277777777777778
6,1,0.0752115840649412,0.902474366348282,0.977272727272727,-0.000765116419882972,0.000765116419882972,0.029789686988078,0.0690360769133339,3.02810056059549,0.277997620347236,0.266560945582448,0.813906895106283,0.45036099692166,0.0337994301496115,2272734.29272967,4.14302542611432,0.000277777777777778
6,1,0.0756684939911322,0.924331506008868,1,0.240247246000316,0.240247246000316,0.0403125649386899,17.885847187998,3.77098789196562,0.356680948556079,0.271066945731129,0.833033119885611,0.477842947075577,0.035157686328033,2222229.14852737,4.44842146526729,0.000277777777777778
6,2,0.0181818181818182,0,0,0,0,0,0,0,0,0,0,0,0.730824621674789,100000000,0,0.000126533079665971
6,2,0.00661686720118679,0.0338790005674082,0.0227272727272727,-0.0597392857712862,0.0597392857712862,0.00298696428856431,16.2236916204019,0.811184581020096,7.15819761367478,0.357909880683739,0.0425991701994323,0.05,0.382496878812601,50000000.06985,8.11184581020096,0.000126533079665971
6,2,-0.013050363530522,0.0758602808858939,0.0454545454545454,-0.133030271067891,0.133030271067891,0.00948912962753064,23.8001196381867,1.96063133387843,2.30896208102217,0.45546249070066,0.0855175960166676,0.0975,0.266815703100444,33333333.524265,13.3412704195296,0.000126533079665971
6,2,-0.0397292485870609,0.12485321552921,0.0681818181818182,-0.0415140988554121,0.0415140988554121,0.0110903780889247,7.23386462405254,2.22429299838713,0.789744313078087,0.472176581819532,0.128746974405701,0.142625,0.20838762030662,25000000.4597569,11.8144189706603,0.000126533079665971
6,2,-0.0650841173356619,0.172522133864587,0.0909090909090909,-0.0487537322147955,0.0487537322147955,0.0129735457952183,8.20829848803895,2.52349327286972,0.410155827634407,0.469075544110276,0.172275941198944,0.18549375,0.173356733576671,20000000.8554251,11.093194874136,0.000126533079665971
6,2,-0.0880671709329586,0.217819237048661,0.113636363636364,-0.0694931830084848,0.0694931830084848,0.0157995276558816,10.9778968212583,2.94621345028915,0.225819912124999,0.456912762511012,0.216089424513796,0.2262190625,0.145975780180565,16666668.1175721,11.0739785319897,0.000126533079665971
6,2,-0.11271431954369,0.26478043524617,0.136363636363636,-0.0334351466398632,0.0334351466398632,0.0166813086050807,5.21214742914708,3.05951014923205,0.161967562583969,0.44216550251466,0.260167964352041,0.258747269374462,0.129778592150322,14285716.4113584,10.2365740887265,0.000126533079665971
6,2,-0.139804647198175,0.314184812487431,0.159090909090909,-0.0584320146131732,0.0584320146131732,0.0187688439054853,8.75702158864238,3.34438572120256,0.122095572807501,0.426162006029302,0.304487057365236,0.295809905905738,0.115559992392299,12500002.8837267,10.051630026216,0.000126533079665971
6,2,-0.163963592787574,0.360657807663607,0.181818181818182,-0.0483579749376375,0.0483579749376375,0.0202483004570929,7.0674758408828,3.53054022718658,0.110409540998613,0.410374382777767,0.349016588179627,0.331019410610452,0.104696801133486,11111114.680778,9.72005733895674,0.000126533079665971
6,2,-0.193281072077007,0.412289336539817,0.204545454545455,-0.0606242915850461,0.0606242915850461,0.0222671000134906,8.53559255195437,3.78079284342497,0.115269473521691,0.395619137314963,0.393720407648267,0.364468440079929,0.0957730445778828,10000004.0802326,9.60161086025651,0.000126533079665971
6,2,-0.218635867772356,0.459958181821943,0.227272727272727,-0.0469873295597214,0.0469873295597214,0.0235031114908021,6.47849844985027,3.91567812374623,0.101392345275185,0.380907797712974,0.438556113913224,0.396245018075932,0.0891454967099843,9090913.69681847,9.31769155021958,0.000126533079665971
6,2,-0.250275049064016,0.513911412700379,0.25,-0.0667013375393299,0.0667013375393299,0.0256630227932285,8.83482788742759,4.1616356119303,0.0938932310794281,0.366557069381297,0.483475084376541,0.426432767172136,0.0831894639975117,8333338.44294985,9.27745291165358,0.000126533079665971
6,2,-0.274649838103291,0.560600251326432,0.272727272727273,0.0213461791923644,0.0213461791923644,0.0254471806131853,2.81754101666134,4.09443088216685,0.0944485606173408,0.352951643943099,0.528422795920555,0.405111128813529,0.0828604943401881,7692313.22332093,8.78053661203879,0.000126533079665971
6,2,-0.302017638163036,0.610282100972953,0.295454545454545,-0.112853186329983,0.112853186329983,0.0298174808990252,13.4811379240118,4.5637662342591,0.0962852953816314,0.340118326515026,0.57333945746352,0.434855572372853,0.0773739206567079,7142863.02064099,9.11629384860829,0.000126533079665971
6,2,-0.324894972822812,0.655473485219507,0.318181818181818,-0.116830430640166,0.116830430640166,0.0341681283860822,12.77341792587,4.97424881883964,0.0875304344564829,0.327488931912099,0.618160963792694,0.46311279375421,0.0736533558643509,6666672.91423811,9.36010212042574,0.000126533079665971
6,2,-0.349613571225894,0.702506133209365,0.340909090909091,-0.0958553590181008,0.0958553590181008,0.0372524899176831,9.95254982212445,5.22316386900388,0.0909135073005859,0.315660160681523,0.66282016329393,0.489957154066499,0.0693127508279512,6250006.54456483,9.39713010178191,0.000126533079665971
6,2,-0.374341749168006,0.749548360738254,0.363636363636364,-0.0989322775626924,0.0989322775626924,0.0403364792999336,9.77395349939929,5.45070335052365,0.107076395084381,0.305230972401666,0.707248415473801,0.515459296363174,0.0652542845252002,5882359.65012728,9.41929618399469,0.000126533079665971
6,2,-0.401219800891163,0.798740462048187,0.386363636363636,-0.0852702716788412,0.0852702716788412,0.0425831689188789,8.14412825719813,5.58537459585738,0.137642103870755,0.29685152897512,0.75137739786018,0.539686331545016,0.0625635322561066,5555562.29541014,9.34845352139488,0.000126533079665971
6,2,-0.428957109176938,0.84879181992074,0.409090909090909,-0.0858995556409639,0.0858995556409639,0.0447489882549832,7.94504305810405,5.70335801896971,0.194862453751553,0.291752075213942,0.795141106777669,0.562702014967765,0.0606519687203423,5263164.54995829,9.27458981280063,0.000126533079665971
6,2,-0.454416097372469,0.896564857703047,0.431818181818182,-0.0943222665120591,0.0943222665120591,0.047227652167837,8.4138198112004,5.83888110858124,0.271385609852529,0.290733751945871,0.838477983390403,0.584566914219377,0.0590883567621434,5000006.50670006,9.23155131272062,0.000126533079665971
6,2,-0.477278834288101,0.941741644205456,0.454545454545455,-0.082191211912551,0.082191211912551,0.0489758301550727,7.1456372543146,5.90421891586791,0.542513912596103,0.303322759978383,0.881333085971611,0.605338568508408,0.0585811621727609,4761911.04653676,9.13222207184414,0.000126533079665971
6,2,-0.491081396760588,0.97785825626472,0.477272727272727,-0.208871578570423,0.208871578570423,0.0569706175758402,15.75334064737,6.39667500244301,11.6306242245653,0.869687833207727,0.923660222169736,0.625071640082987,0.0606085606244785,4545460.54832963,9.43318200709531,0.000126533079665971
6,2,-0.480425140161555,0.989516049252464,0.5,-0.330931330184346,0.330931330184346,0.0706686532062655,19.59795248788,7.05673887671486,14.1670013906948,1.53455351108208,0.965423951526815,0.643818058078838,0.0642133041487564,4347831.83190602,9.87512854973813,0.000126533079665971
6,2,-0.462464222369686,0.993869181047372,0.522727272727273,-0.290641234955035,0.290641234955035,0.081667282293704,15.1235256451677,7.46007821513751,14.1670013906948,2.16617590506272,1.00660136893554,0.661627155174896,0.0694391127500929,4166672.17518437,10.0938117620477,0.000126533079665971
6,2,-0.441409182331299,0.995128190595762,0.545454545454545,-0.304264823796698,0.304264823796698,0.0927971593688537,14.1628487336613,7.79521674106369,14.1670013906948,2.76621717934432,1.04718358418932,0.678545797416151,0.0747796372001876,4000005.29100046,10.2565732409122,0.000126533079665971
6,2,-0.419274898527385,0.995307956378625,0.568181818181818,-0.375635416223126,0.375635416223126,0.106939072211567,15.3075585094534,8.17083382948318,14.1670013906948,3.33625638991184,1.08717682119317,0.694618507545344,0.0794044465523015,3846158.93636916,10.4508419050869,0.000126533079665971
6,2,-0.397551703857175,0.995898811295191,0.590909090909091,-0.39906830581399,0.39906830581399,0.121545533891688,14.4678665900288,8.48568546751046,14.1670013906948,3.87779363995099,1.12660307248989,0.709887582168077,0.0838974128401025,3703708.60800684,10.5996205971218,0.000126533079665971
6,2,-0.376488917713441,0.997150074738235,0.613636363636364,-0.304121403052496,0.304121403052496,0.130674327349729,10.4156342364129,8.58218290595558,14.1670013906948,4.39225402748818,1.16550026007008,0.724393203059673,0.0894959277428541,3571433.30309897,10.5930496556679,0.000126533079665971
6,2,-0.35382736510417,0.99680257171574,0.636363636363636,-0.383970677463134,0.383970677463134,0.143339144855399,12.1474667639621,8.76044709885591,14.1670013906948,4.88099139564851,1.20392187137961,0.738173542906689,0.0942354802248105,3448280.43301234,10.6466502456091,0.000126533079665971
6,2,-0.332179524558327,0.997468780756674,0.659090909090909,-0.324248452474744,0.324248452474744,0.152384610236366,9.76194152882714,8.81052182035447,14.1670013906948,5.34529189540083,1.24193605928657,0.751264865761355,0.0992882102658892,3333337.75426481,10.6171599550497,0.000126533079665971
6,2,-0.309982213716299,0.997585519501423,0.681818181818182,-0.327233233068414,0.327233233068414,0.161127041377969,9.41020149742455,8.84050580420797,14.1670013906948,5.78637737016552,1.27962421569971,0.763701622473287,0.104218377257735,3225810.73221068,10.5782258112553,0.000126533079665971
6,2,-0.265508070924477,0.997739475883155,0.727272727272727,-0.328923834953174,0.328923834953174,0.174192011156878,8.84688173324876,8.76611677162892,14.1670013906948,6.60348821216713,1.35440222112328,0.786740714282141,0.113805298484499,3030307.05574861,10.4254421601732,0.000126533079665971
6,2,-0.243209089724666,0.997754544270121,0.75,-0.341704611460836,0.341704611460836,0.182567641172076,8.82953235141306,8.76928755061813,14.1670013906948,6.98166387109351,1.39170160054958,0.797403678568034,0.118037518606966,2941180.37971443,10.3785036363862,0.000126533079665971
6,2,-0.22110950553299,0.997969009665222,0.772727272727273,-0.318985014279427,0.318985014279427,0.189388509827444,7.97971724422579,8.72980903529851,14.1670013906948,7.34093074707358,1.42908824065732,0.807533494639633,0.122223655346467,2857146.65659649,10.3099668823245,0.000126533079665971
6,2,-0.19888046651067,0.998054020229678,0.795454545454545,-0.314070065342758,0.314070065342758,0.195622587603209,7.62854294380718,8.67474573072395,14.1670013906948,7.68223427925464,1.46667316012412,0.817156819907651,0.126139338115105,2777781.47365177,10.2354828840323,0.000126533079665971
6,2,-0.17659193755188,0.998079540857665,0.818181818181818,-0.318197746792116,0.318197746792116,0.201751345562655,7.51136116014213,8.61657650219485,14.1670013906948,8.00647263482664,1.50456404832871,0.826298978912268,0.129850664186426,2702706.30059595,10.1618579725758,0.000126533079665971
6,2,-0.15423859179098,0.998040244683542,0.840909090909091,-0.334175701607387,0.334175701607387,0.208372563364891,7.65758555876031,8.56862695502313,14.1670013906948,8.31449907262005,1.54286200555179,0.834984029966655,0.133237776703364,2631582.45243781,10.0959560669491,0.000126533079665971
6,2,-0.131895005480609,0.998010707959948,0.863636363636364,-0.349756099295931,0.349756099295931,0.215441740161443,7.77262777321304,8.52882699593262,14.1670013906948,8.60712418852379,1.58165843378706,0.843234828468322,0.136372704704093,2564105.98110829,10.0363835465969,0.000126533079665971
6,2,-0.109892048581792,0.998321800647907,0.886363636363636,-0.299482765046975,0.299482765046975,0.21964379140572,6.51584837382843,8.42817806482741,14.1670013906948,8.88511804863234,1.62103218949737,0.851073087044906,0.139480234429282,2500003.33334525,9.94837016727768,0.000126533079665971
6,2,-0.0873890171217895,0.998132818774682,0.909090909090909,-0.34165039346595,0.34165039346595,0.225744121508731,7.23949835607883,8.36874407938998,14.1670013906948,9.14921221573546,1.66104710136994,0.858519432692661,0.142138489450497,2439027.64400967,9.8823001231021,0.000126533079665971
6,2,-0.0651916278738822,0.998249479113552,0.931818181818182,-0.326570616077836,0.326570616077836,0.230785446237187,6.76322735075992,8.28846824295848,14.1670013906948,9.40010167448343,1.70174994368411,0.865593461058028,0.144599149211632,2380955.55892817,9.80803648566538,0.000126533079665971
6,2,-0.0433199029400714,0.998691803766518,0.954545454545455,-0.244491323313201,0.244491323313201,0.231470740090987,5.00213198627374,8.12415143012424,14.1670013906948,9.638446660294,1.74316893978869,0.872313788005126,0.146629990700486,2325584.50105976,9.69627126474929,0.000126533079665971
6,2,-0.0208990177294548,0.998584968142678,0.977272727272727,-0.266326562566605,0.266326562566605,0.233213531214768,5.37234493692935,7.9865611054645,14.1670013906948,9.86487439681404,1.78531285103319,0.87869809860487,0.147850877749422,2272730.3094581,9.5980002118443,0.000126533079665971
6,2,0.000253210225057088,0.999746789774943,1,-0.0468966361517067,0.0468966361517067,0.223897686461615,0.946049624615682,7.63453553142206,14.1670013906948,10.0799807465081,1.82817068508086,0.884763193674627,0.144919994837237,2222225.19303873,9.40573464323922,0.000126533079665971
6,3,0.0181818181818182,0,0,0,0,0,0,0,0,0,0,0,0.730826658976063,100000000,0,0.000127257106122513
6,3,0.00300487973567902,0.037490988032916,0.0227272727272727,-0.0503073364498312,0.0503073364498312,0.00251536682249156,14.217223718116,0.7108611859058,5.82357936915567,0.291178968457783,0.0419090369989101,0.05,0.367327869900158,50000000.0858578,7.108611859058,0.000127257106122513
6,3,-0.0216722787904441,0.084482196145816,0.0454545454545454,-0.103386347251271,0.103386347251271,0.00755891584393052,21.4657895742828,1.74860760532465,1.79499253067997,0.366369646568893,0.0843065309504917,0.0975,0.24814547992707,33333333.5762737,11.8943377641329,0.000127257106122513
6,3,-0.0447665896564232,0.129890556598572,0.0681818181818182,-0.109434019437904,0.109434019437904,0.0126526710236292,18.4583058675546,2.58409251843615,0.734829965697668,0.384792662525331,0.127196875187242,0.142625,0.190747151846732,25000000.52242,13.5353297899884,0.000127257106122513
6,3,-0.0725690169484035,0.180007033477329,0.0909090909090909,-0.0723175993914262,0.0723175993914262,0.0156359174420191,11.3855157606286,3.02416368054577,0.362295328448418,0.383667795821486,0.170573024609015,0.18549375,0.154938529797689,20000000.9699718,13.1053669841164,0.000127257106122513
6,3,-0.0999948263014066,0.229746892417109,0.113636363636364,-0.0908576725809698,0.0908576725809698,0.0193970051989666,13.0384585528567,3.52487842416132,0.206945960523412,0.374831704056582,0.214415658315111,0.2262190625,0.129640049509089,16666668.2803398,13.0942155789065,0.000127257106122513
6,3,-0.125840881502074,0.277906997204553,0.136363636363636,-0.0812109659153832,0.0812109659153832,0.0224877032347874,10.9399700478662,3.89563300534656,0.148468882476956,0.363513562977601,0.258692701200919,0.264908109375,0.111500184487909,14285716.6310652,12.7864662173293,0.000127257106122513
6,3,-0.150616519333528,0.324996684622784,0.159090909090909,-0.0307262102202794,0.0307262102202794,0.022899628584062,4.10615446009264,3.90615907808386,0.117169533697553,0.351196361513598,0.303359254101159,0.284836759891602,0.101633758871026,12500003.1190123,11.7014272476747,0.000127257106122513
6,3,-0.175178405175133,0.371872620051166,0.181818181818182,-0.0577710761206736,0.0577710761206736,0.0246432009608926,7.5036061498751,4.08603143167342,0.111338316677201,0.339203459271778,0.348357966938894,0.320594921897022,0.0921694754955247,11111114.8815258,11.2350026812525,0.000127257106122513
6,3,-0.201968540297034,0.420976804759844,0.204545454545455,-0.0502535296121369,0.0502535296121369,0.0259237173934548,6.39550414922199,4.20150506755085,0.112227741366654,0.327854673376522,0.393619872005171,0.354565175802171,0.0853190163435078,10000004.2844185,10.7510528280495,0.000127257106122513
6,3,-0.228531792858182,0.469854106907769,0.227272727272727,-0.0373501939703051,0.0373501939703051,0.0264950412222973,4.70285739340167,4.22657268384339,0.099362489525035,0.316430064183948,0.439065675681256,0.386836917012062,0.0807780159962326,9090913.90075867,10.2012168794451,0.000127257106122513
6,3,-0.25517909391294,0.518815457549303,0.25,-0.0616914036650029,0.0616914036650029,0.0282548593444326,7.54703614499771,4.39259585690111,0.0936440212044685,0.305290762034974,0.484607487438789,0.417495071161459,0.0757694450574379,8333338.63225697,9.9800351515745,0.000127257106122513
6,3,-0.285316662233739,0.57126707545688,0.272727272727273,-0.0537910467093354,0.0537910467093354,0.0295316687126778,6.44561949084045,4.49524703859807,0.0955048022892496,0.294801464047688,0.530150945672817,0.446620317603386,0.0722682741171464,7692313.38905857,9.70815702382572,0.000127257106122513
6,3,-0.312055736206889,0.620320199016806,0.295454545454545,-0.0494976457228491,0.0494976457228491,0.0305299675631863,5.83232129081634,4.56210075120899,0.0933481564273449,0.28472879866667,0.575597681705545,0.474289301723217,0.0694947287605259,7142863.19788184,9.43131161432505,0.000127257106122513
6,3,-0.342201507684299,0.672780020080994,0.318181818181818,-0.0411134610640191,0.0411134610640191,0.031059142238228,4.79088787911781,4.57354010760443,0.087290134365545,0.274856865451614,0.620848046978916,0.500574836637056,0.0679317955125279,6666673.0817596,9.1219500319779,0.000127257106122513
6,3,-0.367669980673562,0.720562542657033,0.340909090909091,-0.0607544897186592,0.0607544897186592,0.0325439096122495,6.91190137986427,4.69045817121742,0.0955999196032752,0.265894018159197,0.665804014795369,0.525546094805203,0.0656238085343989,6250006.66791587,8.9838219912208,0.000127257106122513
6,3,-0.396505922341773,0.771712533912021,0.363636363636364,-0.0367337950713682,0.0367337950713682,0.0327534038852055,4.14513546749003,4.66319203603105,0.119072468108259,0.25855294065665,0.710372157625756,0.549268790064943,0.0648576073797839,5882359.71087652,8.69919337217781,0.000127257106122513
6,3,-0.420791905024183,0.818312566181208,0.386363636363636,-0.0804204335057443,0.0804204335057443,0.0351367553662324,8.72681205732049,4.86637303709552,0.157237716825348,0.253487179465085,0.75446659450209,0.571805350561696,0.0626075322664728,5555562.30248323,8.70072774357463,0.000127257106122513
6,3,-0.446066856965246,0.865901567709047,0.409090909090909,-0.0850240231811283,0.0850240231811283,0.0376311187569772,8.86116868114627,5.06611281929806,0.220008863905832,0.251813263687122,0.798011800709838,0.593215083033611,0.0606295545355878,5263164.52578787,8.70917200344682,0.000127257106122513
6,3,-0.472774296394866,0.914923056725444,0.431818181818182,-0.0428167976849334,0.0428167976849334,0.037890402703375,4.42074106591561,5.03384423162894,0.311830862244376,0.254814143614985,0.84094517406973,0.613554328881931,0.0608240740994744,5000006.45984181,8.49475045657026,0.000127257106122513
6,3,-0.492678009775649,0.957140819693004,0.454545454545455,-0.130038239097815,0.130038239097815,0.042497794523097,12.3636539468001,5.4003347173875,0.946162717378883,0.28938157230318,0.883219258543622,0.632876612437834,0.0593445969128913,4761910.96446366,8.67898395610502,0.000127257106122513
6,3,-0.494097706101366,0.980874565605499,0.477272727272727,-0.345541177411778,0.345541177411778,0.0576499636675311,22.7886775691286,6.26975185997455,14.1670013906948,0.983262563222761,0.924803536513561,0.651232781815942,0.0613787818837102,4545460.46928743,9.32033366578791,0.000127257106122513
6,3,-0.481810097069294,0.990901006160203,0.5,-0.327197588358619,0.327197588358619,0.0711273449020855,17.8304624223305,6.84778738809234,14.1670013906948,1.64244950459636,0.965685715485383,0.668671142725145,0.0657599514338432,4347831.75630044,9.69033926389845,0.000127257106122513
6,3,-0.462178107093223,0.993583065770909,0.522727272727273,-0.341067754367855,0.341067754367855,0.0846243653753739,16.0295266757487,7.30687435247516,14.1670013906948,2.26867709890128,1.00587245260791,0.685237585588888,0.0706151250618373,4166672.10272902,9.95447207272554,0.000127257106122513
6,3,-0.441889602975874,0.995608611240337,0.545454545454545,-0.294673132227417,0.294673132227417,0.0951268037179761,12.6911729718094,7.57608928344187,14.1670013906948,2.86359331349096,1.04538948058106,0.700975706309444,0.0763195320053259,4000005.22144333,10.0639401086889,0.000127257106122513
6,3,-0.420153041170265,0.996186099021504,0.568181818181818,-0.306549333766022,0.306549333766022,0.105697930220378,12.1886371263456,7.80671667558706,14.1670013906948,3.42876371735115,1.08428112044089,0.715926920993971,0.0819863348190233,3846158.8694873,10.1456592247526,0.000127257106122513
6,3,-0.398173722333452,0.996520829771469,0.590909090909091,-0.324013268715876,0.324013268715876,0.116613697145153,11.9360272351832,8.01318220356687,14.1670013906948,3.96567560101833,1.12260918946559,0.730130574944273,0.0872893779766557,3703708.54360208,10.2119691510649,0.000127257106122513
6,3,-0.375986331116532,0.996647488141326,0.613636363636364,-0.35636593354255,0.35636593354255,0.128601308965023,12.1297452237101,8.21901035457403,14.1670013906948,4.47574189050216,1.16045133511154,0.743624046197059,0.0922968865174445,3571433.24099439,10.2804611536593,0.000127257106122513
6,3,-0.354288557154341,0.997263763765911,0.636363636363636,-0.316097784115168,0.316097784115168,0.13797613272253,10.1902889872661,8.31757428620863,14.1670013906948,4.96030486551179,1.1978988475275,0.756442843887206,0.0976118813993294,3448280.37304929,10.2773517686113,0.000127257106122513
6,3,-0.331818636335863,0.99710789253421,0.659090909090909,-0.366604323483866,0.366604323483866,0.149407542260597,11.0754743297604,8.45546928838622,14.1670013906948,5.42063969177094,1.2350540229127,0.768620701692846,0.102144529718314,3333337.69630053,10.3039558539829,0.000127257106122513
6,3,-0.309993865056106,0.99759717084123,0.681818181818182,-0.322070188879441,0.322070188879441,0.158040674591539,9.30403517653559,8.49789758279369,14.1670013906948,5.85795777671713,1.27202716696356,0.780189666608204,0.107036632995048,3225810.67611621,10.2717003482588,0.000127257106122513
6,3,-0.265569892007593,0.99780129696627,0.727272727272727,-0.320797917694935,0.320797917694935,0.173248880037277,8.59555967680049,8.50479686401032,14.1670013906948,6.66808952907995,1.3458889644193,0.801621174113904,0.116365198802268,3030307.00305381,10.168442844758,0.000127257106122513
6,3,-0.243437864332214,0.997983318877668,0.75,-0.303642189112006,0.303642189112006,0.179768545491013,7.8829843056611,8.47370623609286,14.1670013906948,7.0430351221607,1.38300838693776,0.811540115408209,0.120835722924383,2941180.32856948,10.101223475961,0.000127257106122513
6,3,-0.221416423005178,0.998275927137409,0.772727272727273,-0.264028184690896,0.264028184690896,0.183981527451007,6.70218088036531,8.38512996830648,14.1670013906948,7.3992334355874,1.42040055528433,0.820963109637798,0.125184276865165,2857146.60691282,10.0041079732297,0.000127257106122513
6,3,-0.198963877394826,0.998137431113835,0.795454545454545,-0.292271072659476,0.292271072659476,0.189396004711431,7.22640820942243,8.32719388036227,14.1670013906948,7.73762183334277,1.45816588162224,0.829914954155908,0.12904629672492,2777781.4253482,9.92694964645728,0.000127257106122513
6,3,-0.176611472209875,0.998099075515661,0.818181818181818,-0.306267080528623,0.306267080528623,0.19523955850229,7.3677464478246,8.27922150873539,14.1670013906948,8.05909081121037,1.49639342314665,0.838419206448113,0.132529663821488,2702706.25359789,9.85778199244018,0.000127257106122513
6,3,-0.154398202567816,0.998199855460378,0.840909090909091,-0.296315564201121,0.296315564201121,0.200293358787232,6.95717256814934,8.21311906170609,14.1670013906948,8.36448634018459,1.53515846443558,0.846498246125707,0.135956444373962,2631582.40667654,9.78145016548516,0.000127257106122513
6,3,-0.132085984088218,0.998201686567557,0.863636363636364,-0.302513338757177,0.302513338757177,0.205404357785729,6.93333743728103,8.14912998048483,14.1670013906948,8.6546120927101,1.57452057959939,0.854173333819422,0.13921486181207,2564105.93652039,9.70842163399274,0.000127257106122513
6,3,-0.109560112871032,0.997989864937147,0.886363636363636,-0.349487329307844,0.349487329307844,0.212608506361835,7.76837364707474,8.13009216381433,14.1670013906948,8.93023155760934,1.61452223220149,0.861464667128451,0.142039914046476,2500003.28987204,9.65992043431979,0.000127257106122513
6,3,-0.0874729041205565,0.998216705773449,0.909090909090909,-0.316613543993736,0.316613543993736,0.21780875824343,6.8728681679644,8.06723096402183,14.1670013906948,9.19207004926361,1.65518795001355,0.868391433772028,0.14475417134619,2439027.60159678,9.59194354977454,0.000127257106122513
6,3,-0.0655008959050388,0.998558747144708,0.931818181818182,-0.257630475528429,0.257630475528429,0.21979984410768,5.50971282459235,7.93935505705036,14.1670013906948,9.44081661633517,1.69652408961367,0.874971862083427,0.147141328683592,2380955.51752511,9.49474758012734,0.000127257106122513
6,3,-0.0430516576165384,0.998423558442985,0.954545454545455,-0.285554018699569,0.285554018699569,0.223087552837274,5.99899491881324,7.8423370501385,14.1670013906948,9.67712585505315,1.73851918355699,0.881223268979256,0.14910210506513,2325584.46061956,9.41345100660841,0.000127257106122513
6,3,-0.0210397172147444,0.998725667627968,0.977272727272727,-0.231462013832717,0.231462013832717,0.223506275887046,4.80847639796232,7.69064401752969,14.1670013906948,9.90161963183523,1.78114484126919,0.887162105530293,0.150256771049579,2272730.269937,9.30879249277555,0.000127257106122513
6,3,0.000369221669641706,0.999630778330358,1,-0.0661280582467993,0.0661280582467993,0.215637365005034,1.37315940418266,7.37476978686234,14.1670013906948,10.1148887197782,1.82435715481646,0.892804000253778,0.147280987535217,2222225.15439588,9.13244509080681,0.000127257106122513
8,1,0.0181818181818182,0,0,0,0,0,0,0,0,0,0,0,0.731071851769284,100000000,0,0.000277777777777778
8,1,0.00488222838892403,0.035613639379671,0.0227272727272727,0.205020562380285,0.205020562380285,0.0102510281190143,28.4248332069756,1.42124166034878,15.3049201675699,0.765246008378493,0.0196414580023885,0.05,0.367918711856959,50000000.0326692,14.2124166034878,0.000277777777777778
8,1,0.00695583167877639,0.0558540856765955,0.0454545454545454,-0.0101285830721558,0.0101285830721558,0.0102449058666713,1.40358346298449,1.42035875048056,3.89594394003426,0.921780904961281,0.0394027202728718,0.0475,0.246608256240701,33333333.4406719,9.94280555665335,0.000277777777777778
8,1,0.00761109214949192,0.0775128747926568,0.0681818181818182,-0.0646330844177596,0.0646330844177596,0.0129643147942258,8.6216265461513,1.7804221402641,2.34872005315891,0.993127862371163,0.0592596679767281,0.095125,0.191180685372002,25000000.1869449,9.61251080402784,0.000277777777777778
8,1,0.00832377141870326,0.0991142451102224,0.0909090909090909,-0.0359363808100999,0.0359363808100999,0.0141129180950195,4.74184775778351,1.92849342114007,1.08830717777717,0.997886828141463,0.0791884513143182,0.14036875,0.153591997272977,20000000.3333275,8.63837819477897,0.000277777777777778
8,1,0.00989799077157566,0.119854075344127,0.113636363636364,-0.0480348062578493,0.0480348062578493,0.0158090125031609,6.21763611565493,2.14295055586581,0.838928439362056,0.989938908702493,0.0991659919312303,0.1833503125,0.129968313913409,16666667.1431058,8.23492118159163,0.000277777777777778
8,1,0.0103807040701725,0.141685411632307,0.136363636363636,-0.044932127684814,0.044932127684814,0.0172651682622436,5.72285353728368,2.32194570493671,0.640511119386814,0.972467519236709,0.119170367524833,0.224182796875,0.112326171505901,14285714.9171268,7.87605437526192,0.000277777777777778
8,1,0.0128523873603801,0.161527777928876,0.159090909090909,-0.00751430153434418,0.00751430153434418,0.0167776249258486,0.957111445573553,2.25370399196855,0.486815461364156,0.948184916343081,0.139181074712034,0.21297365703125,0.100586782151626,12500000.8092568,7.01118650905088,0.000277777777777778
8,1,0.0157146824798518,0.180979532396181,0.181818181818182,-0.0454450295987017,0.0454450295987017,0.0182109951594913,5.69657766345576,2.42584767554291,0.35844102566038,0.918697721808946,0.159179173189862,0.252324974179687,0.0900625159784517,11111112.1404348,6.86511885954031,0.000277777777777778
8,1,0.0175102382275804,0.201498026235229,0.204545454545455,-0.0553869622858532,0.0553869622858532,0.0200697935158094,6.7845309090078,2.64378183721615,0.254248770459066,0.885475274241452,0.179147320742474,0.289708725470703,0.0823737742467159,10000001.3197069,6.85706006448706,0.000277777777777778
8,1,0.0191251197311126,0.222197194318474,0.227272727272727,-0.0403532851275017,0.0403532851275017,0.021083968096394,4.8860893007941,2.75589721039505,0.219001703460678,0.852151595702413,0.19906971440486,0.325223289197168,0.075079848284445,9090910.70574941,6.67788090415133,0.000277777777777778
8,1,0.0210089964707539,0.24262736716561,0.25,-0.0346166772906988,0.0346166772906988,0.0217606035561092,4.15718689919196,2.8259616948349,0.189045013021338,0.818996266568359,0.218931957806202,0.357452980212502,0.0691547474137026,8333335.25441575,6.46782307040472,0.000277777777777778
8,1,0.0235711830037354,0.262379230219405,0.272727272727273,-0.0174950504073617,0.0174950504073617,0.0215473258986718,2.09743848541774,2.78953553436404,0.164700035742817,0.786281455027082,0.238720878160474,0.339580331201877,0.0651231856290438,7692309.93266409,6.13163964079034,0.000277777777777778
8,1,0.0240068496387005,0.284257613171217,0.295454545454545,-0.0665110233037782,0.0665110233037782,0.0237955107689272,7.73546459147005,3.03683198721934,0.142878175290874,0.754111291040272,0.258424318389554,0.372601314641783,0.0612458536701118,7142859.72311448,6.24619856583889,0.000277777777777778
8,1,0.0266320471465811,0.303946465250113,0.318181818181818,-0.018911189215955,0.018911189215955,0.0235512946912786,2.19522934553611,2.99475185513518,0.128098248430724,0.722810638909794,0.278030930368521,0.353971248909694,0.0581347070954974,6666669.59534071,5.97613395115204,0.000277777777777778
8,1,0.027467398378719,0.325425163604752,0.340909090909091,-0.034788498632174,0.034788498632174,0.0241131548883233,4.00772487178036,3.04540050596744,0.1170066055377,0.69252043724119,0.297529994263545,0.385440003913713,0.0552354656647835,6250003.2797898,5.85310838369131,0.000277777777777778
8,1,0.0276299388670774,0.347576672703171,0.363636363636364,0.00135663742390157,0.00135663742390157,0.0229753290151022,0.156364425430775,2.9009487019406,0.111186476248082,0.663453739191534,0.316911286456387,0.366168003718027,0.0543019026651148,5882356.55709037,5.51800579791128,0.000277777777777778
8,1,0.028887852286373,0.368632808870652,0.386363636363636,-0.0465527301828579,0.0465527301828579,0.02415419907349,5.29257675233952,3.02053010446055,0.110910357009497,0.635826570082432,0.336165014755087,0.397859603532126,0.0516426553158111,5555559.47149038,5.50548196204618,0.000277777777777778
8,1,0.0301837347831665,0.389650975960635,0.409090909090909,-0.0387611708779771,0.0387611708779771,0.0248845476637144,4.36672201253718,3.08783969986438,0.11575454579293,0.609822968867957,0.355281834683604,0.42796662335552,0.049281958959175,5263162.05925244,5.44554722786149,0.000277777777777778
8,1,0.0322130429396836,0.409935717390895,0.431818181818182,-0.0678123768679,0.0678123768679,0.0270309391239237,7.42943239805644,3.30491933477398,0.116148331019578,0.585139236975538,0.374252954885367,0.456568292187744,0.0475896311779461,5000004.38677384,5.54474148637124,0.000277777777777778
8,1,0.0356739871934468,0.428788822723909,0.454545454545455,-0.0668285739673653,0.0668285739673653,0.0290208208660957,7.13634490480084,3.49649061327533,0.109707388617931,0.561367644557658,0.393070333371975,0.483739877578356,0.0463438732422923,4761909.37383967,5.62053212534408,0.000277777777777778
8,1,0.0376060094174006,0.449170850086732,0.477272727272727,-0.0179387317145765,0.0179387317145765,0.0284667164085198,1.91305062625528,3.41731861392432,0.103958318775528,0.538497178268551,0.411726959832096,0.459552883699439,0.0449068471593847,4545459.38499422,5.45201023902186,0.000277777777777778
8,1,0.0388888558858362,0.49251610279185,0.522727272727273,-0.0198155208129838,0.0198155208129838,0.0286930133752989,2.08947973812101,3.40101805599497,0.0958324028354093,0.495499814968095,0.448537274839009,0.462246477538743,0.0422749176599451,4166671.95750311,5.27106579593054,0.000277777777777778
8,1,0.041885572733058,0.511833435531405,0.545454545454545,-0.0574289183476653,0.0574289183476653,0.0301298086239172,5.9504845649118,3.52849138144082,0.094022867425531,0.475425967590967,0.4666855828613,0.489134153661806,0.0409339119038549,4000005.50463141,5.29824254668979,0.000277777777777778
8,1,0.0463432776034022,0.529689780247838,0.568181818181818,0.0353600492591672,0.0353600492591672,0.0303913206556797,3.64127456010786,3.53413054037417,0.0933536199458714,0.456322350208712,0.484663288517122,0.514677445978716,0.0411311116375973,3846159.55106702,5.23451300874433,0.000277777777777778
8,1,0.0489853374716609,0.549361769966356,0.590909090909091,-0.0310060177634734,0.0310060177634734,0.0304220555110694,3.17833070342415,3.51634054852667,0.0937197042420836,0.438192217910381,0.502474698562138,0.523219234165896,0.0401093918038532,3703709.59251324,5.15835810854729,0.000277777777777778
8,1,0.0515355254109595,0.569125631613834,0.613636363636364,0.0017343849702991,0.0017343849702991,0.0289876719840309,0.177872569466193,3.34941714957364,0.0952549663151175,0.421045355330617,0.520127665719819,0.497058272457601,0.0397790110205023,3571434.62485706,4.98048362500868,0.000277777777777778
8,1,0.0549736581439322,0.588001548467638,0.636363636363636,-0.037128213232084,0.037128213232084,0.0293946990464335,3.78229924577174,3.37106125438355,0.0978235721764709,0.40488426617291,0.537633899981657,0.522205358834721,0.0385838471042929,3448282.05925802,4.93916692227637,0.000277777777777778
8,1,0.0595709097608651,0.605718346437482,0.659090909090909,-0.0285442263681679,0.0285442263681679,0.0293521754125203,2.89705788903026,3.34736108611588,0.0978894493024477,0.389534525329387,0.555009172506035,0.520678659271599,0.0374424458292017,3333339.66446961,4.87109662116817,0.000277777777777778
8,1,0.0606355620954426,0.626967743689681,0.681818181818182,-0.0113730374294119,0.0113730374294119,0.0284532185133648,1.15409935894976,3.23769799975758,0.0917256540504408,0.37464408176544,0.572273387749982,0.494644726308019,0.0370209204066644,3225812.93019883,4.75119348367725,0.000277777777777778
8,1,0.070956899564001,0.661274505394677,0.727272727272727,-0.0611530652177663,0.0611530652177663,0.0290400494206372,6.09410848071431,3.25752145420856,0.0872611167328038,0.346696303474585,0.606568291765821,0.496416865492987,0.0357501928136527,3030309.80485,4.6675573479683,0.000277777777777778
8,1,0.0760603462452688,0.678485108300186,0.75,-0.0656820719957372,0.0656820719957372,0.0308721505493922,6.41265244979949,3.41527800398811,0.0875872453014004,0.333740850565926,0.623657915556546,0.521596022218338,0.0353943151014363,2941183.38168345,4.71888367449275,0.000277777777777778
8,1,0.0803417474257015,0.69651775670653,0.772727272727273,-0.0522171218920993,0.0522171218920993,0.0319393991165276,5.03551574630124,3.49628989110376,0.08975995244894,0.321541805660077,0.640753354369718,0.545516221107421,0.0348086494042575,2857149.88908752,4.72793030511585,0.000277777777777778
8,1,0.0834851251964481,0.71568842852256,0.795454545454545,-0.0650517696228383,0.0650517696228383,0.0335950176418431,6.1562689653533,3.62928884481624,0.0941333478503402,0.31017138276959,0.657890656640566,0.56824041005205,0.0343818747974498,2777784.90948031,4.76760637901133,0.000277777777777778
8,1,0.0866495084818686,0.734838094823917,0.818181818181818,-0.0187614971918952,0.0187614971918952,0.0328533416193457,1.77361380725722,3.53650509293829,0.100585286167312,0.299692077939476,0.675107055406219,0.539828389549447,0.0336807239648973,2702709.91035414,4.68668766085582,0.000277777777777778
8,1,0.0906836007694307,0.753118052123131,0.840909090909091,-0.033866066510567,0.033866066510567,0.0329039778639068,3.18681610455303,3.51902064351903,0.108762694628834,0.290145608773944,0.692439965865075,0.558372664995467,0.0328013056024705,2631586.20730084,4.64721735674259,0.000277777777777778
8,1,0.0928317186247121,0.773283983854627,0.863636363636364,-0.0338987524775729,0.0338987524775729,0.0329537165945901,3.1753575322498,3.50183748795557,0.120000833070946,0.281638369988794,0.709925897306813,0.576118411578658,0.0319888746899891,2564109.8515566,4.60947736124277,0.000277777777777778
8,1,0.0949934059246796,0.793436346141436,0.886363636363636,-0.0612663713405115,0.0612663713405115,0.0343693493318862,5.64943260854944,3.60921724398526,0.133618817100331,0.274237392344371,0.72759931648176,0.597312490999725,0.0316495372991027,2500007.29236708,4.63547624242544,0.000277777777777778
8,1,0.0967576893003113,0.813986112352581,0.909090909090909,0.00856441056552404,0.00856441056552404,0.0330791023935681,0.789881395465904,3.46825045155929,0.152274617738062,0.268139253614055,0.745491503529274,0.567446866449739,0.0313715592614742,2439031.66492112,4.54168124615813,0.000277777777777778
8,1,0.0994645781192336,0.833593273120436,0.931818181818182,-0.000883196896703353,0.000883196896703353,0.0314693071187248,0.081496274178679,3.29891274269026,0.174679212251134,0.263466251545909,0.763629443976883,0.539074523127252,0.0309461761254408,2380959.61872728,4.43548636587291,0.000277777777777778
8,1,0.100181976214535,0.855189924611911,0.954545454545455,-0.0121590386173795,0.0121590386173795,0.0305037936936576,1.12182022580287,3.19005811684589,0.203464212612341,0.260466149599231,0.782034800903932,0.512120796970889,0.0302674795318004,2325588.57910267,4.35842436261546,0.000277777777777778
8,1,0.100838192886073,0.87684775752715,0.977272727272727,0.0487591645109302,0.0487591645109302,0.0314165622345212,4.45597298970479,3.25335386048884,0.236349797112477,0.259260331974893,0.800723010063447,0.536514757122345,0.0298661085035799,2272734.38937345,4.36064137686749,0.000277777777777778
8,1,0.0985300990436738,0.901469900956326,1,0.190225415899957,0.190225415899957,0.039357004917793,15.2398622895321,3.852679281941,0.277061921007,0.260150411426499,0.819702537585183,0.559689019266227,0.0316145452440232,2222229.26092741,4.60240184159337,0.000277777777777778
8,2,0.0181818181818182,0,0,0,0,0,0,0,0,0,0,0,0.730950069584013,100000000,0,0.000123563631948884
8,2,0.0111562871408018,0.0293395806277932,0.0227272727272727,-0.101557717561128,0.101557717561128,0.0050778858780564,22.5383672063868,1.12691836031934,4.78362675328934,0.239181337664467,0.0432648681771041,0.05,0.407736546551868,50000000.1045232,11.2691836031934,0.000123563631948884
8,2,-0.0119976249521365,0.0748075423075084,0.0454545454545454,-0.0588658241247022,0.0588658241247022,0.00776728279038869,12.0793043712518,1.67453766086596,2.33752607929995,0.344098574746241,0.0868262792851974,0.0975,0.281651105396585,33333333.5456164,11.5392238592129,0.000123563631948884
8,2,-0.0351131741012866,0.120237141043435,0.0681818181818182,-0.0680043446765723,0.0680043446765723,0.0107791358846979,12.7721049141176,2.22941602352854,0.826489047134658,0.368218098365662,0.130669456615367,0.142625,0.214610175002784,25000000.4616966,11.847444122939,0.000123563631948884
8,2,-0.0614308804787569,0.168868897007683,0.0909090909090909,-0.0880348468984495,0.0880348468984495,0.0146419214353855,14.657930060314,2.85084172536781,0.429996865047425,0.37130703669975,0.174777181477369,0.18549375,0.172067317484483,20000000.834477,12.409541310414,0.000123563631948884
8,2,-0.0861867874044792,0.215938853520182,0.113636363636364,-0.098779415625462,0.098779415625462,0.0188487961448893,14.5971459639988,3.43815693729936,0.228374351895815,0.364160402459554,0.219129259075841,0.2262190625,0.146324213129957,16666668.09186,12.7741420860115,0.000123563631948884
8,2,-0.110559412884638,0.262625528587117,0.136363636363636,-0.0354153844016301,0.0354153844016301,0.0196771255577263,5.16579681808837,3.52453893133881,0.164252095324726,0.354164987102812,0.263701934850436,0.264908109375,0.12914472481162,14285716.3770518,11.6872356191653,0.000123563631948884
8,2,-0.134259317586248,0.308639482875504,0.159090909090909,-0.0688194570190763,0.0688194570190763,0.0221342421307938,9.57208386422738,3.82691617798324,0.125085248692133,0.342711000182278,0.308467318628589,0.30166270390625,0.11342175919312,12500002.8292388,11.4228416497981,0.000123563631948884
8,2,-0.163924035544943,0.360618250420976,0.181818181818182,-0.0591981639575945,0.0591981639575945,0.0239874382221338,7.97191590370878,4.03416616426952,0.110410609388434,0.331095980642586,0.353392876735749,0.336579568710937,0.102379071226153,11111114.6323346,11.0394054557882,0.000123563631948884
8,2,-0.188770278355112,0.407778542817921,0.204545454545455,-0.0815251855902344,0.0815251855902344,0.0268643255905389,10.3759660189761,4.35125615700485,0.116875708822011,0.320384967051557,0.398441051566317,0.369750590275391,0.0926195804384829,10000004.0247109,10.973061512107,0.000123563631948884
8,2,-0.215392355885262,0.456714669934848,0.227272727272727,-0.104477202051278,0.104477202051278,0.0307449694135758,12.262780981867,4.74683239824796,0.102072017504793,0.309469319574219,0.443569064018624,0.401263060761621,0.0859282075113419,9090913.64037394,11.0903087366306,0.000123563631948884
8,2,-0.239524584724471,0.503160948360834,0.25,-0.0484830321412741,0.0484830321412741,0.0316318725499607,5.60334378016288,4.7896579673437,0.0946873687239648,0.298730222031706,0.488728946791143,0.43119990772354,0.0802837634578012,8333338.38376534,10.633061656925,0.000123563631948884
8,2,-0.265901160466407,0.551851573689547,0.272727272727273,-0.0653664585483389,0.0653664585483389,0.0333186018498797,7.35132526214842,4.91774133208394,0.0938573196500422,0.288486576912623,0.533867846144005,0.459639912337363,0.0753722853402052,7692313.17381955,10.3806203957883,0.000123563631948884
8,2,-0.284789972097462,0.59305443490738,0.295454545454545,-0.0207202422204724,0.0207202422204724,0.0326886838684093,2.32512144877038,4.78811033791826,0.0986832483511663,0.27899641048455,0.578928616821501,0.436657916720495,0.0729738465726013,7142862.95664902,9.80522761385845,0.000123563631948884
8,2,-0.308877766127465,0.639456278524159,0.318181818181818,-0.0444429316584296,0.0444429316584296,0.0332763962579103,4.92868117081295,4.79513887956299,0.0892955055235745,0.269511365236501,0.623850720010616,0.46482502088447,0.0705583905201059,6666672.83945721,9.48012451765541,0.000123563631948884
8,2,-0.331870013170759,0.68476257515423,0.340909090909091,-0.0363502987644768,0.0363502987644768,0.0334300913832386,4.0008232211745,4.75542309664357,0.0881338219520092,0.260442488072277,0.6685714181841,0.491583769840246,0.0687791822135527,6250006.49614,9.13766818662536,0.000123563631948884
8,2,-0.355421112542462,0.73062772411271,0.363636363636364,-0.0937130588374733,0.0937130588374733,0.0364442397559504,9.81035184270729,5.00816953394675,0.0990790395287779,0.252374315645102,0.71302724422091,0.517004581348234,0.0651184648525739,5882359.64889365,9.17723781345371,0.000123563631948884
8,2,-0.380560378730946,0.778081039887971,0.386363636363636,-0.097657658076427,0.097657658076427,0.0395049106719742,9.7319869080752,5.24436040265318,0.123207512792717,0.245915975502483,0.75715570612293,0.541154352280822,0.0617353089425465,5555562.34153224,9.20805720759934,0.000123563631948884
8,2,-0.404792257004232,0.824626967748034,0.409090909090909,-0.109561739789725,0.109561739789725,0.0430077521278617,10.3250623006371,5.49839549755237,0.164575410167205,0.241848947235719,0.800897173761486,0.564096634666781,0.0585339911985805,5263164.64335906,9.26684694933817,0.000123563631948884
8,2,-0.434390517775013,0.876539278105591,0.431818181818182,-0.0684559966178244,0.0684559966178244,0.0442801643523599,6.32410985301457,5.53968121532548,0.236895857242926,0.241601292736079,0.844196881154311,0.585891802933442,0.0576020381748899,5000006.62225432,9.11971009452199,0.000123563631948884
8,2,-0.457417021026928,0.921879830944283,0.454545454545455,-0.00716064783093584,0.00716064783093584,0.0424241885262887,0.661701897657636,5.29578224944209,0.348186280409365,0.246930542119743,0.887006967478505,0.55659721278677,0.058968685408566,4761911.20557677,8.71694779943321,0.000123563631948884
8,2,-0.476642344415281,0.963419203919413,0.477272727272727,-0.102754393966089,0.102754393966089,0.0454406987982787,9.09838551058801,5.48591241249938,1.37555462128085,0.303361746077799,0.929288472940158,0.578767352147431,0.0590079181673838,4545460.7292769,8.73428587721298,0.000123563631948884
8,2,-0.469909451145298,0.979000360236207,0.5,-0.367376412310547,0.367376412310547,0.0615374844738921,22.6799141755427,6.34561250065155,14.1670013906948,0.996543728308648,0.971013202178718,0.59982898454006,0.0609140732318309,4347832.00498601,9.34061754235775,0.000123563631948884
8,2,-0.45935083269357,0.990755791371256,0.522727272727273,-0.321942061539343,0.321942061539343,0.0745577133271646,16.833477141021,6.87000573267002,14.1670013906948,1.65506661142796,1.01216536835337,0.619837535313057,0.0649999336524629,4166672.3410527,9.65282002563538,0.000123563631948884
8,2,-0.439285829403621,0.993004837668084,0.545454545454545,-0.371334034439726,0.371334034439726,0.0893965293827927,16.5521471535031,7.35411280371167,14.1670013906948,2.2806633503913,1.05274293553184,0.638845658547404,0.0690428893640289,4000005.45023406,9.92879311075009,0.000123563631948884
8,2,-0.418627500544214,0.994660558395454,0.568181818181818,-0.377685338353997,0.377685338353997,0.103810969831353,14.8663235747137,7.72972334226177,14.1670013906948,2.87498025240647,1.09275858538766,0.656903375620034,0.0736964974288578,3846159.08947838,10.1186981285948,0.000123563631948884
8,2,-0.397917978951563,0.99626508638958,0.590909090909091,-0.313038507570107,0.313038507570107,0.114272346718291,11.4859423435059,7.91753429232398,14.1670013906948,3.43958130932089,1.13224024623699,0.674058206839032,0.0793778724457872,3703708.75544535,10.1693368032212,0.000123563631948884
8,2,-0.375698774686244,0.996359931711038,0.613636363636364,-0.356749486521592,0.356749486521592,0.126396203708456,12.0997329072441,8.12664422306998,14.1670013906948,3.97595231338958,1.17123113766539,0.690355296497081,0.0845802984891078,3571433.44527182,10.238279521222,0.000123563631948884
8,2,-0.354089732565002,0.997064939176572,0.636363636363636,-0.318718148832288,0.318718148832288,0.136012300964647,10.2333022867846,8.23197712625571,14.1670013906948,4.48550476725484,1.20978930181042,0.705837531672227,0.0899112402846481,3448280.57028268,10.2381078924483,0.000123563631948884
8,2,-0.33228005912478,0.997569315323127,0.659090909090909,-0.282641650131791,0.282641650131791,0.143343768423004,8.7269202761866,8.25672428375226,14.1670013906948,4.96957959842684,1.24798661205172,0.720545655088615,0.0952625642919631,3333337.88695947,10.1877349719062,0.000123563631948884
8,2,-0.309834568216654,0.997437874001778,0.681818181818182,-0.320340628199054,0.320340628199054,0.152193611411807,9.44424262883031,8.31610020100616,14.1670013906948,5.42945068804024,1.28590727059247,0.734518372334185,0.100374110267643,3225810.86062486,10.163751347936,0.000123563631948884
8,2,-0.265126704282225,0.997358109240903,0.727272727272727,-0.375708613913665,0.375708613913665,0.170642027761827,10.1046539510308,8.42191268346718,14.1670013906948,6.28136188154906,1.36130477243106,0.760402831031602,0.109721977807451,3030307.17638012,10.116423908783,0.000123563631948884
8,2,-0.243405470864855,0.997950925410309,0.75,-0.301787111759874,0.301787111759874,0.177199281961729,7.86540347803065,8.39408722319535,14.1670013906948,6.67564385700634,1.39899177403439,0.772382689480022,0.114129477307718,2941180.49679796,10.0502174255256,0.000123563631948884
8,2,-0.221394500401372,0.998254004533603,0.772727272727273,-0.262397388052776,0.262397388052776,0.181459187266282,6.68747094242255,8.30875640915671,14.1670013906948,7.05021173369077,1.436816647618,0.783763555006021,0.118700735131137,2857146.77033477,9.95413895457979,0.000123563631948884
8,2,-0.198858171051398,0.998031724770406,0.795454545454545,-0.305206166823722,0.305206166823722,0.187646536244154,7.55690905027689,8.27116404121272,14.1670013906948,7.40605121654097,1.47488815765299,0.79457537725572,0.122704641960594,2777781.58423066,9.88754923501582,0.000123563631948884
8,2,-0.176267882600318,0.997755485906103,0.818181818181818,-0.36469188516694,0.36469188516694,0.196498803690293,8.68674749280069,8.29194321379212,14.1670013906948,7.74409872524866,1.51331076030616,0.804846608392934,0.126205806674135,2702706.40818622,9.85509513387487,0.000123563631948884
8,2,-0.154258505109843,0.998060158002405,0.840909090909091,-0.324245304750687,0.324245304750687,0.202886128743313,7.50634665650053,8.25266338592754,14.1670013906948,8.06524385852097,1.55218140129864,0.814604277973287,0.129765797906435,2631582.55719676,9.79328596341765,0.000123563631948884
8,2,-0.131993894307244,0.998109596786583,0.863636363636364,-0.32431886410796,0.32431886410796,0.208957765511545,7.30843843078351,8.20545213817034,14.1670013906948,8.37033173512966,1.59158648325654,0.823874064074623,0.132967998995058,2564106.08318111,9.72957192411934,0.000123563631948884
8,2,-0.109899485475056,0.998329237541171,0.886363636363636,-0.29117999554453,0.29117999554453,0.213068877013194,6.42789107755118,8.11657408513938,14.1670013906948,8.66016521790791,1.6315991126979,0.832680360870891,0.136014644711991,2500003.43286625,9.64702990295513,0.000123563631948884
8,2,-0.0876105517197887,0.998354353372681,0.909090909090909,-0.291231939539222,0.291231939539222,0.216977030139496,6.30318258871013,8.02590451031792,14.1670013906948,8.93550702654726,1.67227672813606,0.841046342827347,0.13889024899948,2439027.74110333,9.56547265138818,0.000123563631948884
8,2,-0.0653543544444639,0.998412205684133,0.931818181818182,-0.284787685585468,0.284787685585468,0.220367562911794,6.05277506097061,7.92724803785055,14.1670013906948,9.19708174475463,1.7136591979733,0.84899402568598,0.141425077958453,2380955.65371007,9.48183699447348,0.000123563631948884
8,2,-0.0430089021900198,0.998380803016466,0.954545454545455,-0.294895713968052,0.294895713968052,0.224093970464607,6.15097465441527,7.83843436867879,14.1670013906948,9.44557772705164,1.75576746040062,0.856544324401681,0.143526635813614,2325584.59363743,9.4043750795884,0.000123563631948884
8,2,-0.0208333845372809,0.998519334950504,0.977272727272727,-0.272408313501767,0.272408313501767,0.226509687616465,5.59508420158701,7.7262668603242,14.1670013906948,9.6816489102338,1.79860275806116,0.863717108181597,0.144815083475428,2272730.39993173,9.31780028690655,0.000123563631948884
8,2,0.000324393645499521,0.9996756063545,1,-0.0588042941448368,0.0588042941448368,0.218124417942884,1.20752382953061,7.40032970878452,14.1670013906948,9.90591653425685,1.84214649855605,0.870531252772517,0.141954450389537,2222225.28150184,9.13757192118709,0.000123563631948884
8,3,0.0181818181818182,0,0,0,0,0,0,0,0,0,0,0,0.730952106885288,100000000,0,0.000123378098591544
8,3,0.0062401575308645,0.0342557102377305,0.0227272727272727,-0.0604256077126695,0.0604256077126695,0.00302128038563347,16.3603985076364,0.818019925381821,6.87580173297298,0.343790086648649,0.0428754756612823,0.05,0.380626390280778,50000000.0727188,8.18019925381821,0.000123378098591544
8,3,-0.0170484721663027,0.0798583895216746,0.0454545454545454,-0.082580407512387,0.082580407512387,0.00699923674197115,18.2625228932136,1.69024507377341,2.12457535118198,0.432829349875316,0.0862215119716488,0.0975,0.258322843086447,33333333.5387066,11.5409738002833,0.000123378098591544
8,3,-0.0435107820295447,0.128634748971693,0.0681818181818182,-0.049077570844144,0.049077570844144,0.00910315344707979,10.2702194408241,2.11924379212594,0.753627108673128,0.448869237815206,0.130036148047337,0.142625,0.202050389067828,25000000.485759,11.2232852104185,0.000123378098591544
8,3,-0.0680983680460805,0.175536384575006,0.0909090909090909,-0.0718621226710145,0.0718621226710145,0.0122411019082765,13.5863365115758,2.69259842809843,0.390129105509339,0.445932231199913,0.174306457253432,0.18549375,0.163945737718274,20000000.901258,11.69589547065,0.000123378098591544
8,3,-0.0961169987214516,0.225869064837154,0.113636363636364,-0.103637519431693,0.103637519431693,0.0168109227844473,16.6617684011488,3.39105692675095,0.212886026229384,0.434279920951386,0.219007814919568,0.2262190625,0.139463491291557,16666668.2006065,12.5235409590664,0.000123378098591544
8,3,-0.123314615565,0.275380731267479,0.136363636363636,-0.0500992022473139,0.0500992022473139,0.0184753367575907,7.80889932444262,3.61194904663554,0.150991113523196,0.420115480579977,0.264103514887385,0.264908109375,0.122059855534343,14285716.5466494,11.8500207255488,0.000123378098591544
8,3,-0.148571636594671,0.322951801883927,0.159090909090909,-0.0947127507536316,0.0947127507536316,0.0222872074573927,13.3823708584825,4.10047013722788,0.117950504696533,0.405007231785805,0.309544783133867,0.30166270390625,0.10885372082098,12500003.0380848,12.0415644921655,0.000123378098591544
8,3,-0.176954514170931,0.373648729046964,0.181818181818182,-0.0857013598159897,0.0857013598159897,0.0254579150753226,11.3133186342493,4.46111256207896,0.111620927678468,0.390337916580438,0.355271221723726,0.336579568710937,0.0978632187610562,11111114.8070635,11.9606482857303,0.000123378098591544
8,3,-0.204439143052257,0.423447407515066,0.204545454545455,-0.0772514961876896,0.0772514961876896,0.0280475941309409,9.71006535797666,4.72356020187384,0.111398771829196,0.376390959342876,0.401211699143532,0.369750590275391,0.088202537930256,10000004.2240331,11.735589992955,0.000123378098591544
8,3,-0.231648485952372,0.472970800001958,0.227272727272727,-0.0966870996284963,0.0966870996284963,0.0314795694058187,11.3490553032547,5.05483495694288,0.0987710552235022,0.362509964136907,0.447285684396205,0.401263060761621,0.08122348429887,9090913.85134134,11.7004504757095,0.000123378098591544
8,3,-0.25813315306438,0.521769516700744,0.25,-0.0666660924256943,0.0666660924256943,0.0332388955568125,7.59968031656823,5.18207722492415,0.093530400069745,0.349060985933549,0.493405002905255,0.43119990772354,0.0753028447861084,8333338.5880388,11.3587196291144,0.000123378098591544
8,3,-0.286457206144303,0.572407619367443,0.272727272727273,-0.0926359715166378,0.0926359715166378,0.0362087493548037,10.0209162939088,5.42401917837338,0.0956405778578163,0.336389965529762,0.539475973157676,0.459639912337363,0.0695418380328335,7692313.34709836,11.2558116802524,0.000123378098591544
8,3,-0.309697776498356,0.617962239308274,0.295454545454545,-0.069076515060738,0.069076515060738,0.0378521376401004,7.27554726067998,5.51659558248871,0.0939922688352027,0.324270080695034,0.585401864973468,0.486657916720495,0.0654770910716508,7142863.15367511,10.9715070788544,0.000123378098591544
8,3,-0.336335526684432,0.666914039081126,0.318181818181818,-0.0817665724556984,0.0817665724556984,0.0400478593808803,8.3133677529278,5.65643419101067,0.0871798671479655,0.312415570017681,0.631085604165951,0.51232502088447,0.0619432162785061,6666673.04146599,10.7942977904593,0.000123378098591544
8,3,-0.362168049265475,0.715060611248946,0.340909090909091,-0.0810481192972867,0.0810481192972867,0.0420978723767007,7.9777733637531,5.77250114964779,0.0939703389994775,0.301493308466771,0.676432634916243,0.536708769840246,0.0590072467061162,6250006.64147785,10.6182650137902,0.000123378098591544
8,3,-0.386502183722529,0.761708795292777,0.363636363636364,-0.0849105020005592,0.0849105020005592,0.0442385038578936,8.08426744492363,5.88808946441158,0.113324438145118,0.292084864950688,0.721353841086206,0.559873331348234,0.0564021365881751,5882359.71105104,10.4692063332686,0.000123378098591544
8,3,-0.414321669376764,0.811842330533789,0.386363636363636,-0.0399147150660242,0.0399147150660242,0.0440223144183001,3.77496446259996,5.782433214321,0.150146173739225,0.284987930390115,0.765768421457317,0.581879664780822,0.0561095474868843,5555562.31933578,10.0973040071203,0.000123378098591544
8,3,-0.437773666372131,0.857608377115932,0.409090909090909,-0.0647877410668345,0.0647877410668345,0.0450605857507268,6.01836764397537,5.79422993580372,0.207293328436775,0.281103200292448,0.80960661186535,0.602785681541781,0.0553553939281194,5263164.55642768,9.88262314590218,0.000123378098591544
8,3,-0.463574215350568,0.905722975681146,0.431818181818182,-0.091236866264961,0.091236866264961,0.0473693997764385,8.19022343484204,5.91402961075563,0.282908710037732,0.281193475779712,0.85281214957877,0.622646397464692,0.0544004409273357,5000006.50534175,9.79800316034917,0.000123378098591544
8,3,-0.488256307129297,0.952719117046653,0.454545454545455,-0.153733650197328,0.153733650197328,0.052687612297483,12.6537898786987,6.25101762415278,0.745156717466616,0.304391637864057,0.895344382027565,0.641514077591458,0.0527632955447486,4761911.02137308,9.9339930040801,0.000123378098591544
8,3,-0.492580886497144,0.979357746001277,0.477272727272727,-0.364187320957476,0.364187320957476,0.0682625977304827,21.760924442674,7.02651296507885,14.1674378014468,0.997543946043193,0.9371799329223,0.659438373711885,0.0545123671061922,4545460.52360995,10.4715807967435,0.000123378098591544
8,3,-0.48066488003322,0.989755789124129,0.5,-0.407307062097494,0.407307062097494,0.0852148209488332,19.2928812214243,7.63983137789612,14.1670013906948,1.65601681827577,0.978313853519011,0.676466455026291,0.0580238741348684,4347831.80826111,10.8551155978165,0.000123378098591544
8,3,-0.463679505781196,0.995084464458882,0.522727272727273,-0.264179551886207,0.264179551886207,0.0941630574957019,11.64054999285,7.83986730864381,14.1670013906948,2.28156604689672,1.01876020472391,0.692643132274976,0.0647949545309611,4166672.15252467,10.8878420309429,0.000123378098591544
8,3,-0.441740413841109,0.995459422105572,0.545454545454545,-0.311026630656813,0.311026630656813,0.105006236153757,12.5799610650864,8.07687199646594,14.1670013906948,2.87583781408663,1.05855203618666,0.708010975661227,0.0708645853543647,4000005.26924715,10.9555267923087,0.000123378098591544
8,3,-0.419978840626697,0.996011898477937,0.568181818181818,-0.330309607569399,0.330309607569399,0.11627140472454,12.3118955525572,8.2886231742705,14.1670013906948,3.44039599291704,1.09774075068038,0.722610426878166,0.0767059839319083,3846158.91545251,11.007694821549,0.000123378098591544
8,3,-0.397955585447311,0.996302692885327,0.590909090909091,-0.359716213226551,0.359716213226551,0.12844364514964,12.3494726126065,8.4916656461873,14.1670013906948,3.97672626280592,1.13639486500872,0.736479905534258,0.0820059231394722,3703708.58786488,11.0573902952919,0.000123378098591544
8,3,-0.376013094288373,0.996674251313167,0.613636363636364,-0.368072728287477,0.368072728287477,0.140425099306532,11.7392601675232,8.6540453722541,14.1670013906948,4.48624001920037,1.17459820147101,0.749655910257545,0.087373250859124,3571433.28367637,11.0817427907287,0.000123378098591544
8,3,-0.354421246596846,0.997396453208416,0.636363636363636,-0.310814213062886,0.310814213062886,0.14894455499435,9.46349224324321,8.69451771580355,14.1670013906948,4.97027808777509,1.21244756561207,0.762173114744668,0.0928875686034901,3448280.41425948,11.025941047712,0.000123378098591544
8,3,-0.332501083157843,0.99779033935619,0.659090909090909,-0.277574725991354,0.277574725991354,0.1553760635442,8.16868221142972,8.66822594058486,14.1670013906948,5.43011425292107,1.25004998568026,0.774064459007434,0.0983439066967961,3333337.73613705,10.9306990865026,0.000123378098591544
8,3,-0.30959842448113,0.997201730266253,0.681818181818182,-0.383290804468137,0.383290804468137,0.166771800590397,10.628850280492,8.76625715758022,14.1670013906948,5.86695860980976,1.28751960609178,0.785361236057062,0.103127843516717,3225810.71466768,10.9209620282442,0.000123378098591544
8,3,-0.287726569496724,0.997643924868625,0.704545454545455,-0.340430613067972,0.340430613067972,0.175454741214275,9.04999187530825,8.78044389346662,14.1670013906948,6.28196074885401,1.32497434054557,0.796093174254209,0.107877627401297,3125004.13204014,10.8624942109649,0.000123378098591544
8,3,-0.26557927439938,0.997810679358058,0.727272727272727,-0.330124357826931,0.330124357826931,0.183188222044908,8.46033012394891,8.76443820499073,14.1670013906948,6.67621278094605,1.36253239968962,0.806288515541499,0.112530128542135,3030307.03926882,10.7897013598432,0.000123378098591544
8,3,-0.243045122512696,0.997590577058151,0.75,-0.384526006367186,0.384526006367186,0.193255111261022,9.41256697332068,8.79684464340723,14.1670013906948,7.05075221143349,1.40030881302057,0.815974089764424,0.116650571940636,2941180.36371935,10.7491974072984,0.000123378098591544
8,3,-0.221326788472457,0.998186292604688,0.772727272727273,-0.295504966388612,0.295504966388612,0.198367604017402,7.05470766599652,8.70973779453669,14.1670013906948,7.40656467039655,1.4384120648026,0.825175385276203,0.120946771802313,2857146.64105841,10.6436405575469,0.000123378098591544
8,3,-0.19887642203673,0.998049975755738,0.795454545454545,-0.326953944760331,0.326953944760331,0.204796921054548,7.58163855612029,8.65333283261587,14.1670013906948,7.74458650641146,1.4769409592194,0.833916616012393,0.124736069269226,2777781.4585453,10.5585849463962,0.000123378098591544
8,3,-0.176954990334502,0.998442593640287,0.818181818181818,-0.263802057198347,0.263802057198347,0.207747177861738,6.00878520529332,8.52110545124975,14.1670013906948,8.06570725062563,1.51598182091889,0.842220785211773,0.128786294216183,2702706.28589777,10.4356173858259,0.000123378098591544
8,3,-0.154304612942167,0.998106265834729,0.840909090909091,-0.329493604759606,0.329493604759606,0.213834499206631,7.30570475451773,8.46033541641314,14.1670013906948,8.37077195762909,1.55560612396006,0.850109745951184,0.132328314022619,2631582.43812642,10.3532512639493,0.000123378098591544
8,3,-0.132182673417614,0.998298375896953,0.863636363636364,-0.301269167791518,0.301269167791518,0.218206232635876,6.53880526102497,8.36425890864374,14.1670013906948,8.66058342928237,1.59586862548109,0.857604258653625,0.135734074875731,2564105.96716386,10.255444956182,0.000123378098591544
8,3,-0.109673985611727,0.998103737677842,0.886363636363636,-0.345066501203027,0.345066501203027,0.224549246064233,7.29124280225423,8.31060810332426,14.1670013906948,8.935904327353,1.6368060608822,0.864724045720944,0.138775092626148,2500003.31974943,10.1813399023338,0.000123378098591544
8,3,-0.0875364199581672,0.99828022161106,0.909090909090909,-0.318860994760961,0.318860994760961,0.22926483349907,6.59277011511858,8.22471620391397,14.1670013906948,9.19745918052008,1.678436435775,0.871487843434897,0.141539653664977,2439027.63074546,10.0938138099627,0.000123378098591544
8,3,-0.0652021014215474,0.998259952661217,0.931818181818182,-0.329173523337355,0.329173523337355,0.234260267990984,6.65681495746273,8.14632114159141,14.1670013906948,9.44593629102882,1.72075892729443,0.877913451263152,0.144000177277128,2380955.54597977,10.0119805039508,0.000123378098591544
8,3,-0.0431863969377928,0.998558297764239,0.954545454545455,-0.274869251712252,0.274869251712252,0.236290717177047,5.47735090336627,8.01287262968015,14.1670013906948,9.68198954601212,1.76375438453949,0.884017778699994,0.146030904447141,2325584.48841248,9.90652400161165,0.000123378098591544
8,3,-0.0211754111242421,0.998861361537465,0.977272727272727,-0.216825471144822,0.216825471144822,0.235317454875436,4.28303415250745,7.82638070582152,14.1670013906948,9.90624013824625,1.80738639584766,0.889816889764995,0.14725240026563,2272730.29709826,9.77871741413201,0.000123378098591544
8,3,0.000287802243104318,0.999712197756896,1,-0.0540186936416065,0.0540186936416065,0.226252516813745,1.06697740276057,7.48841054066847,14.1670013906948,10.1192782008687,1.85160287021417,0.895326045276745,0.144346168277783,2222225.18095355,9.58512319165709,0.000123378098591544
9,1,0.0181818181818182,0,0,0,0,0,0,0,0,0,0,0,0.731132702817532,100000000,0,0.000277777777777778
9,1,0.00945002562169609,0.0310458421468989,0.0227272727272727,0.153283887147712,0.153283887147712,0.00766419435738561,26.4889773887205,1.32444886943602,15.7534269769506,0.787671348847528,0.0199286416740473,0.05,0.393585983875083,50000000.0317391,13.2444886943602,0.000277777777777778
9,1,0.00954247680543074,0.0532674405499412,0.0454545454545454,-0.0037564103242782,0.0037564103242782,0.00746880515573024,0.649332877593418,1.29069306984389,4.08997094851634,0.952786328830969,0.0399719593240137,0.0475,0.263008713925625,33333333.4359929,9.04610342210463,0.000277777777777778
9,1,0.00867551538325406,0.0764484515588947,0.0681818181818182,-0.0399109529866206,0.0399109529866206,0.00909091254727476,6.74367875491232,1.56334235409732,2.43304901681546,1.02679946323019,0.0601042027025822,0.095125,0.199193645789891,25000000.1797464,8.47049725530655,0.000277777777777778
9,1,0.00862924138761226,0.0988087751413134,0.0909090909090909,-0.0251351686977075,0.0251351686977075,0.0098931253547964,4.21131886068868,1.69574117942688,1.11190185663233,1.0310545829003,0.0803000523022129,0.101530831487037,0.160776890112881,20000000.3236691,7.61866157638298,0.000277777777777778
9,1,0.0100037749698662,0.119748291145836,0.113636363636364,-0.0343967104567935,0.0343967104567935,0.0111183046098963,5.67242282379817,1.89457526164545,0.840415733072468,1.02152264040891,0.100535151867963,0.14407913423077,0.134354678611274,16666667.1347055,7.29428845095218,0.000277777777777778
9,1,0.0111150326984165,0.140951083004063,0.136363636363636,-0.0327792121595754,0.0327792121595754,0.0122013499873802,5.33097794815176,2.06639539597076,0.647162645561102,1.00280464066652,0.120786518092309,0.178131918304961,0.115238382898722,14285714.9076342,7.01381552198069,0.000277777777777778
9,1,0.0115161578389139,0.162864007450342,0.159090909090909,-0.0617096980908931,0.0617096980908931,0.0146767673925559,9.57018590362503,2.44158492135348,0.476189369069203,0.976473877086653,0.141032823088375,0.219225322389713,0.103395347880064,12500000.8066806,7.33336181968623,0.000277777777777778
9,1,0.0118950440094751,0.184799170866558,0.181818181818182,-0.0384211339256249,0.0384211339256249,0.0158639857192093,5.85829308613858,2.61242032959273,0.336364175512412,0.94446839200794,0.161254552365192,0.258264056270228,0.0922378843900533,11111112.1584903,7.16946529373649,0.000277777777777778
9,1,0.0130398570894691,0.205968407373341,0.204545454545455,-0.00719539812707159,0.00719539812707159,0.0154305563396024,1.09701236238316,2.53664993123225,0.246350033239227,0.909562474069505,0.181434047713092,0.245350853456716,0.0854398184405643,10000001.3485677,6.56222000060116,0.000277777777777778
9,1,0.0130476930703314,0.228274620979255,0.227272727272727,0.0140656709381002,0.0140656709381002,0.0153623120695273,2.14060779566789,2.51684782445403,0.209662183658711,0.874567459548965,0.201555450323304,0.23308331078388,0.0822059700339239,9090910.7504777,6.16025525469813,0.000277777777777778
9,1,0.0119962790518862,0.251640084584477,0.25,-0.0811557501022979,0.0811557501022979,0.0186519839711658,11.5094850187858,2.96647968417062,0.177271283585512,0.839702650750792,0.221604564329507,0.271429145244686,0.0769254529936705,8333335.32469386,6.60602440170544,0.000277777777777778
9,1,0.0126486340020518,0.273301779221089,0.272727272727273,0.039637445253482,0.039637445253482,0.0197012570352816,5.53728939332949,3.09502016962857,0.153186912954364,0.805376863860971,0.241568664542033,0.307857687982452,0.0758798026972241,7692310.03263839,6.52381401644575,0.000277777777777778
9,1,0.0134007467322343,0.294863716077683,0.295454545454545,0.000776935745038454,0.000776935745038454,0.0187550409707695,0.108590382873223,2.9456986802908,0.134388944483675,0.771827467892106,0.261436274284966,0.292464803583329,0.0737187993520202,7142859.84752767,6.06558375690486,0.000277777777777778
9,1,0.0166093768748499,0.313969135521844,0.318181818181818,-0.0322647081595835,0.0322647081595835,0.0194305243302102,4.46658185018581,3.02174283878555,0.12225079859528,0.739348634427265,0.281196939853099,0.317072697890712,0.0695811819692056,6666669.73635287,5.95898362979025,0.000277777777777778
9,1,0.0183175543925782,0.334575007590893,0.340909090909091,-0.0446750503556372,0.0446750503556372,0.0206927506314815,6.07254860238298,3.17428312696542,0.113910411081328,0.708076723259968,0.300841027167328,0.351219062996176,0.065255390892547,6250003.42650762,5.9660814405773,0.000277777777777778
9,1,0.0208891020862286,0.354317509484019,0.363636363636364,-0.0522573203286911,0.0522573203286911,0.022270979116342,6.93379707091925,3.36225882416311,0.110535463537676,0.678199660273853,0.320359563788748,0.383658109846368,0.0619777215691027,5882356.69829365,6.02300588942094,0.000277777777777778
9,1,0.0224022858356135,0.375118375321411,0.386363636363636,-0.00674248333173066,0.00674248333173066,0.0214945543271114,0.894720168674375,3.23888189138868,0.111851999640033,0.649882277242162,0.339744145692534,0.364475204354049,0.0600043702796681,5555559.60063209,5.73810112715725,0.000277777777777778
9,1,0.0230912899834941,0.396743420760308,0.409090909090909,-0.0600986441982445,0.0600986441982445,0.0234247588206681,7.73654235218461,3.46376491442847,0.118556161709963,0.623315971465552,0.358986923308834,0.396251444136347,0.0572183598718025,5263162.17085256,5.84328224426395,0.000277777777777778
9,1,0.0227766094503657,0.419372150880213,0.431818181818182,-0.0501945006603761,0.0501945006603761,0.0247632459126535,6.33380596532424,3.60726696697326,0.112796780138312,0.59779001189919,0.378080675572372,0.426438871929529,0.054457531209372,5000004.505585,5.86780843031696,0.000277777777777778
9,1,0.0222676618233767,0.442195148093979,0.454545454545455,-0.0105126633204069,0.0105126633204069,0.0240507167830412,1.32603951121742,3.49320559418547,0.105792586602043,0.573190140634333,0.397018974392382,0.405116928333053,0.0532449595212175,4761909.50305515,5.65153371988365,0.000277777777777778
9,1,0.024152675712267,0.462624183791865,0.477272727272727,-0.0229914942193332,0.0229914942193332,0.0239977556548558,2.88940000559723,3.46301531475606,0.100832724170174,0.549572269811125,0.415796435396299,0.387583500102751,0.0516676316793959,4545459.5218897,5.52598218741609,0.000277777777777778
9,1,0.027626065936771,0.503778892740915,0.522727272727273,-0.0220253539875146,0.0220253539875146,0.0230662557686755,2.75927454954234,3.30192479864721,0.0946435308128856,0.505337607670353,0.45285454279153,0.349794108842733,0.0493970496924577,4166672.0973671,5.21430410224195,0.000277777777777778
9,1,0.0294110417166704,0.524307966547792,0.545454545454545,-0.046165923867159,0.046165923867159,0.0242212391735996,5.69192515889489,3.42142481665959,0.0934541219081798,0.484743433382244,0.471132850864444,0.382304403400596,0.0474505629157905,4000005.64148992,5.23340894450807,0.000277777777777778
9,1,0.0310519896664713,0.544981068184768,0.568181818181818,-0.0460651659619886,0.0460651659619886,0.0253134355130191,5.59276908550048,3.52999203010163,0.0935384704141378,0.465183185233839,0.489246501971281,0.413189183230567,0.0457749742571961,3846159.68184756,5.24723048839239,0.000277777777777778
9,1,0.0328023146026686,0.565544792835348,0.590909090909091,-0.00536911905767523,0.00536911905767523,0.0243162196902519,0.652051944089399,3.38609502580102,0.0948897005641369,0.446668511000353,0.507201060153853,0.392529724069038,0.0450142241491907,3703709.71357734,5.07703869045524,0.000277777777777778
9,1,0.0373792120353719,0.583281944989422,0.613636363636364,-0.0473262980557032,0.0473262980557032,0.0254667236085245,5.65763148778367,3.49967184890016,0.0970842856999865,0.429189299735335,0.525005490542227,0.422903237865586,0.0436928042064607,3571434.73453272,5.09777414750269,0.000277777777777778
9,1,0.039706857415452,0.603268349196118,0.636363636363636,0.00813050790294456,0.00813050790294456,0.0245999128232455,0.971990015396206,3.37328775722496,0.0987737564854872,0.412668522572843,0.542672453130782,0.401758075972307,0.0433419065047292,3448282.16176079,4.95550572915419,0.000277777777777778
9,1,0.0428874451319176,0.622401811066429,0.659090909090909,-0.00826591229091411,0.00826591229091411,0.0237832127966289,0.988189020691204,3.25403282039827,0.0928315375907435,0.396676673323738,0.560218492145099,0.381670172173692,0.0427584666526014,3333339.7821088,4.82326183887209,0.000277777777777778
9,1,0.0469388013448376,0.640664504440286,0.681818181818182,-0.020603885505889,0.020603885505889,0.0236242464320919,2.45697526330164,3.21417994254344,0.0891298116205312,0.381299330238577,0.577664096710012,0.362586663565007,0.0418285152058904,3225813.05428564,4.74693001385369,0.000277777777777778
9,1,0.0527942321449241,0.679437172813754,0.727272727272727,-0.0206435190009717,0.0206435190009717,0.0236524822566066,2.44381444127468,3.17720035527538,0.0876499271611034,0.352654358484814,0.612354997505242,0.34614579470168,0.0400060231320754,3030309.92544914,4.63167328001677,0.000277777777777778
9,1,0.0569063569598786,0.697639097585576,0.75,0.0787001155616194,0.0787001155616194,0.0264048639218573,8.94097636160045,3.46538915559163,0.0899282924353358,0.33951805518234,0.629659396434159,0.378838504966596,0.041302393599022,2941183.4899939,4.75841748829865,0.000277777777777778
9,1,0.0616277230201269,0.715231781112105,0.772727272727273,-0.0402754359554915,0.0402754359554915,0.027098392523539,4.53067912292378,3.51865365395824,0.0939971795736853,0.327242011401908,0.646980567358365,0.409896579718266,0.0403479601916373,2857149.97995456,4.75191067785936,0.000277777777777778
9,1,0.0646444877192606,0.734529065999748,0.795454545454545,-0.075409643997506,0.075409643997506,0.0295139550972373,8.19715272868475,3.75257860769456,0.100503403422283,0.315905081002926,0.664354137996324,0.439401750732353,0.0399088645786961,2777784.97912004,4.84761184593785,0.000277777777777778
9,1,0.0653385728740384,0.756149030431747,0.818181818181818,0.0303332658415161,0.0303332658415161,0.0295549206344513,3.2811201646217,3.72900568554092,0.110262042341493,0.305622929069855,0.681816728319697,0.449058694067845,0.0401404947643036,2702709.95453042,4.8052742329293,0.000277777777777778
9,1,0.0681969435707875,0.775604709321774,0.840909090909091,-0.0138723762195729,0.0138723762195729,0.0287707934137073,1.49962334634241,3.61753656858099,0.121412652088202,0.296412415220772,0.699404957935558,0.426605759364453,0.0396737660854272,2631586.22510525,4.71828342012439,0.000277777777777778
9,1,0.0706326882793188,0.79548301420002,0.863636363636364,-0.0475662736346969,0.0475662736346969,0.0297105674247568,5.07779711013262,3.69054959565857,0.135120481093491,0.288347818514408,0.717154370664527,0.45527547139623,0.0387874550138636,2564109.84499492,4.72750171986819,0.000277777777777778
9,1,0.0740439878627135,0.814385764203402,0.886363636363636,0.0603315073998743,0.0603315073998743,0.0312416144235127,6.31398406850182,3.82172131930074,0.152555829214391,0.281558219049407,0.735098313288187,0.482511697826419,0.0393137552110655,2500007.26274448,4.76716377858403,0.000277777777777778
9,1,0.0743070458438342,0.836436755809058,0.909090909090909,-0.0171979508861746,0.0171979508861746,0.0305394312466458,1.79783678352588,3.72052709251199,0.178223023229152,0.276391459258394,0.753266809467868,0.458386112935098,0.0388882572015136,2439031.61270065,4.69474116894846,0.000277777777777778
9,1,0.0760721968600633,0.856985654379606,0.931818181818182,-0.0115439719394494,0.0115439719394494,0.029589658281286,1.20650674235652,3.59482607500422,0.206051518670641,0.272874462229007,0.771685472200076,0.435466807288343,0.0382579032988056,2380959.54699719,4.61168796831532,0.000277777777777778
9,1,0.07720688455511,0.878165016271336,0.954545454545455,-0.035825184714156,0.035825184714156,0.0299014346029295,3.72009535947648,3.60108953922783,0.239050539431163,0.271183266089114,0.790374498720016,0.463693466923926,0.0376502993799987,2325588.49202553,4.59095325648186,0.000277777777777778
9,1,0.0795911021205608,0.898094848292663,0.977272727272727,-0.0120620684709354,0.0120620684709354,0.0290094662963298,1.25217186026648,3.48364365527976,0.273422625941678,0.271295234081743,0.809347790421703,0.440508793577729,0.0374346283132716,2272734.29123726,4.51507186111333,0.000277777777777778
9,1,0.0786607443361507,0.921339255663849,1,0.169326474420188,0.169326474420188,0.0360253167025227,15.369722693662,4.07794760719888,0.339176847121026,0.274689314733707,0.828612237143256,0.468483353898843,0.0391848896191802,2222229.15028342,4.75628632405885,0.000277777777777778
9,2,0.0181818181818182,0,0,0,0,0,0,0,0,0,0,0,0.731010920632261,100000000,0,0.000126702042486857
9,2,-0.00305453038738772,0.0435503981559828,0.0227272727272727,-0.0256465092493054,0.0256465092493054,0.00128232546246527,7.85958241995933,0.392979120997967,6.18216295906559,0.30910814795328,0.042813373693168,0.0131752332649821,0.390863976648233,50000000.0808778,3.92979120997966,0.000126702042486857
9,2,0.000756939561183889,0.062052977794188,0.0454545454545454,-0.107591179266583,0.107591179266583,0.00659776815267117,22.8282949081394,1.51474491035504,1.45599976944023,0.366452729027627,0.0859049903311637,0.062516471601733,0.266807022568604,33333333.6161897,10.2292924426996,0.000126702042486857
9,2,-0.0239502307274907,0.109074197669639,0.0681818181818182,0.00703420529957555,0.00703420529957555,0.00661959001001638,1.49157623321039,1.51358647649781,0.950052694826211,0.395632727317556,0.129257280675338,0.0593906480216463,0.216941327012478,25000000.4752855,8.04486339032729,0.000126702042486857
9,2,-0.0541967525839055,0.161634769112831,0.0909090909090909,-0.000682559294729046,0.000682559294729046,0.00632273847425202,0.144804981631525,1.44514740175449,0.486047561043048,0.400153469003831,0.172850616213617,0.056421115620564,0.190087195593754,20000000.7917108,6.46485170858814,0.000126702042486857
9,2,-0.0806028249092434,0.210354891024946,0.113636363636364,-0.0783481646572519,0.0783481646572519,0.00992400978340201,14.7187108200643,2.10882557266998,0.232866148297306,0.391789102968505,0.216662836629025,0.103600059839536,0.160687232299996,16666668.0421444,7.84049489383416,0.000126702042486857
9,2,-0.104226472480623,0.256292588183102,0.136363636363636,-0.12033979834968,0.12033979834968,0.0154447992117159,18.3970542978505,2.92323700892901,0.168234669817134,0.380611381310936,0.260668720247832,0.148420056847559,0.142916661839163,14285716.3138492,9.34857480869364,0.000126702042486857
9,2,-0.128718716764358,0.303098882053614,0.159090909090909,-0.0614674199456298,0.0614674199456298,0.0177459302484116,9.01174730062845,3.22766252351398,0.127906835500774,0.367976154020428,0.304839453070328,0.190999054005181,0.125114357765503,12500002.7518919,9.30647137018549,0.000126702042486857
9,2,-0.156747752552643,0.353441967428676,0.181818181818182,-0.0847734679386805,0.0847734679386805,0.021097307132925,11.5723234735766,3.64489557101711,0.110511186068752,0.355102905622844,0.349142154929317,0.231449101304922,0.112072228559977,11111114.5626658,9.55823271500672,0.000126702042486857
9,2,-0.179053249619622,0.398061514082432,0.204545454545455,-0.0753298440475456,0.0753298440475456,0.0238089339786561,9.78355915148502,3.95182875004051,0.119726671332523,0.343334093908328,0.393539520889809,0.269876646239676,0.101459580668133,10000003.941635,9.58076535865455,0.000126702042486857
9,2,-0.205991452189189,0.447313766238776,0.227272727272727,-0.092967281710199,0.092967281710199,0.0272668513652332,11.2848950954925,4.3184820673131,0.104082606955276,0.331371519560675,0.437989632173541,0.306382813927692,0.093197212863525,9090913.54764578,9.73568624382164,0.000126702042486857
9,2,-0.230154412911509,0.493790776547872,0.25,-0.0532500123714192,0.0532500123714192,0.0285660094155425,6.33588843661203,4.41935238577805,0.0955941119594893,0.319582649180616,0.482445983809603,0.341063673231307,0.0867696243658588,8333338.29041658,9.4523697598875,0.000126702042486857
9,2,-0.255640216254388,0.541590629477528,0.272727272727273,0.00119167219723915,0.00119167219723915,0.0271972925546273,0.141859198400647,4.20547772640918,0.0934356078068166,0.308275297111926,0.526857766187695,0.324010489569742,0.0849327772867204,7692313.09135053,8.73617663977313,0.000126702042486857
9,2,-0.278880588510436,0.587145051320353,0.295454545454545,-0.0921530792696523,0.0921530792696523,0.0304450818903786,10.368810523143,4.51364436624587,0.0979087781520797,0.297756971163934,0.571170425184109,0.357809965091255,0.0791719430531813,7142862.88579612,8.85279334572812,0.000126702042486857
9,2,-0.30556275978574,0.636141272182435,0.318181818181818,-0.0752110758483835,0.0752110758483835,0.0326833815882788,8.17870041159555,4.69689716851336,0.0897058536568271,0.287354415288578,0.615326511132308,0.389919466836692,0.0748040221710742,6666672.76991268,8.80785381678595,0.000126702042486857
9,2,-0.329248121967311,0.682140683950782,0.340909090909091,-0.0302317280753308,0.0302317280753308,0.0325607989126314,3.27149412870917,4.62562701652315,0.0878907719274572,0.277381233120522,0.659266811311995,0.401650769381987,0.0728747839607536,6250006.43290306,8.46183133628115,0.000126702042486857
9,2,-0.351644199581336,0.726850811151584,0.363636363636364,-0.0342800079867316,0.0342800079867316,0.0326467593663364,3.68612972334427,4.5786521518642,0.0977880649348793,0.26840157471124,0.702931744594538,0.428733616687421,0.0713292149647713,5882359.59721446,8.18090771199075,0.000126702042486857
9,2,-0.377111056796646,0.77463171795367,0.386363636363636,-0.0631178444385929,0.0631178444385929,0.0341703136199493,6.63911772760271,4.68167543065113,0.12148303478787,0.261055647715072,0.746262981204081,0.45729693585305,0.0692522611371117,5555562.29912488,8.09525271285808,0.000126702042486857
9,2,-0.399729760989214,0.819564471733016,0.409090909090909,-0.0447565105401462,0.0447565105401462,0.0346996234659591,4.65872303082246,4.68052781065969,0.159398790545332,0.255972804856585,0.789205236024592,0.484432089060397,0.0679600482320237,5263164.61356954,7.91438272959305,0.000126702042486857
9,2,-0.423038866269661,0.86518762660024,0.431818181818182,-0.0582108666865224,0.0582108666865224,0.0358751856269873,5.95380839314543,4.74419183978398,0.220993757539152,0.254223852490713,0.831708171253713,0.510210484607378,0.0667925887373826,5000006.60914179,7.81635401277066,0.000126702042486857
9,2,-0.44184591726608,0.906308727183436,0.454545454545455,-0.100809344793416,0.100809344793416,0.0391218935853087,9.80729177512371,4.99734683655097,0.292943371495103,0.256159828440932,0.873728334147582,0.534699960377009,0.0646907286466517,4761911.21887928,7.91116057288271,0.000126702042486857
9,2,-0.457752150067632,0.944529009571764,0.477272727272727,-0.0888522133747651,0.0888522133747651,0.0416084095747815,8.34201879810872,5.16458043462885,0.686929826224443,0.277698328330108,0.915231048679341,0.557964962358158,0.063719407828325,4545460.7751008,7.93074503766571,0.000126702042486857
9,2,-0.447218474862422,0.978623433540108,0.522727272727273,-0.377738795879627,0.377738795879627,0.0636120302030413,22.6271363394311,6.40719416143148,14.1670013906948,1.22890030849249,0.996599663633425,0.601063378528238,0.0665547730187445,4166672.38744906,8.75194828306231,0.000126702042486857
9,2,-0.436638403105133,0.990357411369596,0.545454545454545,-0.333753029365677,0.333753029365677,0.077119080161173,16.9044884418917,6.93205887545449,14.1670013906948,1.87580536260261,1.03645479168682,0.621010209601826,0.0703403094616757,4000005.49477456,9.07804988941548,0.000126702042486857
9,2,-0.41733894017819,0.99337199802943,0.568181818181818,-0.340414201036432,0.340414201036432,0.090283836204936,15.1437942147814,7.34264564242083,14.1670013906948,2.49036516400721,1.07577306462218,0.639959699121735,0.0746794796084578,3846159.13230579,9.3113477480834,0.000126702042486857
9,2,-0.396575594740048,0.994922702178065,0.590909090909091,-0.342327006400058,0.342327006400058,0.102885994714692,13.7262988337553,7.66182830198756,14.1670013906948,3.07419697534159,1.11458466882412,0.657961714165648,0.0793575345214834,3703708.79668656,9.47486445496014,0.000126702042486857
9,2,-0.375380557502288,0.996041714527081,0.613636363636364,-0.321913342835592,0.321913342835592,0.113837362120737,11.9556867657221,7.87652122517428,14.1670013906948,3.62883719610925,1.15293446314283,0.675063628457366,0.084305154518647,3571433.48504013,9.56346525177307,0.000126702042486857
9,2,-0.353789925765771,0.996765132377342,0.636363636363636,-0.300491230484654,0.300491230484654,0.123170055538933,10.5286248313214,8.00912640548164,14.1670013906948,4.15574540583853,1.1908814709807,0.691310447034497,0.0894785286784611,3448280.60867966,9.59674661658508,0.000126702042486857
9,2,-0.331656934062159,0.996946190260506,0.659090909090909,-0.317838487287691,0.317838487287691,0.132903477126371,10.5087857134406,8.13410937087959,14.1670013906948,4.65630820508134,1.22849786631067,0.706744924682772,0.0943996434275704,3333337.92407656,9.6271479198136,0.000126702042486857
9,2,-0.309577006515423,0.997180312300547,0.681818181818182,-0.322030623073872,0.322030623073872,0.142359834423746,10.0952989915922,8.23216885191522,14.1670013906948,5.13184286436202,1.2658674656952,0.721407678448634,0.0991423959228402,3225810.89654462,9.64224956729033,0.000126702042486857
9,2,-0.265304079596481,0.997535484555159,0.727272727272727,-0.322747065947769,0.322747065947769,0.159619606366646,9.2427273457443,8.34069874062709,14.1670013906948,6.01277082067946,1.3402475293464,0.748570429799892,0.108090225407814,3030307.21012292,9.62441596251627,0.000126702042486857
9,2,-0.242968457870637,0.997513912416091,0.75,-0.346845532004129,0.346845532004129,0.16898090264852,9.48068505503967,8.39769805634771,14.1670013906948,6.42048234918023,1.37746413722021,0.761141908309897,0.112189730891382,2941180.52954833,9.6201885828846,0.000126702042486857
9,2,-0.221083518450956,0.997943022583187,0.772727272727273,-0.297510004165261,0.297510004165261,0.175407357724357,7.87958804860504,8.37179255596058,14.1670013906948,6.80780830125596,1.41484054662356,0.773084812894402,0.116371748058198,2857146.80214942,9.57045713904804,0.000126702042486857
9,2,-0.198933764491803,0.998107318210812,0.795454545454545,-0.281352999607047,0.281352999607047,0.180704639818491,7.25645595756548,8.31602572604082,14.1670013906948,7.1757679557279,1.45248219946091,0.784430572249682,0.120542817588551,2777781.61516156,9.5061793284513,0.000126702042486857
9,2,-0.176306493225484,0.997794096531269,0.818181818181818,-0.342798941262993,0.342798941262993,0.188809354890716,8.51865265778948,8.32615707262826,14.1670013906948,7.52532962747624,1.49048984045189,0.795209043637198,0.124333862586626,2702706.43828116,9.47948941843342,0.000126702042486857
9,2,-0.154575906316277,0.998377559208839,0.840909090909091,-0.255624546505874,0.255624546505874,0.192150114471474,6.23092621854006,8.22139552992385,14.1670013906948,7.85741321563717,1.52895640578697,0.805448591455338,0.128046056404691,2631582.58649972,9.39400091317307,0.000126702042486857
9,2,-0.131921231942503,0.998036934421842,0.863636363636364,-0.318943082338864,0.318943082338864,0.198489762864844,7.55309592067246,8.18798054946128,14.1670013906948,8.17289262439005,1.56796408710802,0.815176161882571,0.131327867777924,2564106.11173271,9.34679822105767,0.000126702042486857
9,2,-0.109699880635903,0.998129632702018,0.886363636363636,-0.311766136886082,0.311766136886082,0.204153581565906,7.19318592271781,8.1382408181241,14.1670013906948,8.47259806270529,1.60758167830506,0.824417353788443,0.134296392984458,2500003.46070406,9.29295791359917,0.000126702042486857
9,2,-0.0873178013721094,0.998061603025002,0.909090909090909,-0.332686642945481,0.332686642945481,0.210580234634884,7.46279477565836,8.10446851600081,14.1670013906948,8.75731822910476,1.64786230393357,0.833196486099021,0.137116645585119,2439027.76826217,9.24831978828354,0.000126702042486857
9,2,-0.0651047260815232,0.998162577321193,0.931818181818182,-0.323011744084264,0.323011744084264,0.216201810107353,7.06609657696289,8.05254991904892,14.1670013906948,9.02780238718426,1.68884161531184,0.84153666179407,0.139692112895481,2380955.68022228,9.19636209277591,0.000126702042486857
9,2,-0.0429103348232232,0.998282235649669,0.954545454545455,-0.307615249811322,0.307615249811322,0.220772482092552,6.58506320283165,7.97917558323805,14.1670013906948,9.28476233735979,1.7305365240405,0.849459828704366,0.141803512558456,2325584.61953307,9.13563421161441,0.000126702042486857
9,2,-0.0209427034376717,0.998628653850895,0.977272727272727,-0.246802030138966,0.246802030138966,0.222073959494872,5.21355614051076,7.84089461110169,14.1670013906948,9.52887429002654,1.77294452344062,0.856986837269148,0.143129664134123,2272730.42523883,9.04649607363478,0.000126702042486857
9,2,0,1,1,0.011972135798263,0.011972135798263,0.211568868310042,0.253023182841722,7.46150103968869,14.1670013906948,9.76078064505995,1.81604362700307,0.81413749540569,0.140307837056889,2222225.30624656,8.85108556495049,0.000126702042486857
9,3,0.0181818181818182,0,0,0,0,0,0,0,0,0,0,0,0.731012957933536,100000000,0,0.000127111617652239
9,3,0.0054722375158632,0.0350236302527318,0.0227272727272727,-0.0717438167253435,0.0717438167253435,0.00358719083626717,18.4400484509275,0.922002422546375,4.71641213011098,0.235820606505549,0.042229522076182,0.05,0.374940953599002,50000000.1060128,9.22002422546375,0.000127111617652239
9,3,-0.0175538224017875,0.0803637397571594,0.0454545454545454,-0.119091023874562,0.119091023874562,0.00936238248818193,21.999373589058,1.97587098087196,1.88045742062288,0.318052447211416,0.0849066954010792,0.0975,0.251340632523044,33333333.5812704,13.4798073466618,0.000127111617652239
9,3,-0.0358662971540636,0.120990264096212,0.0681818181818182,-0.0389337041145894,0.0389337041145894,0.0108409485695023,7.01636452764591,2.22789565821066,0.822479456075484,0.343273797654619,0.128026603758023,0.142625,0.195363758871538,25000000.4899117,11.8639466419079,0.000127111617652239
9,3,-0.060216449855492,0.167654466384418,0.0909090909090909,-0.0980506388978353,0.0980506388978353,0.015201433085919,15.4311225610979,2.88805700335502,0.436942928061075,0.347957254174942,0.1715739185582,0.18549375,0.158011872055119,20000000.8496551,12.5773818257459,0.000127111617652239
9,3,-0.0870809502276281,0.216833016343331,0.113636363636364,-0.0476774997031431,0.0476774997031431,0.0168252364167802,7.30419326891949,3.10886381663324,0.227320670575843,0.341925424994987,0.215522234189057,0.2262190625,0.135927860861076,16666668.1078912,11.6985170662748,0.000127111617652239
9,3,-0.115249584453307,0.267315700155786,0.136363636363636,-0.0588233073575086,0.0588233073575086,0.0189251399638166,8.67069412111431,3.38695533185729,0.159032122826038,0.332780759886539,0.259833737469002,0.264908109375,0.119271067457313,14285716.4193407,11.2659709312519,0.000127111617652239
9,3,-0.138874991906737,0.313255157195993,0.159090909090909,-0.0240143989503054,0.0240143989503054,0.019179602913141,3.51954689701707,3.39358491011528,0.122635414556582,0.322273492620041,0.304459257614363,0.258412306072807,0.109195856613404,12500002.8862046,10.2976679269725,0.000127111617652239
9,3,-0.163234421143124,0.359928636019157,0.181818181818182,-0.0742835907491002,0.0742835907491002,0.021934802304939,10.2986189165257,3.7388366104358,0.110401995212395,0.311679917749659,0.349338728600835,0.295491690769166,0.0973275699804963,11111114.6830493,10.2977735924784,0.000127111617652239
9,3,-0.192411211588223,0.411419476051033,0.204545454545455,-0.0428575711035188,0.0428575711035188,0.022980940744868,5.84237586720739,3.84401357327438,0.115570855862996,0.301874464655326,0.394402079125091,0.330717106230708,0.0904010971405791,10000004.0800144,9.85223381995132,0.000127111617652239
9,3,-0.21939772015626,0.460720034205847,0.227272727272727,-0.0406215041741103,0.0406215041741103,0.0238629689163301,5.45720251355923,3.92467302028862,0.101215057957026,0.291841494320411,0.439570547260972,0.364181250919173,0.0851376967445301,9090913.69819065,9.45268551937022,0.000127111617652239
9,3,-0.247903569275387,0.51153993291175,0.25,-0.0954709149197472,0.0954709149197472,0.0274433662165009,11.8905419343507,4.32296646599173,0.0940282499865946,0.28195083210372,0.48475839815733,0.395972188373214,0.078371732116464,8333338.44293324,9.65584022061859,0.000127111617652239
9,3,-0.272569142516751,0.558519555739891,0.272727272727273,-0.0550527814683757,0.0550527814683757,0.0288238369790947,6.70411184814756,4.44202373509952,0.0942968618526791,0.272568133591168,0.529875004584436,0.426173578954553,0.0737588302857204,7692313.22461582,9.42878419196698,0.000127111617652239
9,3,-0.295461097857698,0.603725560667615,0.295454545454545,-0.0148585052056012,0.0148585052056012,0.02812557039042,1.80735673180717,4.3102903849349,0.0986071300395122,0.263870083413585,0.574827232652833,0.404864900006826,0.0721781822529596,7142863.00437573,8.88439651624128,0.000127111617652239
9,3,-0.323847110125799,0.654425622522493,0.318181818181818,-0.073118791953934,0.073118791953934,0.0303752314685957,8.56579242324808,4.52306548685056,0.0875963797945623,0.255056398232634,0.619522059419864,0.434621655006484,0.0688774991229598,6666672.8984838,8.86315624337506,0.000127111617652239
9,3,-0.352876477980002,0.705769039963473,0.340909090909091,-0.0837897008040764,0.0837897008040764,0.0330459549353697,9.37891132569792,4.76585777879292,0.0916435110691346,0.246885753874459,0.663869336112178,0.46289057225616,0.0654701070914554,6250006.52431902,8.89539093602024,0.000127111617652239
9,3,-0.38251480045629,0.757721412026538,0.363636363636364,-0.0623614102775183,0.0623614102775183,0.0345117277024772,6.81952273051103,4.86854102637883,0.111209029030563,0.240101917632264,0.707784600969346,0.489746043643352,0.0634932658544004,5882359.61065765,8.77328104157852,0.000127111617652239
9,3,-0.403434833909812,0.800955495066837,0.386363636363636,-0.0803480609918079,0.0803480609918079,0.0368035443669437,8.46967245645301,5.04859759788254,0.139670942989692,0.235080368900136,0.751191839761378,0.515258741461184,0.0608756965565339,5555562.25227029,8.75641389796044,0.000127111617652239
9,3,-0.424178405434223,0.844013116178024,0.409090909090909,-0.0603514805114438,0.0603514805114438,0.0379809411741687,6.23982881253991,5.10815915861541,0.188499931420308,0.232751347026144,0.794026090198247,0.539495804388125,0.0593706982020202,5263164.51820563,8.62396205135936,0.000127111617652239
9,3,-0.443561825886613,0.885710586217192,0.431818181818182,-0.0848831477712113,0.0848831477712113,0.0403260515040208,8.46049419027239,5.27577591019825,0.252611787622298,0.233744369055952,0.836235788902599,0.562521014168719,0.0576018452015455,5000006.49022752,8.61578865830501,0.000127111617652239
9,3,-0.465285547399887,0.929748357317242,0.454545454545455,-0.0932079797654795,0.0932079797654795,0.0429701479170938,8.91765574601631,5.45786990198916,0.41845496987682,0.242979899096995,0.877784766340712,0.584394963460283,0.0563750326344619,4761911.05687114,8.63016328152936,0.000127111617652239
9,3,-0.480517276406636,0.967294135910768,0.477272727272727,-0.107890079921649,0.107890079921649,0.0462161445173215,9.81724653823458,5.67583873380143,1.78992128828363,0.320326968556327,0.91865380589683,0.605175215287269,0.0561593945072352,4545460.5796808,8.6841216113796,0.000127111617652239
9,3,-0.45912109576376,0.990526054441446,0.522727272727273,-0.331003746493644,0.331003746493644,0.0728665320496527,18.3732006631721,7.03675193831615,14.1670013906948,1.67037772471483,0.998365735790188,0.64367063179676,0.0626705020977078,4166672.20392295,9.59936979236325,0.000127111617652239
9,3,-0.440585451210874,0.994304459475336,0.545454545454545,-0.284702110606072,0.284702110606072,0.0834583109774737,14.1418711344216,7.39200789812142,14.1670013906948,2.29520890801383,1.03726162593279,0.661487100206922,0.0677429162833753,4000005.31858949,9.78106984604558,0.000127111617652239
9,3,-0.418263486618379,0.994296544469618,0.568181818181818,-0.396304989439097,0.396304989439097,0.0991006449005548,16.7179503783611,7.8583050221334,14.1670013906948,2.88879853214787,1.07558279569551,0.678412745196576,0.0718536304723975,3846158.96289707,10.0478729434423,0.000127111617652239
9,3,-0.397543356563411,0.995890464001427,0.590909090909091,-0.34650041332397,0.34650041332397,0.111470633321726,13.273592825077,8.12906941228058,14.1670013906948,3.45270867507522,1.11339911752889,0.694492107936747,0.0769800695360667,3703708.63355224,10.1673440501695,0.000127111617652239
9,3,-0.376011832748113,0.996672989772907,0.613636363636364,-0.320454989380923,0.320454989380923,0.121919851124685,11.448804585528,8.29505617094295,14.1670013906948,3.9884233108562,1.15079508046851,0.70976750253991,0.0822684230015946,3571433.32773204,10.2131104978609,0.000127111617652239
9,3,-0.353802512234796,0.996777718846366,0.636363636363636,-0.350474222641608,0.350474222641608,0.133347569700532,11.6469195446879,8.4626493396302,14.1670013906948,4.49735221484813,1.1878674659038,0.724279127412914,0.0871768199136309,3448280.45679599,10.2625521891308,0.000127111617652239
9,3,-0.331685665367449,0.996974921565796,0.659090909090909,-0.364957876000326,0.364957876000326,0.144928085015521,11.3288958034355,8.60596166282046,14.1670013906948,4.98083467364046,1.2247226023944,0.738065171042269,0.091989972008624,3333337.77725567,10.2980969762743,0.000127111617652239
9,3,-0.310019137032691,0.997622442817815,0.681818181818182,-0.303492021229816,0.303492021229816,0.152856281826236,9.03289425806632,8.62730829258276,14.1670013906948,5.44014300949318,1.26147329084004,0.751161912490155,0.0970032617274186,3225810.75445989,10.2572839853644,0.000127111617652239
9,3,-0.265498882536413,0.997730287495091,0.727272727272727,-0.319702751038281,0.319702751038281,0.168571644629692,8.78744716894271,8.64402666153668,14.1670013906948,6.29101170166034,1.33512497486635,0.775423626022365,0.106667508273976,3030307.07664939,10.1689078009617,0.000127111617652239
9,3,-0.243311029886721,0.997856484432176,0.75,-0.314109400233994,0.314109400233994,0.175848532409907,8.33274308212444,8.62846248256607,14.1670013906948,6.68481118611206,1.37225378713861,0.786652444721247,0.11118230873066,2941180.40000048,10.11490295629,0.000127111617652239
9,3,-0.220890582948731,0.997750087080962,0.772727272727273,-0.345122057982054,0.345122057982054,0.184312208688514,8.79834891822545,8.63695680434904,14.1670013906948,7.0589206963412,1.40972709238787,0.797319822485184,0.115166504267433,2857146.67630294,10.077287126631,0.000127111617652239
9,3,-0.198722090375988,0.997895644094996,0.795454545454545,-0.334745272163437,0.334745272163437,0.19183386186226,8.24291445340391,8.61725468680178,14.1670013906948,7.41432473105888,1.4476400594708,0.807453831360925,0.119093926911559,2777781.49281082,10.0263323301525,0.000127111617652239
9,3,-0.176545663347823,0.998033266653608,0.818181818181818,-0.321936062517505,0.321936062517505,0.198338971895022,7.69317071821602,8.5710504883725,14.1670013906948,7.75195856404067,1.48607516411698,0.817081139792879,0.122909554106592,2702706.31923719,9.96327390820824,0.000127111617652239
9,3,-0.154172026199878,0.997973679092441,0.840909090909091,-0.342589505963615,0.342589505963615,0.205551498598452,7.92915019354515,8.53895547363113,14.1670013906948,8.07271070537338,1.52509990778011,0.826227082803235,0.126580118425912,2631582.47058849,9.90974433676974,0.000127111617652239
9,3,-0.132105716180577,0.998221418659916,0.863636363636364,-0.306562002799672,0.306562002799672,0.210602023808513,6.92647247625968,8.45833132376255,14.1670013906948,8.37742523963945,1.56476503991891,0.834915728663073,0.130124699641604,2564105.99879357,9.83325018650025,0.000127111617652239
9,3,-0.110189462607268,0.998619214673384,0.886363636363636,-0.238778661219915,0.238778661219915,0.212010855679083,5.32072005700454,8.30145076042465,14.1670013906948,8.66690404719221,1.60510333834304,0.84316994222992,0.133373869910272,2500003.35058839,9.72043693326286,0.000127111617652239
9,3,-0.0874324354713649,0.998176237124257,0.909090909090909,-0.322907163568211,0.322907163568211,0.217555671073539,7.0193690948139,8.23734667714411,14.1670013906948,8.94190891436734,1.64612898097905,0.851011445118424,0.136301421026808,2439027.66083225,9.65455722988606,0.000127111617652239
9,3,-0.0654066940408063,0.998464545280476,0.931818181818182,-0.27477128964341,0.27477128964341,0.220416452002033,5.87204583900934,8.11908163523738,14.1670013906948,9.20316353818371,1.68783752006137,0.858460872862502,0.138885074162343,2380955.57535021,9.56449743486518,0.000127111617652239
9,3,-0.0429058726881515,0.998277773514598,0.954545454545455,-0.314266170187132,0.314266170187132,0.225108937911288,6.57269507328025,8.04176230713952,14.1670013906948,9.45135543080927,1.73020644726167,0.865537829219377,0.141033218960311,2325584.51709989,9.49492063575855,0.000127111617652239
9,3,-0.0211252196531726,0.998811170066396,0.977272727272727,-0.21685220824792,0.21685220824792,0.22469610142812,4.49160262131064,7.86425432284808,14.1670013906948,9.68713772880355,1.77319631656061,0.872260937758409,0.142366840561555,2272730.32513368,9.38120886270292,0.000127111617652239
9,3,0.00040397068197795,0.999596029318022,1,-0.072667709410573,0.072667709410573,0.217094681827242,1.50419565315989,7.54625138936367,14.1670013906948,9.91113091189811,1.81675237162412,0.878647890870488,0.139570528812648,2222225.20836597,9.20616412471307,0.000127111617652239
10,2,0.0181818181818182,0,0,0,0,0,0,0,0,0,0,0,0.731070319198264,100000000,0,0.000277777777777778
10,2,0.00582861769362421,0.0346672500749708,0.0227272727272727,0.209279374779572,0.209279374779572,0.0104639687389786,28.5354226584046,1.42677113292023,15.7154461569948,0.78577230784974,0.020139552303051,0.05,0.374498609566663,50000000.0318158,14.2677113292023,0.000277777777777778
10,2,0.00479764150967922,0.0580122758456927,0.0454545454545454,0.0462404563113403,0.0462404563113403,0.0122527931175967,6.18620112922412,1.66474263273542,3.76450519945388,0.934708952429947,0.0404023958379909,0.0975,0.269272933911609,33333333.4430903,11.5738745958762,0.000277777777777778
10,2,0.00481351703797384,0.0803104499041749,0.0681818181818182,-0.0322758493732875,0.0322758493732875,0.0132539459303812,4.28037168335092,1.7955240852662,2.19795136853303,0.997871073235101,0.0607789432454737,0.131899997532628,0.204977293275299,25000000.19606,9.7504988677449,0.000277777777777778
10,2,0.00495314323150371,0.102484873297422,0.0909090909090909,-0.0985789433218272,0.0985789433218272,0.0175201957999535,12.0867939150618,2.31008757675598,1.01662433713607,0.99880873643015,0.0812588144392449,0.175304997655997,0.172068317191949,20000000.3535775,10.2177578772083,0.000277777777777778
10,2,0.00108964738398046,0.128662418731722,0.113636363636364,0.0146983999665125,0.0146983999665125,0.0173791060082815,1.80015315593481,2.28459085571492,0.756801422773588,0.986708370747322,0.101830639169451,0.166539747773197,0.151227292438387,16666667.1815397,8.81482375699603,0.000277777777777778
10,2,0.00139539102562705,0.150670724676852,0.136363636363636,-0.000965781462821447,0.000965781462821447,0.0165584397810085,0.118340248062848,2.17627832533231,0.568485273965677,0.96579721590824,0.122481828862117,0.158212760384537,0.135153129219409,14285714.9783284,7.57246897000558,0.000277777777777778
10,2,0.00108331034085918,0.173296854948397,0.159090909090909,-0.0588329913202061,0.0588329913202061,0.0186721673579684,7.03200985336792,2.41906490173409,0.405775992073514,0.937796154716503,0.143198343387271,0.20030212236531,0.118561042567791,12500000.9140891,7.50491158042587,0.000277777777777778
10,2,-0.0026047473011617,0.199298962177195,0.181818181818182,-0.0366919848488432,0.0366919848488432,0.0195731582325121,4.34616333896681,2.51541982359573,0.260260600204194,0.903919376990888,0.163964479876812,0.240287016247045,0.107187872921071,11111112.3505572,7.15393955359709,0.000277777777777778
10,2,-0.00181994135212277,0.220828205814933,0.204545454545455,-0.0122035193492915,0.0122035193492915,0.0192046762883511,1.44471932525259,2.46188479867857,0.22126937424516,0.869786876853601,0.184762710607148,0.228272665434692,0.099124786221221,10000001.5674393,6.58301753076264,0.000277777777777778
10,2,-0.00302786687506795,0.244350180924655,0.227272727272727,-0.0313721509616212,0.0313721509616212,0.0198130500220146,3.69047406256184,2.52331426187274,0.186754886932574,0.83563527735755,0.2055735952673,0.25257616193312,0.0919107158923954,9090911.00263687,6.32005903365347,0.000277777777777778
10,2,-0.00230732410707585,0.26594368774344,0.25,-0.0167564083685687,0.0167564083685687,0.0196602179393423,1.96830836932272,2.49556396724524,0.160777644664217,0.801892395722883,0.226375789717003,0.239947353836464,0.0863595944212625,8333335.60406465,5.95741314495924,0.000277777777777778
10,2,-0.0039909162367599,0.2899413294599,0.272727272727273,-0.0482136394567854,0.0482136394567854,0.0210878890152144,5.57746724382359,2.64965913107415,0.138157520135213,0.7687056519435,0.247146168744376,0.277949986144641,0.0804532117145429,7692310.34514544,5.92818653717958,0.000277777777777778
10,2,-0.00477786359814752,0.313042326408065,0.295454545454545,-0.0416869333663166,0.0416869333663166,0.0221178412327695,4.76965796529284,2.75565907278509,0.122736363938768,0.736407187543263,0.267860074573008,0.314052486837408,0.075436522399502,7142860.18817395,5.84543449633053,0.000277777777777778
10,2,-0.00584899736381267,0.336427509760507,0.318181818181818,-0.0389444058758004,0.0389444058758004,0.0229591694649211,4.4144462265965,2.83859843047566,0.113404579793361,0.705257057155768,0.288491696218028,0.348349862495538,0.0713022334395799,6666670.09682809,5.75003527834826,0.000277777777777778
10,2,-0.00566065200045784,0.358553213983929,0.340909090909091,-0.0631556389236132,0.0631556389236132,0.0249689929378557,6.9854938472867,3.04594320131621,0.110399306163412,0.67551416960615,0.309014577572397,0.380932369370761,0.0671948058395216,6250003.78190308,5.82725143890691,0.000277777777777778
10,2,-0.00598253062332194,0.38118914219357,0.363636363636364,0.00500901438500811,0.00500901438500811,0.0239709940102133,0.554227160817952,2.9213573992913,0.113179289962127,0.647397425623949,0.329402244673289,0.361885750902223,0.0656688328348015,5882357.02035223,5.51707354019579,0.000277777777777778
10,2,-0.00752049924931231,0.405041160406337,0.386363636363636,-0.047946340828227,0.047946340828227,0.025169761351114,5.23450212385694,3.03701463551958,0.118002385529496,0.620927673619226,0.349628935325255,0.393791463357112,0.0628088976910745,5555559.87891072,5.50137512817697,0.000277777777777778
10,2,-0.00444273760436276,0.424277448348164,0.409090909090909,-0.0124360703160624,0.0124360703160624,0.0245330767993614,1.35712555557199,2.9530201815222,0.11117311247133,0.595439945561831,0.369670407511423,0.374101890189256,0.0607783677217058,5263162.46396703,5.28325672961881,0.000277777777777778
10,2,-0.00182742662789681,0.443976186958475,0.431818181818182,-0.0611880259858157,0.0611880259858157,0.0263658242586841,6.53640580616679,3.13218946275443,0.105294174645893,0.570932657016035,0.389504797156755,0.405396795679793,0.0581008406928375,5000004.81562876,5.34591418344621,0.000277777777777778
10,2,-0.0013890131963406,0.465851823113696,0.454545454545455,-0.0672994683599906,0.0672994683599906,0.0284125064637494,7.01371051416945,3.32626551532518,0.100152139226217,0.547393631126544,0.409113491132519,0.435126955895804,0.055871905134518,4761909.82368497,5.4253330563378,0.000277777777777778
10,2,0.000555602292609203,0.486221257211523,0.477272727272727,-0.0327301197358034,0.0327301197358034,0.0286283871273521,3.39302159019936,3.32960331906889,0.0966593966643813,0.524856919403435,0.428481978171758,0.454434071627799,0.0536749733053898,4545459.84740864,5.33295526242241,0.000277777777777778
10,2,0.00584579572249511,0.525559162955191,0.522727272727273,0.00748192412908555,0.00748192412908555,0.0281378225967451,0.769394198624575,3.24151645089695,0.0934239899667932,0.482838212848309,0.466465435597143,0.457626749644088,0.0508169175474102,4166672.41420588,5.09435457822117,0.000277777777777778
10,2,0.00889677163477742,0.544822236629685,0.545454545454545,-0.0154063215079785,0.0154063215079785,0.0275012475423068,1.58309480917216,3.15859536881071,0.093531325729294,0.463372868492359,0.485078467141568,0.434745412161884,0.0497072285281026,4000005.94530185,4.95390418745921,0.000277777777777778
10,2,0.0116142453722414,0.564418812478998,0.568181818181818,-0.0163121622054718,0.0163121622054718,0.026941793275465,1.67466102396665,3.0843986515685,0.0947827939028351,0.444943364762882,0.503448352794888,0.41300814155379,0.0486185790004362,3846159.96857632,4.8277794504018,0.000277777777777778
10,2,0.0150364798191879,0.583310627618829,0.590909090909091,-0.0738100824194259,0.0738100824194259,0.0292852077326631,7.37246624325318,3.29880203115274,0.0970923254244282,0.42755081279596,0.521590420957298,0.4423577344761,0.0475215588654996,3703709.98083184,4.9220271093963,0.000277777777777778
10,2,0.0188099858302514,0.601851171194542,0.613636363636364,-0.0519374413594069,0.0519374413594069,0.0304178194140003,5.121798350414,3.3899518471158,0.0992775650137189,0.411137150406848,0.539526680335234,0.470239847752295,0.0462388539750309,3571434.98411532,4.9291617965755,0.000277777777777778
10,2,0.0221789755854155,0.620796231026155,0.636363636363636,-0.0185561627452286,0.0185561627452286,0.0298247365805617,1.82776648263688,3.31184257889185,0.0932489974574205,0.395242742759376,0.557285561857735,0.44672785536468,0.0450684788951362,3448282.42342085,4.82221713057762,0.000277777777777778
10,2,0.0263432057193964,0.638946050478951,0.659090909090909,-0.0372886916803061,0.0372886916803061,0.0301979343355489,3.6501798338839,3.32875944164146,0.0893897209590282,0.379950091669359,0.574901427813398,0.474391462596446,0.043639384686448,3333340.04887244,4.78314922068783,0.000277777777777778
10,2,0.0278458143885715,0.659757491396552,0.681818181818182,0.00701741110619869,0.00701741110619869,0.0290389081740814,0.68711391920076,3.19667716551942,0.0873171893016144,0.365318446550972,0.592413854182479,0.450671889466624,0.0434034602439487,3225813.31995716,4.65101904967212,0.000277777777777778
10,2,0.0331874104208832,0.699043994537794,0.727272727272727,-0.0565408457597321,0.0565408457597321,0.0294864958754817,5.45628767159535,3.20206053264736,0.0902159263964306,0.338368587739889,0.627306999525337,0.456731380243628,0.0419579488598405,3030310.16446193,4.56270763778583,0.000277777777777778
10,2,0.0366880236139523,0.717857430931502,0.75,-0.00119092790278374,0.00119092790278374,0.0280717174768468,0.114983312157554,3.04770667162287,0.0947386055831649,0.326187088632053,0.644783676453661,0.433894811231447,0.0415081549789493,2941183.70537067,4.43189221644382,0.000277777777777778
10,2,0.0413460964094334,0.735513407722798,0.772727272727273,0.0135360398177866,0.0135360398177866,0.0273449335938938,1.30643343431767,2.96064300975761,0.100852200036098,0.314920344202255,0.662346176413796,0.412200070669874,0.0413848051853941,2857150.16851722,4.34259339409736,0.000277777777777778
10,2,0.044842400296752,0.754331153422256,0.795454545454545,-0.0227512196147486,0.0227512196147486,0.0271152478949366,2.1916543141483,2.92219357497714,0.10934856558059,0.304641755271172,0.680043007509426,0.393366522312556,0.0407214250516397,2777785.14008806,4.28284508632099,0.000277777777777778
10,2,0.046270508458249,0.775217094847536,0.818181818181818,0.0154774436390839,0.0154774436390839,0.0265333576821439,1.49005123370083,2.85058645791333,0.121169474188162,0.295468141217021,0.697920272456968,0.373698196196928,0.0407922085143904,2702710.08908308,4.20736417138531,0.000277777777777778
10,2,0.047287494018902,0.79651415887366,0.840909090909091,-0.00516556123739109,0.00516556123739109,0.0254649678599063,0.497488437062274,2.73293155687077,0.135815173508199,0.28748549283158,0.71602023303996,0.355013286387082,0.0406045600756789,2631586.33313214,4.10973586258734,0.000277777777777778
10,2,0.0490810744445132,0.817034628034826,0.863636363636364,-0.0259931709416668,0.0259931709416668,0.0254913780139943,2.49680173975047,2.72112506601476,0.155544241776259,0.280888430278814,0.734379960424189,0.351802665145156,0.0399596503465607,2564109.92533488,4.06837857738639,0.000277777777777778
10,2,0.0503715247731793,0.838058227292936,0.886363636363636,-0.00240390672910129,0.00240390672910129,0.0243370044497497,0.231019199675374,2.59661977269779,0.180277265338912,0.275857872031819,0.753030121175931,0.334212531887898,0.0396391372885202,2500007.31587679,3.97244459294362,0.000277777777777778
10,2,0.0509083987605399,0.859835402892352,0.909090909090909,-0.024253742852586,0.024253742852586,0.0243328413698915,2.325673806863,2.58307247440605,0.210236638898811,0.272576810375169,0.771993944690261,0.325193806287936,0.0390206758544687,2439031.64369796,3.9322794518197,0.000277777777777778
10,2,0.053641914430859,0.87941593680881,0.931818181818182,-0.0320036909782924,0.0320036909782924,0.0247163838503115,3.05597567459612,2.60671763441555,0.241030779936078,0.270999508853214,0.791286411710961,0.347137623762092,0.0381213738605865,2380959.56048724,3.91141507617152,0.000277777777777778
10,2,0.0548719657151865,0.90049993511126,0.954545454545455,-0.0020679708772624,0.0020679708772624,0.0235839632016591,0.197561822284739,2.48625984380901,0.276996603921926,0.27129936360665,0.810913695937432,0.329780742573987,0.0375017739920379,2325588.49187481,3.82504639584857,0.000277777777777778
10,2,0.0572232287780847,0.920462721635139,0.977272727272727,0.0132217096561105,0.0132217096561105,0.0230658505243816,1.26274876302085,2.4250842897696,0.339352621160795,0.274702026484357,0.830872881669112,0.313291705445288,0.0367302734742632,2272734.274941,3.76681235873885,0.000277777777777778
10,2,0.055965234379874,0.944034765620126,1,0.201669138286515,0.201669138286515,0.0319960149124883,16.455588436487,3.12660949710547,0.541679585566413,0.28805090443846,0.851151970396505,0.347627120173023,0.0380507285328873,2222229.10985586,4.04878516046659,0.000277777777777778
10,3,0.0181818181818182,0,0,0,0,0,0,0,0,0,0,0,0.731072356499539,100000000,0,0.00012921794433347
10,3,0.00731230135528897,0.0331835664133061,0.0227272727272727,-0.0806708751073795,0.0806708751073795,0.00403354375536897,19.8611266747999,0.993056333739995,5.02506721418007,0.251253360709004,0.0428429710965281,0.05,0.385115342237036,50000000.0995012,9.93056333739995,0.00012921794433347
10,3,-0.0219502473218249,0.0847601646771968,0.0454545454545454,-0.0942428934889752,0.0942428934889752,0.00854401124204928,18.7132047716702,1.8790637556365,1.73536871825931,0.325459128586519,0.0861231203418449,0.0975,0.265084898861772,33333333.5917496,12.8581104821567,0.00012921794433347
10,3,-0.0465715232332181,0.131695490175367,0.0681818181818182,-0.0423693975903761,0.0423693975903761,0.0102352805594656,8.13401253788175,2.19181119474877,0.723416982317091,0.345357021273047,0.12983257015538,0.142625,0.209081660102957,25000000.5393943,11.677085996088,0.00012921794433347
10,3,-0.073940169987509,0.181378186516435,0.0909090909090909,-0.0656141817304552,0.0656141817304552,0.0130042256180151,11.7073198759352,2.66758662880809,0.353661500928838,0.345772245255837,0.173953288982459,0.18549375,0.172156471847828,20000000.997028,11.6831327720574,0.00012921794433347
10,3,-0.104510700922197,0.2342627670379,0.113636363636364,-0.0645484663661899,0.0645484663661899,0.0155814376554238,10.8265618543519,3.07553539008528,0.200347235468156,0.338500994766453,0.218456471137383,0.2262190625,0.147053797188875,16666668.3294123,11.5403709524398,0.00012921794433347
10,3,-0.138353910890634,0.290420026593113,0.136363636363636,-0.0894878678031841,0.0894878678031841,0.0192767591628119,13.5652262246445,3.60001993181324,0.137564479496395,0.32845416900295,0.263302245757713,0.264908109375,0.126236018233093,14285716.7493989,11.8296359913262,0.00012921794433347
10,3,-0.166401378001878,0.340781543291134,0.159090909090909,-0.0690013923646924,0.0690013923646924,0.0217629908229059,9.93507807734627,3.91677283908989,0.112327683465695,0.317647844726087,0.308439760899413,0.30166270390625,0.111245225948899,12500003.2685397,11.5928162520787,0.00012921794433347
10,3,-0.191948508579717,0.38864272345575,0.181818181818182,-0.0407752387917459,0.0407752387917459,0.0227136032213479,5.77512465563667,4.00969042991723,0.115438186543022,0.307537361816934,0.353807674314994,0.336579568710937,0.101822588901198,11111114.9789958,10.9464060746963,0.00012921794433347
10,3,-0.221831917027142,0.440840181489952,0.204545454545455,-0.0177157215657715,0.0177157215657715,0.0224637091385691,2.5025154808175,3.93433168246224,0.10616580807799,0.297468784129987,0.399335065807276,0.319750590275391,0.0970402298062809,10000004.423019,10.1020170153084,0.00012921794433347
10,3,-0.246179809636992,0.487502123686579,0.227272727272727,-0.0505751223263391,0.0505751223263391,0.0238692797979576,6.97191316880266,4.08621075677926,0.0964622190568066,0.287418455876328,0.44494276796136,0.353763060761621,0.0907150871352228,9090914.05426759,9.81746212017151,0.00012921794433347
10,3,-0.273026319739267,0.536662683375631,0.25,-0.103863751909934,0.103863751909934,0.0278690034035564,13.0486455056009,4.53433249422035,0.0933528291784199,0.277715174541432,0.490545093329671,0.38607490772354,0.0841119173216992,8333338.7757493,10.0867274022906,0.00012921794433347
10,3,-0.301242517185729,0.58719293040887,0.272727272727273,-0.0511167509430144,0.0511167509430144,0.0290313907805293,6.29647786847824,4.62243976293324,0.0977078096879863,0.26871480629876,0.536051917627561,0.416771162337363,0.0796041431031127,7692313.50335293,9.79516974584352,0.00012921794433347
10,3,-0.332259888075375,0.640524350885292,0.295454545454545,-0.0777018118052801,0.0777018118052801,0.0314649118317668,9.16497615342436,4.8495665824578,0.0891219614111597,0.25973516405438,0.581371061044194,0.445932604220495,0.0751708488862857,7142863.34029764,9.75015591781358,0.00012921794433347
10,3,-0.362773537345899,0.693352049742594,0.318181818181818,-0.0825758962202126,0.0825758962202126,0.0340204610511891,9.31261361825557,5.07271893424768,0.0892653904353734,0.25121167537343,0.62641089420721,0.47363597400947,0.0712065454391278,6666673.19778113,9.72098643117638,0.00012921794433347
10,3,-0.389071069957448,0.741963631940919,0.340909090909091,-0.0791664791459659,0.0791664791459659,0.0362777619559279,8.59621024909176,5.24889349998989,0.103634974669059,0.243832840338211,0.671083082410832,0.499954175308996,0.0678010169878857,6250006.72599807,9.65068791979609,0.00012921794433347
10,3,-0.417102664163227,0.792309275733475,0.363636363636364,-0.104424788017323,0.104424788017323,0.0396851132589977,10.6781890135837,5.52035827566958,0.132997793556628,0.238291087999132,0.715305372070754,0.524956466543547,0.064223509861275,5882359.71381711,9.71112916060712,0.00012921794433347
10,3,-0.441295129275152,0.838815790432177,0.386363636363636,-0.0861511647305808,0.0861511647305808,0.0420084158325769,8.49036216782846,5.66885847027752,0.181804541910796,0.235466760694715,0.759004317514021,0.548708643216369,0.0617270888689702,5555562.25751686,9.64330877211942,0.00012921794433347
10,3,-0.466989134872836,0.886823845616638,0.409090909090909,-0.110979268663285,0.110979268663285,0.0454569584741123,10.3410608648937,5.90246859000833,0.254724240546005,0.23642963468728,0.802117844495583,0.571273211055551,0.0593462744280352,5263164.45058513,9.68003256647596,0.00012921794433347
10,3,-0.494436531102075,0.936585291432653,0.431818181818182,-0.113207309853685,0.113207309853685,0.0488444760430909,10.0111169633279,6.10790100867431,0.490684075196159,0.249142356712724,0.844597549424325,0.592709550502773,0.0580010753856959,5000006.32995444,9.69658678631856,0.00012921794433347
10,3,-0.50602556735018,0.970488377267535,0.454545454545455,-0.148177954860171,0.148177954860171,0.0538111499839449,12.110662374965,6.40803907698885,5.49113020618387,0.511241749186281,0.886410640160758,0.613074072977635,0.0588165315266778,4761910.79910479,9.81154276673029,0.00012921794433347
10,3,-0.496036189189487,0.982813048693619,0.477272727272727,-0.344439236902229,0.344439236902229,0.0683425543298591,21.0324426969068,7.13925925798474,14.1670013906948,1.19402973126171,0.927541435207722,0.632420369328753,0.0612653800497839,4545460.31144487,10.3215836726474,0.00012921794433347
10,3,-0.481597687272744,0.990688596363653,0.5,-0.354556172673303,0.354556172673303,0.0826532352470314,17.8705868579655,7.67582563798378,14.1670013906948,1.84267831423336,0.967992352763868,0.650799350862315,0.0652091162726635,4347831.6053206,10.6498012024438,0.00012921794433347
10,3,-0.462280773197543,0.993685731875229,0.522727272727273,-0.348079270370527,0.348079270370527,0.0959245370032061,15.347156526033,8.05939218238624,14.1670013906948,2.45889446805643,1.00778433889051,0.668259383319199,0.0702251731695942,4166671.95804001,10.8455243409267,0.00012921794433347
10,3,-0.441479938402895,0.995198946667358,0.545454545454545,-0.340297691416509,0.340297691416509,0.108143194723871,13.5611478638901,8.33447996646143,14.1670013906948,3.04429981418835,1.04695670425568,0.684846414153239,0.0757891708296775,4000005.08254187,10.9541492818453,0.00012921794433347
10,3,-0.42010206782755,0.996135125678789,0.568181818181818,-0.327480049195194,0.327480049195194,0.119110037447437,12.0686068558396,8.52118631093034,14.1670013906948,3.60043489301367,1.08556636075144,0.700604093445578,0.0816774619312971,3846158.73592821,10.9970130346912,0.00012921794433347
10,3,-0.398559416886369,0.996906524324385,0.590909090909091,-0.29591626978829,0.29591626978829,0.12795034906448,10.3141707765388,8.61083553421076,14.1670013906948,4.12876321789773,1.12368647183955,0.715573888773299,0.0875939256102305,3703708.41498963,10.9717225806856,0.00012921794433347
10,3,-0.376381191865933,0.997042348890726,0.613636363636364,-0.3144816726201,0.3144816726201,0.137276915242261,10.361360410065,8.69836177800347,14.1670013906948,4.63067512653758,1.1614045528346,0.729795194334634,0.0931270727585111,3571433.11697523,10.9499239317348,0.00012921794433347
10,3,-0.354138788559265,0.997113995170835,0.636363636363636,-0.337733567129367,0.337733567129367,0.147299747836616,10.5012395971963,8.78850566896311,14.1670013906948,5.10749143974544,1.1988200785518,0.743305434617902,0.0981903771070417,3448280.25330666,10.93445205813,0.00012921794433347
10,3,-0.332194433210091,0.997483689408438,0.659090909090909,-0.315200172023231,0.315200172023231,0.155694769045947,9.3655966878219,8.81736021990605,14.1670013906948,5.56046693729291,1.23604167493746,0.756140162887007,0.103425595875883,3333337.58054932,10.8821568791198,0.00012921794433347
10,3,-0.309883823690624,0.997487129475748,0.681818181818182,-0.336161314347098,0.336161314347098,0.164718096311005,9.52891904300487,8.85293816106099,14.1670013906948,5.990793659963,1.27318398765695,0.768333154742657,0.108193035658384,3225810.56409891,10.8385040456967,0.00012921794433347
10,3,-0.287445364559011,0.997362719930912,0.704545454545455,-0.379567945437033,0.379567945437033,0.175460588767306,10.1904673911656,8.91981462256622,14.1670013906948,6.39960404649959,1.3103643334405,0.779916497005524,0.112475240858034,3125003.98617665,10.8182529002426,0.00012921794433347
10,3,-0.265165566449508,0.997396971408186,0.727272727272727,-0.401802107095171,0.401802107095171,0.186777664683699,10.2142784827509,8.98453781557545,14.1670013906948,6.78797391370935,1.34769924873897,0.790920672155248,0.116710434209592,3030306.89782543,10.7999506451671,0.00012921794433347
10,3,-0.243121285394156,0.997666739939611,0.75,-0.3786883287873,0.3786883287873,0.196373197888879,9.21363604337334,8.99599272696535,14.1670013906948,7.15692528755863,1.38530105453954,0.801374638547485,0.120840233911593,2941180.22643606,10.7532943333496,0.00012921794433347
10,3,-0.221147133700156,0.998006637832388,0.772727272727273,-0.333065590884474,0.333065590884474,0.203207817538659,7.85365240956116,8.93887571109514,14.1670013906948,7.50742909271543,1.42327455585046,0.811305906620111,0.125008613029359,2857146.5076975,10.6704474212414,0.00012921794433347
10,3,-0.198854518064834,0.998028071783842,0.795454545454545,-0.339052980515716,0.339052980515716,0.210000075687512,7.75460571736962,8.87966221140886,14.1670013906948,7.8404077076144,1.46171398938905,0.820740611289105,0.128830053602383,2777781.32888886,10.5894518183561,0.00012921794433347
10,3,-0.176570108645244,0.99805771195103,0.818181818181818,-0.343242807835979,0.343242807835979,0.216662212294935,7.6227520128354,8.81681670148019,14.1670013906948,8.15673739176842,1.50070032360355,0.82970358072465,0.132518190889429,2702706.15974556,10.5092707425312,0.00012921794433347
10,3,-0.154431237742532,0.998232890635094,0.840909090909091,-0.318171741134935,0.318171741134935,0.221737688736935,6.89920607133624,8.72093616997299,14.1670013906948,8.45725059171474,1.54029900171602,0.838218401688418,0.136102239805658,2631582.315294,10.4142690406576,0.00012921794433347
10,3,-0.132080900807885,0.998196603287224,0.863636363636364,-0.331675430820246,0.331675430820246,0.227234575841101,7.01626936342296,8.63570282964549,14.1670013906948,8.74273813166374,1.58055820155178,0.846307481603997,0.139298346868883,2564105.84748099,10.3271408438055,0.00012921794433347
10,3,-0.109820792911214,0.99825054497733,0.886363636363636,-0.327941322562336,0.327941322562336,0.232269913177163,6.77937504337332,8.54288644033188,14.1670013906948,9.01395129461529,1.62150766622529,0.853992107523797,0.142313934193893,2500003.20305863,10.2384466987947,0.00012921794433347
10,3,-0.0877495601882655,0.998493361841158,0.909090909090909,-0.284928153863724,0.284928153863724,0.234902825211491,5.7933908098317,8.40541165880687,14.1670013906948,9.27160379941927,1.66315813810447,0.861292502147607,0.145021813395643,2439027.51690078,10.1300307015029,0.00012921794433347
10,3,-0.0654976705662735,0.998555521805943,0.931818181818182,-0.27520961631609,0.27520961631609,0.236918164766721,5.51285431305483,8.26078379151927,14.1670013906948,9.51637367898305,1.70550140577316,0.868227877040227,0.147396249557411,2380955.43484568,10.0200979303494,0.00012921794433347
10,3,-0.0435255133147646,0.998897414141211,0.954545454545455,-0.20948472799979,0.20948472799979,0.235546492928374,4.16186835418336,8.05583801965247,14.1670013906948,9.74890506456863,1.74851095089418,0.874816483188215,0.149344934495065,2325584.37986291,9.88386003322922,0.00012921794433347
10,3,-0.021010956529425,0.998696906942648,0.977272727272727,-0.248765458016257,0.248765458016257,0.236207441182768,4.88537413135985,7.89731482523784,14.1670013906948,9.96980988087494,1.79214315987913,0.881075659028805,0.15048821844167,2272730.19101572,9.770258080914,0.00012921794433347
10,3,0.000227739451213571,0.999772260548786,1,-0.0428567065861252,0.0428567065861252,0.226539904452936,0.841763099695447,7.54453723896072,14.1670013906948,10.1796694563659,1.83633904499203,0.887021876077364,0.147512751596894,2222225.0772284,9.57184708133137,0.00012921794433347
12,1,0.0181818181818182,0,0,0,0,0,0,0,0,0,0,0,0.731305951208415,100000000,0,0.000277777777777778
12,1,0.00802569218758702,0.032470175581008,0.0227272727272727,0.154909345846021,0.154909345846021,0.00774546729230106,26.5718509976384,1.32859254988192,15.2735553027312,0.763677765136559,0.020546644730293,0.05,0.385107224838441,50000000.0327363,13.2859254988192,0.000277777777777778
12,1,0.00765068040511236,0.0551592369502595,0.0454545454545454,-0.0053585239363958,0.0053585239363958,0.00762612012450579,0.919227602577638,1.30812430251671,3.94777011565196,0.922882382662329,0.0411876532227256,0.0475,0.259480363654037,33333333.4395934,9.16369286673868,0.000277777777777778
12,1,0.00923180949043452,0.0758921574517142,0.0681818181818182,-0.0193210054620798,0.0193210054620798,0.00821086439138449,3.29799551596265,1.407617863189,2.49466588731026,1.00147155789473,0.0618928944763234,0.045125,0.194668505999582,25000000.1799089,7.69726852904467,0.000277777777777778
12,1,0.00946343810704128,0.0979745784218843,0.0909090909090909,-0.0776504908750115,0.0776504908750115,0.0116828457155658,12.2293746529067,1.94870570267489,1.13489818942591,1.00814288947128,0.0826332165544853,0.09286875,0.162921782374024,20000000.3201544,8.60368975381707,0.000277777777777778
12,1,0.00834916594387985,0.121402900171823,0.113636363636364,-0.0719896423769768,0.0719896423769768,0.0146981855486364,10.6773342345366,2.38513712926797,0.82294010821414,0.998882750408427,0.103381057462922,0.1382253125,0.141148330147898,16666667.1359878,8.94929716727032,0.000277777777777778
12,1,0.00854986229475557,0.143516253407724,0.136363636363636,0.00689226896252082,0.00689226896252082,0.0143078897193306,1.02222211035477,2.31699137832231,0.626358695220914,0.980256547649052,0.124110918349746,0.131314046875,0.125200335171911,14285714.9160652,7.81685787342524,0.000277777777777778
12,1,0.00771881576568131,0.166661349523575,0.159090909090909,-0.0612675756721939,0.0612675756721939,0.0166558740169738,8.7374807916321,2.6380158489878,0.44964094698629,0.953725767615914,0.14479969341152,0.17474834453125,0.110900593814798,12500000.8295566,7.9319357382011,0.000277777777777778
12,1,0.00619534679760306,0.19049886807843,0.181818181818182,0.0272885422826428,0.0272885422826428,0.0171875074302572,3.86443342331584,2.6993367277042,0.305296416769046,0.92130430007357,0.165426858435886,0.185650857551313,0.104907283322367,11111112.2124398,7.47999103654718,0.000277777777777778
12,1,0.00484597011272,0.21416229435009,0.204545454545455,-0.113349750155181,0.113349750155181,0.0219956195665034,14.3191302511631,3.28032640387715,0.231934677063829,0.886835818923083,0.185974527023779,0.226368314673747,0.0984088014858597,10000001.4223517,8.16390495800878,0.000277777777777778
12,1,0.00380201792538332,0.237520296124203,0.227272727272727,-0.0177511204746277,0.0177511204746277,0.0217833946119096,2.23794191527548,3.22820717944706,0.196143281771891,0.852301192065524,0.206427389873683,0.21504989894006,0.0910683801551147,9090910.84743917,7.62518104503302,0.000277777777777778
12,1,0.00649159611864641,0.257144767517717,0.25,-0.0315671977260297,0.0315671977260297,0.0222725847676156,3.95057735670873,3.26432568831015,0.170692920731071,0.818220778498801,0.226772557781393,0.240782434410496,0.0841100637844336,8333335.43169206,7.318964071006,0.000277777777777778
12,1,0.00734939624185726,0.278601016981283,0.272727272727273,-0.0581105163408933,0.0581105163408933,0.0240644813462795,7.09078779319239,3.45564879355426,0.147981217102207,0.784708800428971,0.246999332971744,0.278743312689971,0.0782747223623995,7692310.1490707,7.30141204963572,0.000277777777777778
12,1,0.00656765411592386,0.301696808693994,0.295454545454545,-0.0248294512581513,0.0248294512581513,0.0241027298418731,3.01743531172085,3.43373811946259,0.129564439643607,0.751951582389703,0.26709893586165,0.274764616575753,0.0739934857037103,7142859.97543473,6.99541371121323,0.000277777777777778
12,1,0.00658953841684601,0.323988973979848,0.318181818181818,-0.0635784101909587,0.0635784101909587,0.0260765138593274,7.50921310692861,3.63751186883589,0.117570030111363,0.720232504775786,0.28706421525912,0.311026385746966,0.0695430652511033,6666669.87744368,7.02966700426092,0.000277777777777778
12,1,0.00716869268392517,0.345723869299546,0.340909090909091,-0.00893060933552814,0.00893060933552814,0.0252192186331374,1.0547302746485,3.50837278912652,0.111456807671994,0.689793719920596,0.306889369312447,0.295475066459617,0.0669542973809941,6250003.57085879,6.65623345866014,0.000277777777777778
12,1,0.0074384599729248,0.367768151597323,0.363636363636364,-0.0392218514437923,0.0392218514437923,0.0259193502736702,4.58554514924725,3.56223140713256,0.110819506371374,0.660845009243135,0.3265697022984,0.330701313136637,0.0637443896445945,5882356.83278957,6.5344282639888,0.000277777777777778
12,1,0.00710259434237209,0.390418066814653,0.386363636363636,-0.0896124990412837,0.0896124990412837,0.0291040077120508,9.94974073898522,3.88160687372519,0.116044570308444,0.633604987296401,0.34610143871515,0.364166247479805,0.0615155103888566,5555559.70971119,6.72416784593304,0.000277777777777778
12,1,0.00809781012857447,0.411736900615227,0.409090909090909,-0.104009109895167,0.104009109895167,0.0328492628212067,10.8523074261524,4.23014190134655,0.115476656659004,0.607698570764531,0.365481611330701,0.395957935105814,0.0604035026519025,5263162.28602948,6.94143835015512,0.000277777777777778
12,1,0.0102691100054665,0.431879650325112,0.431818181818182,-0.0336089902720995,0.0336089902720995,0.0328872491937513,3.4871187235371,4.19299074245608,0.108764429396115,0.58275186369611,0.384708034095635,0.420683622098947,0.0574841632088122,5000004.63143713,6.76872236882421,0.000277777777777778
12,1,0.0119026465175447,0.452560163399811,0.454545454545455,0.00174586533265986,0.00174586533265986,0.0313301800006967,0.181230852674065,3.99240274796698,0.103119790861758,0.558770260054392,0.403779364470493,0.399649440994,0.0563576485561739,4761909.63458105,6.45503229662659,0.000277777777777778
12,1,0.0137626053113546,0.473014254192778,0.477272727272727,-0.031744650864542,0.031744650864542,0.031350903543889,3.27915246028329,3.95674023358279,0.0987867639467133,0.535771085249008,0.422695253084255,0.416850633765331,0.0544978902244362,4545459.65677344,6.31067412224735,0.000277777777777778
12,1,0.0159391927693835,0.515465765908303,0.522727272727273,-0.0133311253515211,0.0133311253515211,0.0306277533963227,1.3681933516058,3.81052983317979,0.0938122083353582,0.492764108216531,0.460065707429952,0.423707696973211,0.0515253679318764,4166672.23212288,5.99193486556209,0.000277777777777778
12,1,0.0174567883700374,0.536262219894425,0.545454545454545,-0.0773232307342373,0.0773232307342373,0.0329625272632184,7.70075167854872,4.00504092544823,0.0933468812251788,0.472793246866963,0.478526894970699,0.452522312124551,0.0501120900110132,4000005.77134719,6.06028753808155,0.000277777777777778
12,1,0.0195206277977279,0.556512430053512,0.568181818181818,0.0156385213085319,0.0156385213085319,0.0320963269654841,1.55635780108267,3.88260676922995,0.0941392391600026,0.453860546481615,0.496846575948929,0.429896196518323,0.0496299516362295,3846159.80408626,5.88705947127391,0.000277777777777778
12,1,0.0223903680271283,0.575956739410888,0.590909090909091,-0.0602934096833421,0.0602934096833421,0.033506181101377,5.89810235372013,3.98338154845446,0.0960667124520962,0.435970854780139,0.51503374443792,0.458401386692407,0.0480277521614486,3703709.82650651,5.88746846692006,0.000277777777777778
12,1,0.0248306379713774,0.595830519053416,0.613636363636364,-0.0263727395705349,0.0263727395705349,0.0331495090248349,2.57260459602757,3.91284270083312,0.0991938272858557,0.419132003405425,0.533100257806422,0.451515725115798,0.0466735366687462,3571434.83560529,5.76908047153104,0.000277777777777778
12,1,0.0272296911471954,0.615745515464375,0.636363636363636,-0.0410047806757183,0.0410047806757183,0.0335422726073791,3.97026402549963,3.91571376706644,0.0946463216693205,0.40290771931862,0.551061081318389,0.478939938860008,0.0451739098458003,3448282.27457239,5.70705231821962,0.000277777777777778
12,1,0.031574005187924,0.633715251010423,0.659090909090909,-0.0200540334966148,0.0200540334966148,0.0328678606518409,1.93903614642645,3.81687988603444,0.0903115905175003,0.387277912878564,0.56893443967793,0.454992941917008,0.0440478563669658,3333339.90117917,5.58145177915984,0.000277777777777778
12,1,0.0342117636832501,0.653391542101874,0.681818181818182,-0.088568980643986,0.088568980643986,0.0356529166514481,8.26989278971049,4.03953053121825,0.0876807545017837,0.372298054959725,0.586741851583506,0.482243294821157,0.0434796669843705,3225813.17549634,5.66817568272599,0.000277777777777778
12,1,0.0388204749501664,0.693410930008511,0.727272727272727,-0.0172972558838502,0.0172972558838502,0.0339698423804326,1.61191650868129,3.81284165223596,0.0892427246550096,0.344609550123561,0.622260621204042,0.435224573576094,0.0427017501969112,3030310.03320988,5.42872360405347,0.000277777777777778
12,1,0.0397131761053311,0.714832278440123,0.75,0.0238997755833963,0.0238997755833963,0.0334663390405808,2.22280241835373,3.73333969054185,0.0938705529533843,0.332072600265052,0.640029817125237,0.419761673965779,0.0429648226406023,2941183.58084983,5.33443180447406,0.000277777777777778
12,1,0.0417307922337563,0.735128711898475,0.772727272727273,0.00425684225901612,0.00425684225901612,0.0320058642015025,0.396075321173972,3.56647647207345,0.100699828520693,0.320503961677834,0.657847773953345,0.39877359026749,0.0429075390602529,2857150.04798279,5.1933359049512,0.000277777777777778
12,1,0.0448410673003717,0.754332486418636,0.795454545454545,-0.0336874178824429,0.0336874178824429,0.0320899418855495,3.12068628788762,3.54418696286416,0.109371540491452,0.309947340618515,0.675747914244772,0.423667264622001,0.0420655918634097,2777785.02284844,5.13576230447722,0.000277777777777778
12,1,0.047534840442806,0.773952762862979,0.818181818181818,-0.0579505301186694,0.0579505301186694,0.0333829712972055,5.29518906649096,3.6317370680455,0.120437494666718,0.300471848320925,0.693764088436673,0.452483901390901,0.0411104700460317,2702709.97636773,5.14007113588299,0.000277777777777778
12,1,0.0502305509123925,0.79357110198017,0.840909090909091,-0.0774719135108501,0.0774719135108501,0.0355874184078877,6.91126482463317,3.79571345587488,0.133731047569694,0.292134808283364,0.711929633574916,0.479859706321356,0.0406241635057522,2631586.22640266,5.18668149611326,0.000277777777777778
12,1,0.0519711352851771,0.814144567194162,0.863636363636364,-0.0223910386432835,0.0223910386432835,0.0349275994196575,1.99452362741317,3.7056539644518,0.152441788526386,0.285150157295515,0.730276357994918,0.456225140860735,0.0398149811166337,2564109.82469698,5.10483129435172,0.000277777777777778
12,1,0.0528592704082552,0.83557048165786,0.886363636363636,-0.0214371041420214,0.0214371041420214,0.0342530746557757,1.90702843299712,3.61572268787906,0.177135487056919,0.279749423783585,0.748833488012402,0.433413883817698,0.0391891689202987,2500007.22021446,5.02488622281786,0.000277777777777778
12,1,0.0547087601508679,0.856035041502024,0.909090909090909,0.00669001571794237,0.00669001571794237,0.0328749217088841,0.595330961728187,3.46470310157152,0.20467815788998,0.275995860488905,0.767626616613243,0.411743189626813,0.0389361033755924,2439031.55351945,4.91684828962055,0.000277777777777778
12,1,0.055577502279167,0.877480348960502,0.931818181818182,-0.0550787861556419,0.0550787861556419,0.0339851149312219,4.84588322773313,3.5337621078796,0.238011297405389,0.274096632334729,0.786676696401953,0.441156030145472,0.0381801369724869,2380959.47370902,4.91515864528989,0.000277777777777778
12,1,0.0544142873834192,0.900957613443027,0.954545454545455,0.00579889445259063,0.00579889445259063,0.0325758039072904,0.510380969195311,3.38259305094538,0.277127664573147,0.27424818394665,0.805999119525096,0.419098228638199,0.0377943704274356,2325588.40707498,4.81272195514816,0.000277777777777778
12,1,0.0539096431266137,0.92377630728661,0.977272727272727,0.00462097359554114,0.00462097359554114,0.0311780623917029,0.406877860718587,3.23380729143404,0.360922214161485,0.278581885457391,0.825602925857711,0.398143317206289,0.0369432877236802,2272734.188066,4.71258913482021,0.000277777777777778
12,1,0.0516408529485884,0.948359147051412,1,0.183512356063285,0.183512356063285,0.038794777075282,14.3944455949826,3.79183920661147,0.598734894111057,0.294589535890075,0.845490177441019,0.428236151345974,0.0384375528850104,2222229.02100205,4.9277415006016,0.000277777777777778
12,2,0.0181818181818182,0,0,0,0,0,0,0,0,0,0,0,0.731184169023145,100000000,0,0.000130411705072726
12,2,-0.00748730625552332,0.0479831740241184,0.0227272727272727,-0.0147654123718008,0.0147654123718008,0.000738270618590042,4.62141404272443,0.231070702136221,5.00825211830882,0.250412605915441,0.0428944974350529,0,0.405764584871463,50000000.0998352,2.31070702136221,0.000130411705072726
12,2,0.0103451614791742,0.0524647558761977,0.0454545454545454,-0.128350679346257,0.128350679346257,0.00711889105497338,24.8526538973652,1.46214986189767,1.3295078222569,0.304367366732514,0.0860165887980624,0.05,0.291615082454965,33333333.6506095,9.8246893133632,0.000130411705072726
12,2,-0.00874605085513558,0.0938700177972843,0.0681818181818182,-0.0640971705185933,0.0640971705185933,0.00996780502815437,11.5582401111708,1.96695437436132,0.993932822868468,0.338845639539311,0.129340643099381,0.0975,0.219811723595709,25000000.4894832,10.2580770128151,0.000130411705072726
12,2,-0.0286175443923847,0.13605556092131,0.0909090909090909,-0.0765552212016996,0.0765552212016996,0.0132971758368316,12.6570531365185,2.50145931246918,0.627838204424951,0.353295267783593,0.172840137148448,0.142625,0.176451928784982,20000000.71014,10.7378722375558,0.000130411705072726
12,2,-0.0514361385807747,0.181188204696477,0.113636363636364,-0.0561625823060079,0.0561625823060079,0.0154404461602904,8.91345125861014,2.82205890977623,0.34212942929789,0.352736975859308,0.216487330927311,0.18549375,0.148935045975967,16666667.745595,10.4338020743982,0.000130411705072726
12,2,-0.0755394588177592,0.227605574520238,0.136363636363636,-0.0860387169950414,0.0860387169950414,0.018970359702028,12.541495109984,3.30803071978662,0.206939004709709,0.345447077301828,0.260252860114349,0.2262190625,0.129291197413131,14285715.9008446,10.7349010794819,0.000130411705072726
12,2,-0.0993710551033352,0.273751220392591,0.159090909090909,-0.110061422841701,0.110061422841701,0.0235249128590116,14.3129569742346,3.85827703250902,0.150407052656859,0.33569507606958,0.304105298488103,0.264908109375,0.117230959707534,12500002.2443171,11.182158066326,0.000130411705072726
12,2,-0.124953513402958,0.321647728278991,0.181818181818182,-0.049611159246409,0.049611159246409,0.0248292251783815,6.32450631560841,3.98158849666399,0.118213625510559,0.324821003541629,0.348010746442271,0.30166270390625,0.105363573609909,11111114.0459776,10.6424189829129,0.000130411705072726
12,2,-0.15055967256515,0.36956793702796,0.204545454545455,-0.0934380160881005,0.0934380160881005,0.0282596647238675,11.1519189145848,4.34010501756003,0.111207888364606,0.314140347782778,0.391932502036406,0.336579568710937,0.0961062522822189,10000003.5405966,10.6933689760801,0.000130411705072726
12,2,-0.17320703439389,0.414529348443476,0.227272727272727,-0.108566363283864,0.108566363283864,0.0322749996518673,11.9951324902245,4.72285639119326,0.113872777851462,0.304126969286212,0.435830867855651,0.369750590275391,0.0897271311833746,9090913.10797237,10.8117111137296,0.000130411705072726
12,2,-0.197058515894731,0.460694879531094,0.25,0.0213282185264645,0.0213282185264645,0.0317276605955971,2.35113686201048,4.60427041473412,0.101247850836549,0.293983013363729,0.479663140588241,0.351263060761621,0.0876715907390928,8333337.83870408,10.1066632594197,0.000130411705072726
12,2,-0.22253600094981,0.508486414172951,0.272727272727273,-0.0761487094144542,0.0761487094144542,0.03394871303654,8.11713266468156,4.77991352723149,0.0941768856015224,0.283992706975618,0.523383820945687,0.38369990772354,0.0821559419008378,7692312.66790505,9.9536224444398,0.000130411705072726
12,2,-0.252019301344186,0.560283764154104,0.295454545454545,-0.0556661290301448,0.0556661290301448,0.0350345838362202,5.8348113201445,4.83265841687714,0.0944845282462162,0.274517298039148,0.566945069790822,0.414514912337363,0.0783806077341367,7142862.51903636,9.65942164984728,0.000130411705072726
12,2,-0.276263788761149,0.606842301157843,0.318181818181818,-0.0294522292331849,0.0294522292331849,0.0347554661060685,3.07403979412975,4.74472748573977,0.0974241974431848,0.26566264300935,0.610297422675042,0.421947549528309,0.0761509187565707,6666672.36872663,9.22039619279945,0.000130411705072726
12,2,-0.297196039478752,0.650088601462223,0.340909090909091,-0.117851236413091,0.117851236413091,0.0389102546214196,11.4688298148124,5.0809326021934,0.0878390459706059,0.256771463157413,0.65339076009183,0.450850172051894,0.072036802255091,6250006.05720989,9.36092329417526,0.000130411705072726
12,2,-0.320562856256446,0.695769467826694,0.363636363636364,-0.0491472519466103,0.0491472519466103,0.0394221044876791,4.7313517382493,5.0634535589962,0.0897244834434294,0.248419114171714,0.696175515372407,0.478307663449299,0.069528568023126,5882359.29768166,9.08859555559138,0.000130411705072726
12,2,-0.342752341129513,0.740273002286538,0.386363636363636,-0.0527424328901089,0.0527424328901089,0.0400881209078006,5.01569034433073,5.06106539826292,0.103125488748937,0.241154432900575,0.738604087059425,0.504392280276834,0.0675316289114827,5555562.09763955,8.86232304385467,0.000130411705072726
12,2,-0.36442609137907,0.784260802122872,0.409090909090909,-0.0683101643883584,0.0683101643883584,0.0414992230818285,6.36632524030328,5.12632839036494,0.127880239287364,0.235490723219914,0.780632408571726,0.529172666262992,0.0654039228871237,5263164.50406992,8.7309547384046,0.000130411705072726
12,2,-0.387171402892772,0.829320163223351,0.431818181818182,-0.0703557251243914,0.0703557251243914,0.0429420481839567,6.42347985887632,5.19118596379051,0.171453877762743,0.232288880947056,0.822221615753447,0.552714032949843,0.0636691855836844,5000006.57049004,8.61558099442819,0.000130411705072726
12,2,-0.406610332638986,0.871073142556341,0.454545454545455,-0.0945766413043674,0.0945766413043674,0.0455237778399772,8.33377018585986,5.34831517489398,0.231973729937164,0.232273123396561,0.863339743145213,0.575078331302351,0.0616157745762593,4761911.22479208,8.60216143211541,0.000130411705072726
12,2,-0.424812793807912,0.911589653312044,0.477272727272727,-0.0607784501892197,0.0607784501892197,0.0462865114574393,5.2829659195608,5.34504771212732,0.306430824605082,0.235981008456987,0.903963373077056,0.596324414737233,0.0608767585471688,4545460.86290968,8.45128890881747,0.000130411705072726
12,2,-0.429104792636492,0.960509751314178,0.522727272727273,-0.16528953099714,0.16528953099714,0.0560637803552336,12.4773023050288,5.94255372536872,5.95691812377776,0.545780823142054,0.98368513991391,0.635682784300353,0.060236543366613,4166672.52127087,8.7009226483557,0.000130411705072726
12,2,-0.428003863096179,0.981722871360642,0.545454545454545,-0.32212525328818,0.32212525328818,0.0693668540018809,19.2824410645784,6.6095480923292,14.1670013906948,1.22684185151969,1.02279178427769,0.653898645085335,0.0625784063690749,4000005.62324349,9.12418338500461,0.000130411705072726
12,2,-0.415332289746825,0.991365347598064,0.568181818181818,-0.290211416988482,0.290211416988482,0.0804090821512109,15.2316972311071,7.0406555492681,14.1670013906948,1.87384982847845,1.06142267499068,0.671203712831069,0.066628921398628,3846159.25583361,9.35908776370086,0.000130411705072726
12,2,-0.394828876766528,0.993175984204544,0.590909090909091,-0.346594441171789,0.346594441171789,0.0937183501022398,15.7740843738902,7.4773269904992,14.1670013906948,2.48850740658926,1.09961480172422,0.687643527189515,0.0704587514015446,3703708.91563928,9.59668023074491,0.000130411705072726
12,2,-0.374220631729518,0.994881788754311,0.613636363636364,-0.342620578690874,0.342620578690874,0.106163461531672,13.991014585593,7.80301137025389,14.1670013906948,3.07243210579454,1.13741840654497,0.703261350830039,0.0747098108019423,3571433.59974454,9.75362074341805,0.000130411705072726
12,2,-0.353129104785504,0.996104311397074,0.636363636363636,-0.313551119820438,0.313551119820438,0.11653284444611,11.8731302882104,8.00651731615171,14.1670013906948,3.62716057003955,1.17489636290652,0.718098283288537,0.0795062817699471,3448280.71942874,9.82670727944538,0.000130411705072726
12,2,-0.331506750062137,0.996796006260484,0.659090909090909,-0.294162743637821,0.294162743637821,0.125414339405695,10.5108998842953,8.13173644455889,14.1670013906948,4.15415261107231,1.21212308166816,0.732193369124111,0.0845426321809156,3333338.031134,9.84951369960704,0.000130411705072726
12,2,-0.309505532059308,0.997108837844432,0.681818181818182,-0.294655612753995,0.294655612753995,0.13387640307311,9.99389763360448,8.22484450401117,14.1670013906948,4.65479505005344,1.24918295791254,0.745583700667905,0.08940570908181,3225811.0001486,9.85417124586502,0.000130411705072726
12,2,-0.287247206027004,0.997164561398905,0.704545454545455,-0.317630087028825,0.317630087028825,0.143064087270896,10.2021719418568,8.32371087590345,14.1670013906948,5.13040536708551,1.28616839193516,0.75830451563451,0.0940484634010272,3125004.40859979,9.86504626761477,0.000130411705072726
12,2,-0.264953743486428,0.997185148445106,0.727272727272727,-0.344665501928811,0.344665501928811,0.153144158003792,10.4534145247147,8.43019605834402,14.1670013906948,5.58223516826597,1.32317743662074,0.770389289852784,0.098414895011905,3030307.30744787,9.88287560873901,0.000130411705072726
12,2,-0.243120804591753,0.997666259137208,0.75,-0.301888908198984,0.301888908198984,0.160581395513551,8.79886735721791,8.44862962328771,14.1670013906948,6.01147347938741,1.36031114065492,0.781869825360145,0.102824927008075,2941180.62401078,9.85099301310603,0.000130411705072726
12,2,-0.220747100872523,0.997606605004755,0.772727272727273,-0.327824271868623,0.327824271868623,0.168943539331305,9.15058672880731,8.48372747856369,14.1670013906948,6.41924987495278,1.39767067185479,0.792776334092138,0.107073586492898,2857146.89391294,9.83098140498321,0.000130411705072726
12,2,-0.198874659327066,0.998048213046074,0.795454545454545,-0.275674486285241,0.275674486285241,0.174280086679002,7.48028413587318,8.43355531142916,14.1670013906948,6.80663745073988,1.43535431664017,0.803137517387531,0.111241839762198,2777781.7043761,9.76568425861904,0.000130411705072726
12,2,-0.176102783919182,0.997590387224967,0.818181818181818,-0.360391871875841,0.360391871875841,0.183585675938844,9.34679859925838,8.47921747582062,14.1670013906948,7.17465564773763,1.47345445973933,0.812980641518154,0.114853057263268,2702706.52508449,9.75436302458227,0.000130411705072726
12,2,-0.154206212806913,0.998007865699475,0.840909090909091,-0.307235940751469,0.307235940751469,0.189768189179475,7.73031260782199,8.44177223242069,14.1670013906948,7.52427293488549,1.51205465220968,0.822331609442247,0.118448113735545,2631582.67101875,9.70109853993068,0.000130411705072726
12,2,-0.13214868395188,0.998264386431219,0.863636363636364,-0.272601212571255,0.272601212571255,0.193909840349064,6.70622026542277,8.35499463407079,14.1670013906948,7.85640935767595,1.55122687551066,0.831215028970134,0.122065727624151,2564106.19408459,9.62430678930228,0.000130411705072726
12,2,-0.10959430540212,0.998024057468236,0.886363636363636,-0.320045587283889,0.320045587283889,0.200216627695805,7.64374459019014,8.31943213187676,14.1670013906948,8.17193895932689,1.59102910463363,0.839654277521628,0.125185268502448,2500003.54099714,9.57479273432447,0.000130411705072726
12,2,-0.0873363359399489,0.998080137592841,0.909090909090909,-0.319657605557659,0.319657605557659,0.206188676588898,7.42477464840783,8.27469925770331,14.1670013906948,8.47169208089529,1.63150326430159,0.847671563645546,0.128102227469565,2439027.84659689,9.52235326881431,0.000130411705072726
12,2,-0.0650616125656951,0.998119463805364,0.931818181818182,-0.321243245547663,0.321243245547663,0.211941405036836,7.26562203507646,8.22424539657197,14.1670013906948,8.75645754638526,1.67267365931642,0.855287985463269,0.130737866253538,2380955.75669188,9.46862157277293,0.000130411705072726
12,2,-0.0429677255967664,0.998339626423213,0.954545454545455,-0.288022245302968,0.288022245302968,0.215745447050143,6.38334963610409,8.13220060854858,14.1670013906948,9.02698473860074,1.71454594374141,0.862523586190105,0.133081902350861,2325584.69422431,9.39687106261784,0.000130411705072726
12,2,-0.0208653146494369,0.99855126506266,0.977272727272727,-0.253197330934363,0.253197330934363,0.217618041244354,5.52789740673565,8.00198544845793,14.1670013906948,9.28398557120544,1.7571066744041,0.8693974068806,0.13460205038315,2272730.49823255,9.30893984316597,0.000130411705072726
12,2,0.000203776884193485,0.999796223115807,1,-0.0350252958378858,0.0350252958378858,0.20848840397403,0.764843981781385,7.6401283751241,14.1670013906948,9.52813636217991,1.80032347295556,0.87592753653657,0.131973575797957,2222225.37761819,9.11907104624632,0.000130411705072726
12,3,0.0181818181818182,0,0,0,0,0,0,0,0,0,0,0,0.731186206324419,100000000,0,0.000126720967194422
12,3,0.00385406436095341,0.0366418034076416,0.0227272727272727,-0.062739393559252,0.062739393559252,0.0031369696779626,16.8121598745751,0.840607993728757,4.83600863345609,0.241800431672804,0.0436874114169455,0.05,0.367717568372708,50000000.1033911,8.40607993728757,0.000126720967194422
12,3,-0.0175947935297757,0.0804047108851476,0.0454545454545454,-0.0728880547638791,0.0728880547638791,0.00662452393225842,16.6235388085582,1.62975453447023,1.99073140698746,0.329246980438537,0.0877833548959998,0.0975,0.253753268071802,33333333.5697033,11.1452328943778,0.000126720967194422
12,3,-0.0426072269456967,0.127731193887845,0.0681818181818182,-0.0572245650958045,0.0572245650958045,0.00915452599043572,12.0692556511482,2.15172959030413,0.757339984368907,0.350651630635056,0.132274345555972,0.142625,0.196823551329775,25000000.5073802,11.3762385835704,0.000126720967194422
12,3,-0.0669073439294333,0.174345360458359,0.0909090909090909,-0.082658183192057,0.082658183192057,0.0128297088505168,15.272987137439,2.80779246766087,0.395083406834078,0.352873219445007,0.177137424020645,0.18549375,0.157667986682671,20000000.9121264,12.1555882943441,0.000126720967194422
12,3,-0.0934696147569448,0.223221680872647,0.113636363636364,-0.0545685511344463,0.0545685511344463,0.0149166509647133,9.6106653166535,3.1479361101105,0.217009158043129,0.346080016374913,0.22233962414148,0.2262190625,0.134534082411739,16666668.1947888,11.731434464729,0.000126720967194422
12,3,-0.130059953690609,0.282126069393089,0.136363636363636,-0.143630875146681,0.143630875146681,0.0213523621738116,19.7597535406132,3.97852698163564,0.144357704634357,0.335993900787885,0.26783775559328,0.264908109375,0.120727526190151,14285716.5851385,12.8783371898553,0.000126720967194422
12,3,-0.166693706726831,0.341073872016087,0.159090909090909,-0.0991343331550532,0.0991343331550532,0.0252414607228737,12.5284810880105,4.40602468695438,0.112249536532326,0.324806682575107,0.313578546378565,0.30166270390625,0.107097230307137,12500003.1255865,12.8346051771247,0.000126720967194422
12,3,-0.197916226161916,0.394610441037949,0.181818181818182,-0.0253800898692056,0.0253800898692056,0.0252483921801903,3.19271323369895,4.34535911429161,0.117635652885244,0.314448131090614,0.359499176012674,0.298705906778676,0.0998738445355277,11111114.8339462,11.7632838500774,0.000126720967194422
12,3,-0.228022375780376,0.447030640243186,0.204545454545455,-0.0906346816137007,0.0906346816137007,0.0285177066518658,10.7303875829863,4.66461053772634,0.104431862957173,0.303947317683942,0.405528213732408,0.333770611439742,0.0902594119577329,10000004.3081138,11.6599942233683,0.000126720967194422
12,3,-0.252930070537334,0.49425238458692,0.227272727272727,-0.0502753747788813,0.0502753747788813,0.0296055900582166,5.85229319723942,4.723994670702,0.0956086810387656,0.293530385851683,0.451586958198136,0.367082080867755,0.0841645478911794,9090913.95822173,11.1320214028111,0.000126720967194422
12,3,-0.279656064826821,0.543292428463184,0.25,-0.0208028233410689,0.0208028233410689,0.0291654517223592,2.4156800876729,4.60857894155054,0.0934821087432516,0.283527971996261,0.497591156646734,0.348727976824367,0.0813848432314804,8333338.68647276,10.4056596265496,0.000126720967194422
12,3,-0.305786754514544,0.591737167737684,0.272727272727273,-0.098594798101471,0.098594798101471,0.0326369190413148,10.7700124863607,4.91665061879105,0.0985025261583991,0.274276699704368,0.54345306314976,0.381291577983149,0.0752864040730397,7692313.41459208,10.433686769612,0.000126720967194422
12,3,-0.334663341649203,0.642927804459121,0.295454545454545,-0.0979101383241785,0.0979101383241785,0.035900580005458,10.1360008491663,5.17761813030982,0.0887730473579528,0.265001517087048,0.589083778394183,0.412226999083991,0.0700519093458743,7142863.26102696,10.4124234895802,0.000126720967194422
12,3,-0.363038490270492,0.693617002667187,0.318181818181818,-0.0846568841783415,0.0846568841783415,0.0383383952141022,8.44955836993915,5.34121514229128,0.0893063623501234,0.256216759350201,0.634395798054822,0.441615649129792,0.0662600001888014,6666673.12345253,10.2815658149374,0.000126720967194422
12,3,-0.389993812785777,0.742886374769248,0.340909090909091,-0.0590338818167049,0.0590338818167049,0.0393731695442323,5.79525000730916,5.36391688554218,0.104011658353305,0.248606504300356,0.679305684120571,0.469534866673302,0.0641908517881501,6250006.65413092,10.0011710769607,0.000126720967194422
12,3,-0.415092370406229,0.790298981976477,0.363636363636364,-0.0828342525285635,0.0828342525285635,0.0415462236934489,7.87917289521526,5.48967968602583,0.131484114618873,0.242750384816282,0.723736764115769,0.496058123339637,0.0617668192518914,5882359.65126919,9.87634765450506,0.000126720967194422
12,3,-0.437832643939011,0.835353305096036,0.386363636363636,-0.106231863206078,0.106231863206078,0.0447805056690803,9.62965929518444,5.69667866648376,0.177501205201577,0.239487925835547,0.767621757531715,0.521255217172655,0.0589108124354889,5555562.20585227,9.86264274565391,0.000126720967194422
12,3,-0.461964760291713,0.881799471035515,0.409090909090909,-0.130211206511853,0.130211206511853,0.049052040711219,11.0629914788264,5.96499430710089,0.246255646786386,0.239826311883089,0.810905227297125,0.545192456314022,0.056095318511077,5263164.40874534,9.92581899476825,0.000126720967194422
12,3,-0.487977044755152,0.93012580508573,0.431818181818182,-0.106313640168072,0.106313640168072,0.0519151206840616,8.68926673057468,6.10120792827458,0.421620332027004,0.248916012890285,0.8535457569361,0.567932833498321,0.0549752481305487,5000006.30689817,9.86399138155858,0.000126720967194422
12,3,-0.505415531259778,0.969878341177133,0.454545454545455,-0.141934861450039,0.141934861450039,0.0564161077223605,10.8957710030001,6.34093608201086,2.18503959888867,0.345722192190204,0.895517761164468,0.589536191823405,0.0548903490915936,4761910.79026767,9.91312374448436,0.000126720967194422
12,3,-0.493088808242679,0.979865667746811,0.477272727272727,-0.363292165294625,0.363292165294625,0.0717599106009738,20.9223088676059,7.07000472129061,14.1670013906948,1.03678615211543,0.936812848846262,0.610059382232235,0.0572928400003533,4545460.30300944,10.4135412500808,0.000126720967194422
12,3,-0.480930074491084,0.990020983581993,0.5,-0.359413755263895,0.359413755263895,0.0861426028341198,17.3248051853614,7.58274474449415,14.1670013906948,1.6932969140444,0.977440672074583,0.629556413120623,0.0614721747515003,4347831.59725192,10.7140309863973,0.000126720967194422
12,3,-0.461621605944282,0.993026564621968,0.522727272727273,-0.377154510353187,0.377154510353187,0.100693198210073,15.7669249664148,7.99195375559018,14.1670013906948,2.31698213787692,1.0174292130912,0.648078592464592,0.0663375959058762,4166671.95030753,10.9245682355647,0.000126720967194422
12,3,-0.441670500565188,0.99538950882965,0.545454545454545,-0.317088182452354,0.317088182452354,0.111512947422187,12.2304094316556,8.20387653939345,14.1670013906948,2.90948310051781,1.05682448110927,0.665674662841363,0.0721645819801961,4000005.07511869,10.9768018834084,0.000126720967194422
12,3,-0.419339133723117,0.995372191574356,0.568181818181818,-0.400960519802402,0.400960519802402,0.125985326041198,13.8985865525528,8.48861204005142,14.1670013906948,3.47235901502666,1.095689613032,0.682390929699294,0.0773197954356023,3846158.72879053,11.089178216837,0.000126720967194422
12,3,-0.398347264648676,0.996694372086692,0.590909090909091,-0.326840743454441,0.326840743454441,0.13602809691186,10.6702599594072,8.59769443601921,14.1670013906948,4.00709113381007,1.13410339466777,0.69827138321433,0.0831711552351086,3703708.40811631,11.0736627258211,0.000126720967194422
12,3,-0.376526098113144,0.997187255137937,0.613636363636364,-0.306492823958574,0.306492823958574,0.144551333264196,9.54413743029503,8.645016585733,14.1670013906948,4.51508664665431,1.17215824138954,0.713357814053613,0.0888904233243793,3571433.11034739,11.0190368224094,0.000126720967194422
12,3,-0.354095475963579,0.997070682575149,0.636363636363636,-0.352622017735495,0.352622017735495,0.154954867487761,10.3776617009364,8.73164884149317,14.1670013906948,4.99768238385633,1.209957698337,0.727689923350933,0.0940839456703482,3448280.24690737,10.9969204389104,0.000126720967194422
12,3,-0.3321601910714,0.997449447269747,0.659090909090909,-0.329759340075875,0.329759340075875,0.163695091117166,9.28198096763675,8.75916544780035,14.1670013906948,5.45614833419825,1.24761353931887,0.741305427183386,0.0993288809116053,3333337.57436334,10.9397557898679,0.000126720967194422
12,3,-0.31004405832136,0.997647364106483,0.681818181818182,-0.322087490308393,0.322087490308393,0.171614711076728,8.7189826269025,8.75715630675545,14.1670013906948,5.89169098702308,1.28524255972832,0.754240155824217,0.104519279147878,3225810.55811247,10.8681179459013,0.000126720967194422
12,3,-0.287695046259227,0.997612401631128,0.704545454545455,-0.346290926176063,0.346290926176063,0.180348521831695,8.99172953191102,8.76888496801323,14.1670013906948,6.30545650720667,1.32296317134272,0.766528148033006,0.109267894365069,3125003.98037729,10.8094808079641,0.000126720967194422
12,3,-0.26560197281014,0.997833377768818,0.727272727272727,-0.328084682767718,0.328084682767718,0.187735329878496,8.22957031653009,8.74191923543907,14.1670013906948,6.69853375138107,1.36089191529465,0.778201740631356,0.113935781427578,3030306.89220181,10.7313017021631,0.000126720967194422
12,3,-0.243463555294699,0.998009009840154,0.75,-0.311562900990674,0.311562900990674,0.193926708434105,7.59046440525876,8.68434649393006,14.1670013906948,7.07195713334676,1.39914001340333,0.789291653599788,0.118385485811234,2941180.22097784,10.6389241346071,0.000126720967194422
12,3,-0.221008777841966,0.997868281974198,0.772727272727273,-0.347336612132211,0.347336612132211,0.20159720361901,8.17821340767657,8.65903983961738,14.1670013906948,7.42670934621416,1.43781007726142,0.799827070919798,0.122342907663146,2857146.50239523,10.5686181138376,0.000126720967194422
12,3,-0.199039433150034,0.998212986869042,0.795454545454545,-0.297556096007272,0.297556096007272,0.206395148238423,6.84350147827915,8.56826292155047,14.1670013906948,7.76372394843819,1.47699308900038,0.809835717373809,0.126467588909154,2777781.32373388,10.4651426517388,0.000126720967194422
12,3,-0.17682408836456,0.998311691670345,0.818181818181818,-0.286116476527196,0.286116476527196,0.210381214652862,6.44548589381773,8.46212407016383,14.1670013906948,8.08388782055102,1.51676575772008,0.819343931505118,0.130359595153788,2702706.15472989,10.3565032799031,0.000126720967194422
12,3,-0.154398390756506,0.998200043649068,0.840909090909091,-0.312178914071582,0.312178914071582,0.215471099623798,6.86816833817077,8.38242628356418,14.1670013906948,8.38804349905821,1.55718834157208,0.828376734929862,0.134045318869802,2631582.31041033,10.2647049919627,0.000126720967194422
12,3,-0.13208377604864,0.998199478527979,0.863636363636364,-0.319605324857907,0.319605324857907,0.220677810885503,6.86718913022575,8.30666442589726,14.1670013906948,8.67699139364004,1.59830300800314,0.836957898183369,0.137419031211269,2564105.84272254,10.1775892006362,0.000126720967194422
12,3,-0.109679692904565,0.99810944497068,0.886363636363636,-0.345031954630127,0.345031954630127,0.226895518072734,7.221247101923,8.25239355969854,14.1670013906948,8.95149189349278,1.64013278441977,0.845110003274201,0.140413910054428,2500003.19841914,10.1036806481683,0.000126720967194422
12,3,-0.0876726428009842,0.998416444453877,0.909090909090909,-0.292909213266699,0.292909213266699,0.230196202832433,6.0212163803437,8.1408347007308,14.1670013906948,9.21226736835288,1.68268112936197,0.852854503110491,0.143164874861162,2439027.51237445,10.0041083489531,0.000126720967194422
12,3,-0.065161199606516,0.998219050846185,0.931818181818182,-0.337042587405439,0.337042587405439,0.235538522061083,6.7711422395497,8.07235007767175,14.1670013906948,9.46000406946997,1.7259321310899,0.860211777954966,0.145580367697338,2380955.43042712,9.92713296539587,0.000126720967194422
12,3,-0.0433951608702614,0.998767061696708,0.954545454545455,-0.233652322996031,0.233652322996031,0.23544421210783,4.64544310372133,7.90100472897423,14.1670013906948,9.69535393553122,1.76985131724637,0.867201189057218,0.147568284687999,2325584.3755471,9.80430296861274,0.000126720967194422
12,3,-0.0210578126090197,0.998743763022243,0.977272727272727,-0.238884118949781,0.238884118949781,0.235616207449928,4.69908107606037,7.74090854632853,14.1670013906948,9.91893630828939,1.81438703691099,0.873841129604357,0.148749160110971,2272730.186798,9.68827519832746,0.000126720967194422
12,3,0.000139584017219252,0.999860415982781,1,-0.0325193728393383,0.0325193728393383,0.225461365719398,0.639876483277969,7.385856943176,14.1670013906948,10.1313395624097,1.85947235581766,0.870382824460116,0.145814869002986,2222225.07310441,9.48719967132636,0.000126720967194422
14,1,0.0181818181818182,0,0,0,0,0,0,0,0,0,0,0,0.731412263694108,100000000,0,0.000277777777777778
14,1,0.00771522111431036,0.0327806466542847,0.0227272727272727,0.211802534130676,0.211802534130676,0.0105901267065338,28.5983906999444,1.42991953499722,16.4211486437311,0.821057432186556,0.0204483705458159,0.05,0.385895159090878,50000000.0304485,14.2991953499722,0.000277777777777778
14,1,0.00881354156772073,0.0539963757876512,0.0454545454545454,-0.0149458937247866,0.0149458937247866,0.0108079150574464,2.01495876786506,1.45917149664061,4.03498867063022,0.981753994108739,0.0409728841110275,0.0475,0.259528817580379,33333333.4362431,10.2044498226032,0.000277777777777778
14,1,0.00806053733886644,0.0770634296032823,0.0681818181818182,0.00648230903817426,0.00648230903817426,0.0105916347564828,0.874027935909637,1.42991431860407,2.41833605339008,1.05358309707281,0.0615415050294099,0.045125,0.201726443946643,25000000.1805592,7.87184435092979,0.000277777777777778
14,1,0.00502392690596215,0.102414089622963,0.0909090909090909,-0.0313850513293779,0.0313850513293779,0.0116313055851276,4.19640777996916,1.56823899167232,1.02015185015109,1.05191153472672,0.0821235613261363,0.0786366686195978,0.165311186342642,20000000.3404966,7.13675703673766,0.000277777777777778
14,1,0.00410760424059453,0.125644461875108,0.113636363636364,-0.0683322831983233,0.0683322831983233,0.0144663544657874,8.78155928379416,1.92890500627841,0.782735039227872,1.03845270995178,0.102690386348244,0.124704835188618,0.140169867260484,16666667.1633424,7.41089074458041,0.000277777777777778
14,1,0.00364747434605778,0.148418641356422,0.136363636363636,-0.0511206914885411,0.0511206914885411,0.0162990713169251,6.43539419459232,2.15422946569411,0.585272000063722,1.01579367445738,0.123215815415835,0.168469593429187,0.121128148537025,14285714.9555231,7.27153409458211,0.000277777777777778
14,1,0.00425355518489012,0.170126610104366,0.159090909090909,-0.0623597602011383,0.0623597602011383,0.0186021057611357,7.62257463524792,2.4276467241718,0.426566589073047,0.986332320188159,0.143676531356371,0.210046113757728,0.107978115262887,12500000.8791202,7.31541416216534,0.000277777777777778
14,1,0.00406360836829797,0.192630606507735,0.181818181818182,-0.0168401642680478,0.0168401642680478,0.0185140086864813,2.05514155817044,2.40902146587173,0.293923395022472,0.951711873929875,0.164052260439778,0.199543808069841,0.0981316155253248,11111112.2705787,6.73093942838813,0.000277777777777778
14,1,0.00304261320748911,0.215965651255321,0.204545454545455,-0.0304560300059258,0.0304560300059258,0.0191111097524535,3.69320775750298,2.47323078045329,0.22914974533416,0.915583767500089,0.184325827465617,0.221676972020388,0.0900781590413378,10000001.4799167,6.42716626129961,0.000277777777777778
14,1,0.00364883743785505,0.237673476611732,0.227272727272727,-0.0863501028731473,0.0863501028731473,0.0224730594084882,9.94482545553449,2.84681051420735,0.195784801082314,0.8795938191792,0.204483085226751,0.260593123419368,0.0842255487566178,9090910.90061964,6.74695346077551,0.000277777777777778
14,1,0.00188754864484708,0.261748814991517,0.25,-0.0939359333357723,0.0939359333357723,0.0260462031048524,10.2406210451217,3.21650104075307,0.165307316968123,0.843879494068646,0.224512738989976,0.2975634672484,0.079682814936655,8333335.49634625,7.03809242613769,0.000277777777777778
14,1,0.00383067720663355,0.282119736016507,0.272727272727273,-0.0283285291049467,0.0283285291049467,0.0261603194048571,3.0751940672934,3.20943569208009,0.144814136571047,0.808926226193766,0.244406090752281,0.306419660440888,0.0741016444415926,7692310.22011986,6.73325409084198,0.000277777777777778
14,1,0.00493768790158156,0.303326774908336,0.295454545454545,-0.0146911395668732,0.0146911395668732,0.0255868604129579,1.59356252896006,3.12864203392409,0.12849710182548,0.774904769975352,0.264156730677178,0.291098677418843,0.0706119520013834,7142860.04598821,6.36613326499327,0.000277777777777778
14,1,0.00573958048580508,0.324838931910889,0.318181818181818,-0.0348859313186991,0.0348859313186991,0.026051813958245,3.75915943608858,3.16016790403231,0.117239209829084,0.742021491968039,0.283760204188911,0.326094654251441,0.0669337442736427,6666669.94489363,6.19233500973296,0.000277777777777778
14,1,0.00907832757390964,0.343814234409561,0.340909090909091,-0.0791006279343196,0.0791006279343196,0.0287042546570487,8.23367458525418,3.4138432380934,0.111765922783279,0.710508713508801,0.303213682681434,0.359789921538869,0.0641023550389543,6250003.63254222,6.31991873320304,0.000277777777777778
14,1,0.00964756475066286,0.365559046819585,0.363636363636364,-0.0799169356284333,0.0799169356284333,0.031264888705618,8.04871098723594,3.64558662555053,0.110631067173795,0.68051483119205,0.322515663741001,0.391800425461926,0.0615362281316405,5882356.89174869,6.42161239520497,0.000277777777777778
14,1,0.0108893783682369,0.386631282788788,0.386363636363636,-0.00513898582849182,0.00513898582849182,0.0299585935617616,0.517754602061967,3.4891950243761,0.114731642830597,0.652225671773978,0.341665723318539,0.372210404188829,0.0596557903550841,5555559.77087328,6.09362029558592,0.000277777777777778
14,1,0.0123365254903081,0.407498185253494,0.409090909090909,-0.0427658073968376,0.0427658073968376,0.0305989542535154,4.27132109650662,3.52830132798263,0.117068972293904,0.625467836799974,0.360664337622055,0.403599883979388,0.0570289583563767,5263162.33777327,5.99770981142385,0.000277777777777778
14,1,0.0131153218100041,0.429033438520574,0.431818181818182,-0.0488483786437479,0.0488483786437479,0.0315114254730271,4.82413780545173,3.59309315185608,0.109637721057322,0.599676331012841,0.379512786890028,0.433419889780418,0.0544160105103842,5000004.67693202,5.93903121112524,0.000277777777777778
14,1,0.0137227715488074,0.450740038368548,0.454545454545455,0.00318448168542318,0.00318448168542318,0.0300950782836469,0.314632851313008,3.42917013682893,0.103565811926284,0.574870805058513,0.398213146959743,0.411748895291397,0.0536543063484012,4761909.67592079,5.67120271780085,0.000277777777777778
14,1,0.0148283406673131,0.471948518836819,0.477272727272727,-0.0641811227012052,0.0641811227012052,0.0317993805045248,6.22043484772397,3.56873337237368,0.0989746634870845,0.551075997979942,0.416768367996415,0.441161450526828,0.0513002020706125,4545459.69536056,5.69616781461554,0.000277777777777778
14,1,0.0198512133293842,0.511553745348302,0.522727272727273,-0.019666376231366,0.019666376231366,0.030901799871751,1.89865611820281,3.43360686189883,0.0940448590562698,0.506605871885163,0.453460584610267,0.410769481135822,0.0483679318173477,4166672.26472681,5.40401203448186,0.000277777777777778
14,1,0.0218581470760535,0.531860861188409,0.545454545454545,-0.00898364817103126,0.00898364817103126,0.029805892286715,0.867418169113222,3.30529742725955,0.0933365856385733,0.485942407572833,0.471609596342419,0.390231007079031,0.0475410356314161,4000005.80269423,5.22254827986711,0.000277777777777778
14,1,0.0259253098687368,0.550107747982503,0.568181818181818,-0.055439593083014,0.055439593083014,0.03108757732653,5.28046618917738,3.40405586535544,0.0937581933428792,0.466333196861336,0.489638074059612,0.420719456725079,0.0459497355204618,3846159.83588809,5.22477589176366,0.000277777777777778
14,1,0.0297939784630691,0.568553128974947,0.590909090909091,-0.0136451695958315,0.0136451695958315,0.030215456939995,1.29921665592337,3.29881390488384,0.0951939844067054,0.447776236238604,0.507556752860582,0.399683483888825,0.0448224449435039,3703709.86066503,5.07938480895476,0.000277777777777778
14,1,0.0329932624179154,0.587667894606878,0.613636363636364,0.0537231274751275,0.0537231274751275,0.0313908404667517,5.05204200250151,3.38647530976472,0.097752315020739,0.430275040177711,0.525378766939897,0.429699309694384,0.0454817053554451,3571434.8738533,5.07840828015286,0.000277777777777778
14,1,0.0358231413258618,0.607152065285708,0.636363636363636,-0.0832413405642258,0.0832413405642258,0.0339833654716254,7.60213001937492,3.59725804524523,0.0973686942633546,0.413629722881993,0.543119862867457,0.458214344209665,0.0444153775920685,3448282.30131496,5.16543316771224,0.000277777777777778
14,1,0.0366312509263687,0.628658005271978,0.659090909090909,-0.0173410121971145,0.0173410121971145,0.0331512478078998,1.58249899322348,3.49652009264415,0.0913467709477694,0.397515575285282,0.560798530227134,0.435303626999181,0.0435831433815541,3333339.92284761,5.04600202856261,0.000277777777777778
14,1,0.0386708781371926,0.648932427647931,0.681818181818182,-0.03948071298593,0.03948071298593,0.0334677210668013,3.58152351997067,3.50077026401047,0.0880826167785743,0.382043927359946,0.578436026332725,0.463538445649222,0.0424304701213082,3225813.1947873,4.99876078634997,0.000277777777777778
14,1,0.0458617077804525,0.686369697178225,0.727272727272727,-0.0502189689019747,0.0502189689019747,0.0352122295894227,4.46403684225958,3.60671176307335,0.0883048298043332,0.353351086389196,0.613685634499057,0.515843447198423,0.0401816231667878,3030310.05554301,4.97402345492732,0.000277777777777778
14,1,0.046925061467479,0.707620393077976,0.75,-0.0160649984988512,0.0160649984988512,0.0342548680348941,1.42729946783804,3.49774114831158,0.0920175864176112,0.340284411390617,0.631352503265649,0.490051274838502,0.0396202172107558,2941183.6088355,4.86970804354234,0.000277777777777778
14,1,0.0464726918472417,0.73038681228499,0.772727272727273,0.0308673965710242,0.0308673965710242,0.0340854944617006,2.73352481765664,3.45953033177883,0.0988822778773605,0.328214304714954,0.64908680558443,0.499278618856514,0.0401337428945254,2857150.08038407,4.80867423708847,0.000277777777777778
14,1,0.048993304172245,0.750180249546763,0.795454545454545,-0.0614844661564518,0.0614844661564518,0.0354554430464382,5.36852896348569,3.55498026336418,0.107336913757683,0.31717043516709,0.666919324108474,0.524314687913689,0.0390258105853648,2777785.05916394,4.82422575726617,0.000277777777777778
14,1,0.0520285356627214,0.769459067643064,0.818181818181818,-0.0105279524357025,0.0105279524357025,0.0342090685159014,0.919321599267009,3.42319733015932,0.117659134480344,0.307194870132753,0.684880919959414,0.498098953518004,0.0385210560059062,2702710.0170008,4.71868780704997,0.000277777777777778
14,1,0.0560351058279611,0.787766547064601,0.840909090909091,-0.0429884868828232,0.0429884868828232,0.0346480394342475,3.72950688581116,3.43851280794191,0.129534439886093,0.29831184862042,0.703001655073794,0.523194005842104,0.0375121083141948,2631586.27234169,4.69265673017527,0.000277777777777778
14,1,0.0569249431470384,0.8091907593323,0.863636363636364,0.0307333668565626,0.0307333668565626,0.0344523058053632,2.65819502656094,3.39949691887286,0.147297130360218,0.29076111270741,0.721309847246585,0.530236537268749,0.0377587366697085,2564109.87533289,4.64049104546721,0.000277777777777778
14,1,0.0584040268461111,0.830025725220005,0.886363636363636,-0.016269544841129,0.016269544841129,0.0335431677571515,1.40649879882156,3.2998470128703,0.17033856578663,0.284739985361371,0.739831092327801,0.503724710405312,0.0373844713905464,2500007.2752161,4.55964123930107,0.000277777777777778
14,1,0.0586818099459412,0.852061991706951,0.909090909090909,-0.0341056472181389,0.0341056472181389,0.0335712917302009,2.93714975515693,3.28171214998463,0.199153672398662,0.280460669713235,0.758587291821017,0.525017400940711,0.0367026298482488,2439031.61048517,4.52006827627316,0.000277777777777778
14,1,0.0610033728076892,0.87205447843198,0.931818181818182,-0.000294206508012707,0.000294206508012707,0.0319074374690915,0.0253494876748236,3.11889401686914,0.228935739611178,0.277884423208132,0.777595726308291,0.498766530893676,0.0362743148949685,2380959.53328405,4.41305116225892,0.000277777777777778
14,1,0.0616894915079751,0.893682409318471,0.954545454545455,-0.0168771343437837,0.0168771343437837,0.0311559223128261,1.45336172233957,3.03561740214266,0.265444041748317,0.277262404135142,0.796868215535986,0.473828204348992,0.0355832806622505,2325588.46895819,4.34422117528405,0.000277777777777778
14,1,0.0629142266876174,0.914771723725606,0.977272727272727,0.044487313372191,0.044487313372191,0.0318224918657943,3.80505992888404,3.07408952847973,0.308864833266382,0.278842525591704,0.816410404570384,0.500136794131542,0.0351243628491094,2272734.25915601,4.33196751059314,0.000277777777777778
14,1,0.060527541509705,0.939472458490295,1,0.20140007223824,0.20140007223824,0.0403013708844166,15.1330588712003,3.67703799561576,0.491990409792216,0.289499919801729,0.836221212184403,0.525129954424965,0.0365410742869575,2222229.09856499,4.57199176305108,0.000277777777777778
14,2,0.0181818181818182,0,0,0,0,0,0,0,0,0,0,0,0.731290481508839,100000000,0,0.000128715594354289
14,2,0.00123443824508687,0.0392614295235082,0.0227272727272727,-0.0483880749632326,0.0483880749632326,0.00241940374816163,13.7794552892836,0.688972764464181,4.89623249339949,0.244811624669974,0.0432573069281203,0.05,0.376016685649992,50000000.1021193,6.88972764464181,0.000128715594354289
14,2,-0.0248186449744617,0.0876285623298336,0.0454545454545454,-0.118016904916344,0.118016904916344,0.00819927880657073,23.0358294059419,1.80631559653807,1.55274040574198,0.310208063723575,0.0867055896857024,0.0975,0.253153490473987,33333333.6160871,12.2717615650752,0.000128715594354289
14,2,-0.0462814662533035,0.131405433195452,0.0681818181818182,-0.0801530290026813,0.0801530290026813,0.0117969663163763,14.0284419462504,2.41742191402368,0.720267606756754,0.330711040875234,0.130314340963503,0.142625,0.190871372875649,25000000.5591585,12.710931660369,0.000128715594354289
14,2,-0.070662512858013,0.178100529386939,0.0909090909090909,-0.103491022441072,0.103491022441072,0.016381669122611,15.7232766975334,3.08271465319917,0.371137250554005,0.332732351359172,0.17405301262147,0.18549375,0.155339244607842,20000000.986211,13.3134006678019,0.000128715594354289
14,2,-0.0991444792381458,0.228896545353848,0.113636363636364,-0.0198822637914344,0.0198822637914344,0.0165566988560522,3.00849373448221,3.07900360726332,0.208721783545376,0.326531822968483,0.217890771209056,0.1762190625,0.137956221092878,16666668.2870203,11.5959161789153,0.000128715594354289
14,2,-0.119980357092133,0.272046472794612,0.136363636363636,-0.0716376901003004,0.0716376901003004,0.0193107484182646,10.2587599330779,3.43799142355405,0.154058246959311,0.317908144168024,0.261796151449988,0.217408109375,0.119161773655828,14285716.6018819,11.4048938580814,0.000128715594354289
14,2,-0.147580123649364,0.32196028893862,0.159090909090909,-0.0230921520451179,0.0230921520451179,0.0194998185996073,3.29056822588614,3.43062026367066,0.118443910612657,0.307934932490256,0.305736659272356,0.209656412745297,0.10968379611361,12500003.0819985,10.390603154057,0.000128715594354289
14,2,-0.175283244735736,0.371977459611769,0.181818181818182,-0.0560985712065305,0.0560985712065305,0.0213297562299535,7.75374680867582,3.64677659092092,0.111363028443167,0.298106337287901,0.349678379886006,0.249173592108032,0.0999811257672364,11111114.8484032,10.0976191156813,0.000128715594354289
14,2,-0.201538241805328,0.420546506268138,0.204545454545455,-0.0711801906915186,0.0711801906915186,0.0238222779530317,9.39842256583066,3.9343588896664,0.112334483559516,0.288817744601482,0.393585647033011,0.286714912502631,0.0907617706220956,10000004.2537615,10.0276994606962,0.000128715594354289
14,2,-0.225429780998309,0.466752095047896,0.227272727272727,-0.0263737157825212,0.0263737157825212,0.0239498498445062,3.46309498068386,3.91079569421728,0.0999780057186039,0.279375757657338,0.437420826817588,0.288417417989787,0.0859950519704585,9090913.8672559,9.43091723524055,0.000128715594354289
14,2,-0.251008457602445,0.514644821238808,0.25,-0.0372867166000526,0.0372867166000526,0.0246166931822835,4.84078132883343,3.95729497594808,0.093850937866052,0.270099516667774,0.481144263581982,0.323996547090298,0.0819873233344347,8333338.59958412,9.04840590970662,0.000128715594354289
14,2,-0.276557330118304,0.562507743341444,0.272727272727273,-0.071771749868387,0.071771749868387,0.0269744460165887,8.94201805265713,4.20653112978354,0.0946278629680862,0.261325933982789,0.524714426420321,0.357796719735783,0.0767527483393782,7692313.36636319,9.04022222839512,0.000128715594354289
14,2,-0.30413751831449,0.612401981124407,0.295454545454545,-0.0297981860932706,0.0297981860932706,0.0271156330204228,3.68904229603276,4.180656688096,0.0956578937398779,0.253042531970644,0.568088283548754,0.369427301439035,0.074564972985787,7142863.15833155,8.65799509036924,0.000128715594354289
14,2,-0.330795856105844,0.661374368502538,0.318181818181818,-0.0209389234347235,0.0209389234347235,0.0268067975411378,2.58487564950037,4.10086763616622,0.0872602808014796,0.244753419412186,0.611221918442057,0.350955936367084,0.0734976198653851,6666673.0451073,8.25312046097798,0.000128715594354289
14,2,-0.354326888812155,0.707219450795626,0.340909090909091,-0.0771157138538947,0.0771157138538947,0.0293222433567756,9.1198839609302,4.35181845240442,0.0919795654312517,0.237114726713139,0.654071387071468,0.383408139548729,0.070035306802981,6250006.65928684,8.30729317972499,0.000128715594354289
14,2,-0.38238731539536,0.757593926965608,0.363636363636364,-0.0837707320005276,0.0837707320005276,0.0320446677889632,9.45815244509261,4.60713515203883,0.111178526407913,0.230817916697877,0.696593800473749,0.414237732571293,0.0668361352305367,5882359.7378313,8.37499078357015,0.000128715594354289
14,2,-0.405838777947439,0.803359439104464,0.386363636363636,-0.0608947182012263,0.0608947182012263,0.0334871703095764,6.72158508773345,4.71285764882356,0.141866780967816,0.226370359911374,0.738748602020931,0.443525845942728,0.0647696678665829,5555562.36622215,8.28313491157922,0.000128715594354289
14,2,-0.426784021821517,0.846618732565318,0.409090909090909,-0.0662383126951207,0.0662383126951207,0.0351247274288536,7.1268760335109,4.83355856805792,0.192052254766914,0.224654454654151,0.780498994915912,0.471349553645592,0.0629542746940952,5263164.62099552,8.22227918115457,0.000128715594354289
14,2,-0.448090596247713,0.890239356578291,0.431818181818182,-0.0597304294600232,0.0597304294600232,0.0363550125304121,6.30094752315061,4.90692801581256,0.260177371492827,0.226430600496085,0.821813463344558,0.497782075963312,0.0619310590838845,5000006.58212233,8.12621259825437,0.000128715594354289
14,2,-0.471049052766071,0.935511862683426,0.454545454545455,-0.107979899191743,0.107979899191743,0.0399362568634786,10.7214697219645,5.19765510112016,0.47968042735876,0.239093091839219,0.862667321029336,0.522892972165147,0.0603166715689193,4761911.12986514,8.249796270812,0.000128715594354289
14,2,-0.485444735389839,0.972221594893971,0.477272727272727,-0.117205329775948,0.117205329775948,0.0437997105091021,10.9262153750748,5.48408311481789,2.68203612535766,0.361240243515141,0.903044214205615,0.546748323556889,0.0603370307538244,4545460.64090996,8.37145168464213,0.000128715594354289
14,2,-0.458966135721796,0.990371094399482,0.522727272727273,-0.343073055382131,0.343073055382131,0.071694792514354,18.8195498158106,6.9145601706131,14.1670013906948,1.70730195536516,0.982351443075976,0.590940362010093,0.0663158494684132,4166672.26004967,9.35639762754514,0.000128715594354289
14,2,-0.439808398456439,0.993527406720901,0.545454545454545,-0.341228321950806,0.341228321950806,0.0851714689861766,16.1139149070259,7.37452790743374,14.1670013906948,2.33028692713164,1.0213021018994,0.611393343909588,0.0709269621142935,4000005.37247115,9.62669831872437,0.000128715594354289
14,2,-0.418716964261038,0.994750022112278,0.568181818181818,-0.36859008990099,0.36859008990099,0.0993424000319173,15.2545429234915,7.76852865823663,14.1670013906948,2.9221226503098,1.05981793476874,0.630823676714109,0.0752649697768312,3846159.01470636,9.84315388044618,0.000128715594354289
14,2,-0.39741229808872,0.995759405526736,0.590909090909091,-0.364981313175385,0.364981313175385,0.112624345689091,13.6356041603696,8.06188243334328,14.1670013906948,3.48436658732905,1.0979399779695,0.649282492878403,0.0800355448552074,3703708.68344266,9.98361500192482,0.000128715594354289
14,2,-0.375640336471944,0.996301493496738,0.613636363636364,-0.373155526001554,0.373155526001554,0.125650904704714,12.7617282627352,8.29687472481287,14.1670013906948,4.01849832749733,1.13572161357806,0.666818368234483,0.0849052908744324,3571433.37584066,10.0828333326681,0.000128715594354289
14,2,-0.353804618471643,0.996779825083213,0.636363636363636,-0.366094193107869,0.366094193107869,0.137673069124872,11.6460681538445,8.46433439626445,14.1670013906948,4.52592348065721,1.17322788536347,0.683477449822759,0.089878373776291,3448280.50324569,10.1367379816741,0.000128715594354289
14,2,-0.331982260048433,0.99727151624678,0.659090909090909,-0.336539433576443,0.336539433576443,0.14761638734745,10.1450626587937,8.54837080939092,14.1670013906948,5.00797737615909,1.21053436100968,0.699303577331621,0.0951210113504908,3333337.82215705,10.1370154709115,0.000128715594354289
14,2,-0.309589134101879,0.997192439887003,0.681818181818182,-0.37744712949161,0.37744712949161,0.159107924454658,10.7110242336488,8.65650348060381,14.1670013906948,5.46592857688587,1.24772555530414,0.71433839846504,0.0998595457148115,3225810.79791284,10.1555318826127,0.000128715594354289
14,2,-0.265642418405236,0.997873823363914,0.727272727272727,-0.305701462361636,0.305701462361636,0.171184862630356,8.17077861721046,8.56130831293909,14.1670013906948,6.31428317623224,1.32213264970411,0.742190404614699,0.109916108108176,3030307.11746883,10.0047257877501,0.000128715594354289
14,2,-0.242914829601006,0.997460284146461,0.75,-0.39015649149647,0.39015649149647,0.182133444073662,9.90797390375959,8.62864159248012,14.1670013906948,6.70691908695537,1.3595427817668,0.755080884383964,0.114071098294954,2941180.43961935,10.0018801441033,0.000128715594354289
14,2,-0.220918833678254,0.997778337810485,0.772727272727273,-0.356434241377636,0.356434241377636,0.190848483938861,8.7061541045743,8.63251721808482,14.1670013906948,7.07992320214234,1.39722065900151,0.767326840164765,0.118103169304712,2857146.71478984,9.96485940011677,0.000128715594354289
14,2,-0.19885071876835,0.998024272487358,0.795454545454545,-0.32628038214963,0.32628038214963,0.197620078849399,7.73161774943664,8.58747224465241,14.1670013906948,7.43427711156996,1.43525986489595,0.778960498156527,0.122169629798026,2777781.53022864,9.9028249098201,0.000128715594354289
14,2,-0.176371010256844,0.997858613562629,0.818181818181818,-0.367765484567767,0.367765484567767,0.206127349135318,8.40537709274993,8.57836748705729,14.1670013906948,7.7709133255262,1.47374732509599,0.790012473248701,0.125722164905717,2702706.35564372,9.86235334719658,0.000128715594354289
14,2,-0.154320848407085,0.998122501299647,0.840909090909091,-0.330264214634122,0.330264214634122,0.212334192410258,7.3454876638091,8.51672349589488,14.1670013906948,8.09071772878463,1.5127604843815,0.800511849586266,0.129310122660873,2631582.50603695,9.79612003973901,0.000128715594354289
14,2,-0.132315874178575,0.998431576657914,0.863636363636364,-0.278654710896688,0.278654710896688,0.215650218334579,6.08485404451793,8.39513002332603,14.1670013906948,8.39453191188014,1.55236469290291,0.810486257106952,0.132810144330326,2564106.03333309,9.70095937319488,0.000128715594354289
14,2,-0.109840138343139,0.998269890409255,0.886363636363636,-0.313074066283584,0.313074066283584,0.220521410732029,6.68528016628818,8.30963753047414,14.1670013906948,8.68315538582087,1.59261090229446,0.819961944251605,0.135967258194571,2500003.38426443,9.62556739302222,0.000128715594354289
14,2,-0.0875869501707921,0.998330751823684,0.909090909090909,-0.306927278351185,0.306927278351185,0.224841704112987,6.42071625526653,8.21519146671376,14.1670013906948,8.95734768606457,1.63353376306164,0.828963847039025,0.138834281446527,2439027.69368692,9.54740029210135,0.000128715594354289
14,2,-0.0652129497562918,0.998270800995961,0.931818181818182,-0.324142539262238,0.324142539262238,0.22980674587045,6.63330628442549,8.13609720759935,14.1670013906948,9.21783037129608,1.67515020152811,0.837515654687073,0.141361006057945,2380955.60742263,9.4780171014424,0.000128715594354289
14,2,-0.0430577776571167,0.998429678483563,0.954545454545455,-0.298087727264904,0.298087727264904,0.233220794940173,5.99258122984301,8.02892140871153,14.1670013906948,9.46528892226602,1.71745853811315,0.84563987195272,0.143455090636833,2325584.54842644,9.39696045326567,0.000128715594354289
14,2,-0.020801477447222,0.998487427860445,0.977272727272727,-0.290273647834604,0.290273647834604,0.236073437584894,5.74137813382283,7.91454424496709,14.1670013906948,9.70037454568745,1.76043818944043,0.853357878355084,0.14473683138644,2272730.35574826,9.31387903691469,0.000128715594354289
14,2,0,1,1,-0.0215439553745709,0.0215439553745709,0.225346963474378,0.426296504415937,7.54013185793954,14.1670013906948,9.92370588793782,1.80404997552027,0.810689984437329,0.1418855019453,2222225.23830022,9.11637720285916,0.000128715594354289
14,3,0.0181818181818182,0,0,0,0,0,0,0,0,0,0,0,0.731292518810113,100000000,0,0.000127365970740778
14,3,0.00571395723039812,0.0347819105381969,0.0227272727272727,-0.0737203887102602,0.0737203887102602,0.00368601943551301,18.7706500851485,0.938532504257427,4.40813289892404,0.220406644946202,0.0432665839914577,0.05,0.376578769650245,50000000.1134267,9.38532504257427,0.000127365970740778
14,3,-0.0192038699973725,0.0820137873527444,0.0454545454545454,-0.0797014331588817,0.0797014331588817,0.00748679012168144,17.0852297901402,1.74586736855157,1.84898922974757,0.30183577418627,0.08689769297075,0.0975,0.260931145346769,33333333.5892298,11.9519599584296,0.000127365970740778
14,3,-0.0462212551978302,0.131345222139979,0.0681818181818182,-0.120412506189614,0.120412506189614,0.0131330759250781,20.0024639328908,2.65869719676853,0.714469797501845,0.322467475352049,0.13087518305511,0.142625,0.200026855553503,25000000.5418322,13.9645859520449,0.000127365970740778
14,3,-0.0722053293447375,0.179643345873663,0.0909090909090909,-0.0523592359885452,0.0523592359885452,0.0150943839282514,8.39018675798383,2.94527167482929,0.364004770813855,0.324544340125139,0.175172449446442,0.18549375,0.16520840964516,20000000.9829091,12.8497061132327,0.000127365970740778
14,3,-0.0972768872183294,0.227028953334032,0.113636363636364,-0.0869074092813404,0.0869074092813404,0.0186850351959059,12.7504524811105,3.43553071514335,0.210768524744121,0.318855549356088,0.219753984330424,0.2262190625,0.137875594680528,16666668.2765145,12.8331638412123,0.000127365970740778
14,3,-0.120916830641067,0.272982946343546,0.136363636363636,-0.0755367583260433,0.0755367583260433,0.0215276213524127,10.4632441290386,3.78691638583812,0.153109715150659,0.310568257645817,0.264575225403825,0.264908109375,0.118380482344545,14285716.5986216,12.4946038823304,0.000127365970740778
14,3,-0.148114707027168,0.322494872316424,0.159090909090909,-0.106235481442038,0.106235481442038,0.025763014356894,13.3472396115513,4.26493254712377,0.118054292852381,0.300942559406145,0.309582738075006,0.30166270390625,0.106259584533021,12500003.0826287,12.601183348483,0.000127365970740778
14,3,-0.177917468969946,0.374611683845979,0.181818181818182,-0.0249328562428239,0.0249328562428239,0.0257215064511905,3.11880795075153,4.20762631730516,0.111763841337153,0.291483623502695,0.354714760763721,0.296945144470087,0.0987839877746411,11111114.8453853,11.5475860820684,0.000127365970740778
14,3,-0.204213015389353,0.423221279852163,0.204545454545455,-0.0597374192193003,0.0597374192193003,0.027422302089596,7.27562441540166,4.36102622220999,0.1114411408486,0.282481499369991,0.399902126993968,0.332097887246582,0.0909186377573859,10000004.2581814,11.1203899154017,0.000127365970740778
14,3,-0.231010246315791,0.472332560365378,0.227272727272727,-0.0338192903427301,0.0338192903427301,0.0277421515022527,4.0864740211744,4.34729861215821,0.0988967372216442,0.273302261262573,0.445069560829236,0.360844529666655,0.0861653632703517,9090913.88121558,10.4809430159265,0.000127365970740778
14,3,-0.259745490708352,0.523381854344716,0.25,-0.0247968386809663,0.0247968386809663,0.0275948858611884,2.98438689566083,4.27915302633334,0.0934814252677532,0.264311219462832,0.490137324425113,0.352632376730434,0.0832867869002779,8333338.61589031,9.85623000590435,0.000127365970740778
14,3,-0.288509274088335,0.574459687311476,0.272727272727273,-0.108626905816463,0.108626905816463,0.0316464868589521,12.0869901156251,4.66954488079793,0.0959163443785473,0.255891475708618,0.535023178896691,0.385000757893912,0.0771287409910292,7692313.37049504,10.0278269374213,0.000127365970740778
14,3,-0.311379636875379,0.619644099685296,0.295454545454545,-0.0416174051625195,0.0416174051625195,0.0321450327741305,4.5841741533225,4.66527634442415,0.0935230789482581,0.2477730558706,0.579644603151116,0.415750719999216,0.0738544669291663,7142863.1792131,9.63899459569998,0.000127365970740778
14,3,-0.337864810855346,0.66844332325204,0.318181818181818,-0.0722726312608786,0.0722726312608786,0.0341514126984679,7.72362173467178,4.81819361393653,0.087190783260424,0.239743942240091,0.623921200620704,0.444963183999256,0.0703549089180825,6666673.0652057,9.51130307163143,0.000127365970740778
14,3,-0.363901761802309,0.71679432378578,0.340909090909091,-0.0441966817188604,0.0441966817188604,0.0346536761494875,4.67367258901384,4.8109675626904,0.094467647416149,0.232480127498894,0.667777211681248,0.472715024799293,0.0685150906806208,6250006.66023251,9.20895116646784,0.000127365970740778
14,3,-0.388458322894312,0.76366493446456,0.363636363636364,-0.0421995131910076,0.0421995131910076,0.0350309680015635,4.42086608553193,4.79146248883248,0.114410488905557,0.226576645569227,0.711144040581473,0.499079273559328,0.0672069497513361,5882359.72377515,8.92729910288337,0.000127365970740778
14,3,-0.414905786344158,0.812426447501182,0.386363636363636,-0.0574477140240108,0.0574477140240108,0.0361518053026859,5.91502245819599,4.84764048730065,0.150949438505042,0.222795285216018,0.753962700436508,0.524125309881362,0.0658507018192527,5555562.32938402,8.75995040040074,0.000127365970740778
14,3,-0.437044537339055,0.856879248082856,0.409090909090909,-0.106596972200649,0.106596972200649,0.0396740636475841,10.373455843099,5.12393125509057,0.206954322169271,0.222003237063681,0.79618607858559,0.547919044387294,0.0630076954719977,5263164.56636297,8.84487173949012,0.000127365970740778
14,3,-0.457259826069833,0.899408586400411,0.431818181818182,-0.0857060736987401,0.0857060736987401,0.0419756641501418,8.06844902524623,5.27115714359835,0.276941144662518,0.224750132443623,0.83778092754103,0.570523092167929,0.061191697770474,5000006.5185886,8.80605060377793,0.000127365970740778
14,3,-0.47862439024166,0.943087200159015,0.454545454545455,-0.0912839241493644,0.0912839241493644,0.044441077150103,8.2966626103251,5.42243241693469,0.572146804025781,0.24211996602273,0.87872949383548,0.591996937559533,0.0602595677685661,4761911.0533131,8.78179403266113,0.000127365970740778
14,3,-0.493798221755144,0.980575081259276,0.477272727272727,-0.101346560923619,0.101346560923619,0.0472863513387788,8.84777687853589,5.59369964001475,10.4523788990983,0.752632912676508,0.919030708095392,0.612397090681556,0.0633676425466012,4545460.55523851,8.78479325292816,0.000127365970740778
14,3,-0.462002720151873,0.993407678829559,0.522727272727273,-0.275936278607621,0.275936278607621,0.0714429753079803,15.7662028167461,6.82287209504176,14.1670013906948,2.06053383928329,0.997773813263535,0.650188374340104,0.0713811816965629,4166672.18151751,9.57478211596185,0.000127365970740778
14,3,-0.440751566155943,0.994470574420406,0.545454545454545,-0.321688090863826,0.321688090863826,0.0839552310857726,15.8969621731423,7.27657659894679,14.1670013906948,2.66585721685387,1.03630043695126,0.667678955623099,0.0756868422199489,4000005.29708027,9.82766931824907,0.000127365970740778
14,3,-0.419546806916276,0.995579864767516,0.568181818181818,-0.32317353790188,0.32317353790188,0.0959161464265779,14.2612324585279,7.62580939192584,14.1670013906948,3.24091442554591,1.07434774819038,0.684295007841944,0.0802889883995697,3846158.94221513,9.99819097749056,0.000127365970740778
14,3,-0.398099898058744,0.996447005496761,0.590909090909091,-0.30340652402647,0.30340652402647,0.106290665306573,12.3345960654892,7.86124872560401,14.1670013906948,3.78721877380336,1.11199728658001,0.700080257449847,0.0850628315828619,3703708.61363629,10.0847244992683,0.000127365970740778
14,3,-0.375840195281367,0.996501352306161,0.613636363636364,-0.345582006879297,0.345582006879297,0.118255232385209,12.8444833002019,8.1104104543339,14.1670013906948,4.30620790464793,1.14934305966635,0.715076244577355,0.0897524295362805,3571433.30852738,10.1832873135873,0.000127365970740778
14,3,-0.354338874977436,0.997314081589006,0.636363636363636,-0.287579489643943,0.287579489643943,0.126721445248145,10.1304223746288,8.21141105034865,14.1670013906948,4.79924757895027,1.18648902061096,0.729322432348487,0.0948330159350832,3448280.43825355,10.1814643846577,0.000127365970740778
14,3,-0.331874793194638,0.997164049392985,0.659090909090909,-0.331832641998965,0.331832641998965,0.136977005085686,10.9690351986573,8.34929225776408,14.1670013906948,5.2676352695375,1.22354617145579,0.742856310731063,0.0994860966288509,3333337.75933132,10.2077167451244,0.000127365970740778
14,3,-0.309507018426723,0.997110324211847,0.681818181818182,-0.370430606663369,0.370430606663369,0.148649685164571,11.423727846317,8.50301403719173,14.1670013906948,5.71260357559536,1.26062938663002,0.75571349519451,0.103867577149397,3225810.73711375,10.246942909679,0.000127365970740778
14,3,-0.265170944058955,0.997402349017633,0.727272727272727,-0.372024388428109,0.372024388428109,0.166990408741216,10.4087029539053,8.61590805191184,14.1670013906948,6.53690736256756,1.33533271273887,0.779531429413045,0.112603590736007,3030307.06035452,10.2102325744586,0.000127365970740778
14,3,-0.242971859074831,0.997517313620285,0.75,-0.377149345333545,0.377149345333545,0.177498355570832,10.0140388007812,8.68581458935531,14.1670013906948,6.91841206397392,1.37317161120972,0.790554857942393,0.11646497013651,2941180.38418488,10.2044621693504,0.000127365970740778
14,3,-0.221132867540594,0.997992371672826,0.772727272727273,-0.31340614881361,0.31340614881361,0.184293745232971,8.05132564810604,8.65409014229284,14.1670013906948,7.28084153030996,1.4114676258021,0.801027115045273,0.120564134729733,2857146.66093921,10.1429439830292,0.000127365970740778
14,3,-0.198653237098643,0.997826790817651,0.795454545454545,-0.352631248469389,0.352631248469389,0.192710620394792,8.71273776730165,8.65702252354328,14.1670013906948,7.6251495233292,1.45030532716156,0.810975759293009,0.124376030122218,2777781.47787386,10.1032160325923,0.000127365970740778
14,3,-0.176459416658159,0.997947019963944,0.818181818181818,-0.343759516823259,0.343759516823259,0.200263065216215,8.20664080671144,8.63450343770169,14.1670013906948,7.95224211669748,1.48975448904629,0.820426971328359,0.127897179223918,2702706.30470393,10.0519572427036,0.000127365970740778
14,3,-0.154318029324949,0.998119682217511,0.840909090909091,-0.321907249484764,0.321907249484764,0.206345274429643,7.47113524846532,8.57633502823987,14.1670013906948,8.26298008039735,1.52986806143777,0.829405622761941,0.131405841416292,2631582.45643769,9.9840408744342,0.000127365970740778
14,3,-0.131995066584332,0.998110769063671,0.863636363636364,-0.331150076739521,0.331150076739521,0.212585514545137,7.4717727779016,8.52110691572296,14.1670013906948,8.55818114591222,1.57068068615502,0.837935341623844,0.134731706919825,2564105.98500561,9.91962374375388,0.000127365970740778
14,3,-0.109814330556402,0.998244082622517,0.886363636363636,-0.313160757614277,0.313160757614277,0.217614276698594,6.89911803662387,8.44000747176801,14.1670013906948,8.83862215815135,1.61220780376858,0.846038574542652,0.13775456683682,2500003.33714513,9.84411110107563,0.000127365970740778
14,3,-0.0876074089161887,0.998351210569081,0.909090909090909,-0.297946163387943,0.297946163387943,0.221630871033061,6.43002149175464,8.33950817276734,14.1670013906948,9.10504111977852,1.65444537858238,0.853736645815519,0.14056714660196,2439027.64771687,9.76084062279951,0.000127365970740778
14,3,-0.0651308470176374,0.998188698257307,0.931818181818182,-0.334549060666658,0.334549060666658,0.227276780514741,7.0421730576329,8.27464141701062,14.1670013906948,9.35813913332433,1.69737024548525,0.861049813524743,0.143041388235842,2380955.5625471,9.69611044267649,0.000127365970740778
14,3,-0.0429281299851182,0.998300030811564,0.954545454545455,-0.319304256056357,0.319304256056357,0.231878154291822,6.57756020750874,8.18978735653552,14.1670013906948,9.59858224619286,1.74094105951303,0.867997322848506,0.145085449504949,2325584.50459453,9.62358601860282,0.000127365970740778
14,3,-0.0206724176113271,0.99835836802455,0.977272727272727,-0.31293228107335,0.31293228107335,0.235930860630898,6.3194315840725,8.09626956791237,14.1670013906948,9.82700320341795,1.78509980694386,0.874597456706081,0.146320099996808,2272730.31291253,9.54849159963622,0.000127365970740778
14,3,0.000273443516833338,0.999726556483167,1,-0.0511811979193983,0.0511811979193983,0.226693377495323,1.03353044796874,7.74313261191519,14.1670013906948,10.0440031127818,1.82977381656794,0.880867583870777,0.143442150502153,2222225.1964164,9.35927024071028,0.000127365970740778
16,1,0.0181818181818182,0,0,0,0,0,0,0,0,0,0,0,0.731509976601401,100000000,0,0.000277777777777778
16,1,0.00583195354436579,0.0346639142242293,0.0227272727272727,0.2072765828059,0.2072765828059,0.010363829140295,28.4841044496437,1.42420522248219,15.6737952418335,0.783689762091676,0.0203147145116773,0.05,0.374106597048859,50000000.0319004,14.2420522248219,0.000277777777777778
16,1,0.00513827186241984,0.057671645492952,0.0454545454545454,0.00293453131822519,0.00293453131822519,0.0099923642491915,0.403434457295582,1.37316668422286,3.76140430775492,0.932575489374838,0.0406860870647726,0.0475,0.258175325504582,33333333.4432196,9.62917963564644,0.000277777777777778
16,1,0.00508054262812739,0.0800434243140214,0.0681818181818182,-0.0812265105478187,0.0812265105478187,0.0135540715641229,10.5343314294104,1.83122492148223,2.18327524703717,0.995110477257954,0.0610805309819592,0.095125,0.200584426996556,25000000.1969216,9.85546758408742,0.000277777777777778
16,1,0.00384233739404069,0.103595679134885,0.0909090909090909,-0.0164418000516817,0.0164418000516817,0.0136984579885008,2.12857865674856,1.84609260824555,1.0084239457257,0.995776150681342,0.0814662241410318,0.09036875,0.1642520560189,20000000.3558666,8.31008979861965,0.000277777777777778
16,1,0.00290948959779491,0.126842576517908,0.113636363636364,-0.065033404332135,0.065033404332135,0.0162652053056825,8.13969820466319,2.16077288806643,0.77143243952727,0.984558965123638,0.101813773810459,0.1358503125,0.138611932923261,16666667.1792704,8.2816911996269,0.000277777777777778
16,1,0.00386240588696879,0.148203709815511,0.136363636363636,-0.0410107727714024,0.0410107727714024,0.0175024836789685,5.06913931291816,2.30619120930902,0.587161441644691,0.964689088949691,0.12209672913329,0.179057796875,0.118998300971616,14285714.9683902,7.82275521581137,0.000277777777777778
16,1,0.00500289326650158,0.169377272022755,0.159090909090909,-0.00710183074693793,0.00710183074693793,0.016982451032367,0.877922980606847,2.23477779787391,0.432390492565838,0.938074159130498,0.142291934751397,0.17010490703125,0.107295480070076,12500000.886432,6.9546511864108,0.000277777777777778
16,1,0.00525777286138732,0.191436442014646,0.181818181818182,-0.0292659494785705,0.0292659494785705,0.0175966259546772,3.59616346107458,2.30284708103394,0.300050897017156,0.906172996024831,0.162379726819584,0.189024659626816,0.0971676305174703,11111112.2693582,6.58148588359567,0.000277777777777778
16,1,0.00650626012159181,0.212502004341218,0.204545454545455,-0.0399935718465376,0.0399935718465376,0.0187164732492702,4.85844337209953,2.43062689558722,0.234910360763272,0.872609864261753,0.182343980005047,0.229573426645475,0.0879595867628046,10000001.4681167,6.40918163244605,0.000277777777777778
16,1,0.00541396453830054,0.235908349511286,0.227272727272727,-0.0213592289596534,0.0213592289596534,0.0188486110347893,2.5873265917841,2.43846188039707,0.1984290542987,0.8389008237636,0.202172020663442,0.218094755313201,0.0821060194140509,9090910.88370467,6.06174026511315,0.000277777777777778
16,1,0.00457015941958638,0.259066204216777,0.25,0.0065225034737586,0.0065225034737586,0.0182323056567378,0.790244729359658,2.35605102284519,0.168477576356461,0.805379661393243,0.221854426931213,0.207190017547541,0.0792135420657745,8333335.47135495,5.62244897046703,0.000277777777777778
16,1,0.00544552785174302,0.280504885371398,0.272727272727273,-0.0619380759849877,0.0619380759849877,0.0204175941731503,7.30490075147093,2.60349350927648,0.146218235297222,0.772421590088442,0.241384740732917,0.246830516670164,0.073314092484899,7692310.19195013,5.75186833823656,0.000277777777777778
16,1,0.00709298511795853,0.301171477691959,0.295454545454545,-0.0745779689241277,0.0745779689241277,0.0231256129106992,8.47788934691999,2.89721330115866,0.129874104648356,0.740294215816438,0.260759119495886,0.284488990836656,0.0695017722473204,7142860.01393686,5.94658412457109,0.000277777777777778
16,1,0.00782351067923537,0.322755001717459,0.318181818181818,-0.0682665308476742,0.0682665308476742,0.0253826588075479,7.5403430861799,3.12936979040972,0.118082753752684,0.70918364271325,0.279975956590017,0.320264541294823,0.0658854296220874,6666669.91091688,6.05283472201168,0.000277777777777778
16,1,0.0100621698483324,0.342830392135139,0.340909090909091,-0.0587791567165876,0.0587791567165876,0.0270524837029999,6.36282026227513,3.29104231400299,0.111949337977423,0.679321927476459,0.299035499143054,0.354251314230082,0.0624524307343884,6250003.59977282,6.07220881827814,0.000277777777777778
16,1,0.0118545709531114,0.363352040617136,0.363636363636364,-0.052421350045385,0.052421350045385,0.0283209270201191,5.58808300439815,3.40589434852275,0.110495828664515,0.650880622535861,0.317939489974646,0.386538748518578,0.0590322530138176,5882356.86155768,6.04373082922638,0.000277777777777778
16,1,0.0142361646078495,0.383284496549175,0.386363636363636,-0.0143218340029221,0.0143218340029221,0.0276209723692593,1.52568365463695,3.31188381382846,0.113736409446005,0.624023411881369,0.336690857074298,0.367211811092649,0.056954314946268,5555559.74659666,5.79272820841585,0.000277777777777778
16,1,0.0161503019638696,0.403684408779932,0.409090909090909,-0.0995887264464805,0.0995887264464805,0.0312193600731204,10.0626230007451,3.64942077317429,0.118506183110926,0.598747550442846,0.355293469515756,0.398851220538016,0.0555470543724812,5263162.309322,6.01745951327529,0.000277777777777778
16,1,0.0169408840915025,0.425207876239076,0.431818181818182,-0.0239072733354324,0.0239072733354324,0.030853755736236,2.40981460224172,3.58744046462766,0.110869106939471,0.574353628267678,0.373751973208596,0.385236507288408,0.0535132479536121,5000004.64483816,5.83707726772361,0.000277777777777778
16,1,0.018379930573152,0.446082879344203,0.454545454545455,-0.0594237628588297,0.0594237628588297,0.0322822560923656,5.88801854936897,3.70246936886473,0.104737321149246,0.550872812911756,0.392071713737847,0.415974681923988,0.0511335919385487,4761909.6402123,5.83950304304006,0.000277777777777778
16,1,0.0194421297053741,0.467334729798758,0.477272727272727,-0.000818490106782477,0.000818490106782477,0.0307090677930865,0.0811406124062468,3.5214029310418,0.0998670568907012,0.528322525110703,0.410258747066371,0.395175947827789,0.0503211379707602,4545459.65717138,5.57775929619306,0.000277777777777778
16,1,0.0255118518550598,0.505893106822626,0.522727272727273,-0.0292290021433264,0.0292290021433264,0.0319718344748504,2.8407852721936,3.59276356821235,0.0944616338709317,0.486126578732899,0.446263095578479,0.431425828911927,0.0467884037651996,4166672.22446723,5.47048589849859,0.000277777777777778
16,1,0.0294496121389541,0.524269396125509,0.545454545454545,-0.0557584815633692,0.0557584815633692,0.0331611668292763,5.34393457084251,3.68032211834385,0.0934551764424175,0.466493008618375,0.464097245420109,0.459854537466331,0.0452652124615156,4000005.76350122,5.46542384539234,0.000277777777777778
16,1,0.0319058477116689,0.544127210139571,0.568181818181818,-0.0481601008867063,0.0481601008867063,0.0339111135321478,4.56954165797506,3.72478309532541,0.0935095058722616,0.447843833481069,0.481832822103693,0.486861810593014,0.0436571484320985,3846159.79929348,5.43096683818399,0.000277777777777778
16,1,0.0345076953941962,0.56383941204382,0.590909090909091,-0.0353227049265437,0.0353227049265437,0.0339816931018676,3.33448315057339,3.70526809808781,0.0947322915227792,0.430188256383155,0.499481952138997,0.512518720063363,0.0422157398038751,3703709.82732196,5.35331929419841,0.000277777777777778
16,1,0.0360672643140113,0.584593892710782,0.613636363636364,-0.0380396368073672,0.0380396368073672,0.0341845902871426,3.56979442750682,3.69849441455876,0.097280568112533,0.413542871969624,0.517058683763287,0.536892784060195,0.0409489910609014,3571434.84347279,5.28962197753085,0.000277777777777778
16,1,0.0379160693169798,0.60505913729459,0.636363636363636,-0.046732932811878,0.046732932811878,0.0348120074133794,4.34616467989761,3.73087792782571,0.0981111931701608,0.39777128802965,0.534579175796993,0.560048144857185,0.0395773156825056,3448282.2693019,5.25708896726764,0.000277777777777778
16,1,0.0402622094136807,0.625027046784666,0.659090909090909,0.00481440333469463,0.00481440333469463,0.0333121272094451,0.447918806666422,3.56672997176774,0.0921810005664912,0.382491773656492,0.552061814430044,0.532045737614326,0.0393283240795251,3333339.88859926,5.0967832952476,0.000277777777777778
16,1,0.0439495867003934,0.64365371908473,0.681818181818182,-0.014514886298949,0.014514886298949,0.0323722651639203,1.3498691909031,3.45588693272451,0.0887071673453961,0.367802543340938,0.569527235188643,0.50544345073361,0.0387615679983839,3225813.15906529,4.97591509833326,0.000277777777777778
16,1,0.0530200437093131,0.679211361249365,0.727272727272727,-0.0378896543462446,0.0378896543462446,0.0323342376550777,3.49557982136956,3.40725889973366,0.0876364345318672,0.340467215894661,0.604499536860911,0.519118275493962,0.0379831212992755,3030310.02440206,4.85270620458825,0.000277777777777778
16,1,0.0564981975248596,0.698047257020595,0.75,0.00439051767470655,0.00439051767470655,0.0309370516560591,0.405224696772881,3.25715718958562,0.0900200876068003,0.327944859480268,0.622057473298964,0.493162361719264,0.037759915635503,2941183.58570294,4.72189792494663,0.000277777777777778
16,1,0.0612490023359369,0.715610501796294,0.772727272727273,-0.0910065398583702,0.0910065398583702,0.0339405260661747,8.12179364512902,3.50038901236279,0.09412067214541,0.316253650113525,0.639699467157404,0.5185042436333,0.0374893733313181,2857150.07253024,4.81903780266612,0.000277777777777778
16,1,0.0628933130378986,0.73628024068111,0.795454545454545,-0.00609454333766513,0.00609454333766513,0.0325482269297492,0.544093428659161,3.35257423317761,0.101158476773405,0.305498891446519,0.657453438880846,0.492579031451635,0.0370445716871002,2777785.06733437,4.7002893478326,0.000277777777777778
16,1,0.0644010442479521,0.757086559057833,0.818181818181818,-0.0210213966799091,0.0210213966799091,0.0319718854172572,1.8743337508176,3.27866220905961,0.110763401540097,0.295762116951198,0.675347082089704,0.467950079879054,0.0365613691434435,2702710.03925109,4.62391216953489,0.000277777777777778
16,1,0.0666601297235411,0.777141523169021,0.840909090909091,-0.040528920036992,0.040528920036992,0.0323997371482439,3.59209267381657,3.29433373229745,0.122429269034387,0.287095474555357,0.693407053425942,0.494552575885101,0.0357136607580997,2631586.30579662,4.59675902491073,0.000277777777777778
16,1,0.0692223477069422,0.796893354772397,0.863636363636364,-0.00345078737288507,0.00345078737288507,0.030952289659476,0.305983230760697,3.14491620722062,0.136099651571528,0.279545683406166,0.711658100948103,0.469824947090846,0.0353668093778293,2564109.92225203,4.48673913275303,0.000277777777777778
16,1,0.07093838669562,0.817491365370496,0.886363636363636,-0.000545065480056728,0.000545065480056728,0.029431928450505,0.048355385739928,2.99008816614658,0.156019481401692,0.273369373305942,0.730122163854174,0.446333699736303,0.0351460946411192,2500007.33443213,4.37577953907771,0.000277777777777778
16,1,0.070707081836159,0.840036719816733,0.909090909090909,0.00113412003344138,0.00113412003344138,0.0280170380296518,0.100663088557268,2.84561691226712,0.182816690453557,0.268841739163323,0.748817479980869,0.424017014749488,0.0350345487810266,2439031.6792011,4.27150840613818,0.000277777777777778
16,1,0.0704949734508337,0.862562877788836,0.931818181818182,-0.0142821834750868,0.0142821834750868,0.0273302953019236,1.26728435152703,2.76670028423011,0.214277027389274,0.266113503574621,0.767757739627667,0.402816164012014,0.0346309031521451,2380959.6074786,4.19997926198077,0.000277777777777778
16,1,0.0720717923154326,0.883300108511014,0.954545454545455,0.00528284020929082,0.00528284020929082,0.0262279225472919,0.468939091970195,2.65181222461712,0.247379676056052,0.265176812198692,0.786951324637494,0.382675355811413,0.0341976810044824,2325588.54782489,4.11321088593402,0.000277777777777778
16,1,0.0726570844866328,0.90502886592659,0.977272727272727,-0.0106735676357834,0.0106735676357834,0.0254502048017165,0.947503431510047,2.56659678496176,0.280975598078328,0.265966751492674,0.806400670264848,0.363541588020842,0.033786775023625,2272734.34353405,4.04126298924256,0.000277777777777778
16,1,0.0734251238684164,0.926574876131584,1,0.19030401285948,0.19030401285948,0.0336928952046047,14.9063298708759,3.18358343925747,0.373749246619961,0.271355876249038,0.826101784189655,0.3953645086198,0.0356410040940487,2222229.19535753,4.28270891994553,0.000277777777777778
16,2,0.0181818181818182,0,0,0,0,0,0,0,0,0,0,0,0.731388194416131,100000000,0,0.000127019239735789
16,2,0.0110953056507581,0.0294005621178369,0.0227272727272727,-0.101323533206672,0.101323533206672,0.00506617666033358,22.5127509757289,1.12563754878645,4.84449504061087,0.242224752030543,0.0435534115781617,0.05,0.407268474556503,50000000.1032099,11.2563754878645,0.000127019239735789
16,2,-0.0121911811511544,0.0750010985065263,0.0454545454545454,-0.0916427671475675,0.0916427671475675,0.00939500618469527,17.1258700273685,1.92564917271555,2.23325791639615,0.341776410248824,0.0872574110279958,0.0975,0.273966558781449,33333333.5513987,13.2128736676991,0.000127019239735789
16,2,-0.0349593816697761,0.120083348611925,0.0681818181818182,-0.0739457931687126,0.0739457931687126,0.0126225455338961,12.6678311599633,2.46275827207793,0.826936868448024,0.366034433158784,0.131077218018011,0.142625,0.207122352605502,25000000.4658696,13.0766130407652,0.000127019239735789
16,2,-0.0596703119798074,0.167108328508733,0.0909090909090909,-0.0255824668026237,0.0255824668026237,0.0132705415973325,4.3432331896871,2.55678201795839,0.447248192569468,0.370095121129318,0.174978924077638,0.148416847648125,0.175097220650598,20000000.8198747,11.3299370705495,0.000127019239735789
16,2,-0.0932124771487866,0.222964543264489,0.113636363636364,-0.0211150472033759,0.0211150472033759,0.0136627668776347,3.56372820524015,2.60712932732248,0.217873698326936,0.362484049989199,0.218929315578038,0.140996005265718,0.15659450961538,16666668.1148647,10.0355689263313,0.000127019239735789
16,2,-0.117193419276022,0.269259534978502,0.136363636363636,-0.0992995670346066,0.0992995670346066,0.0179446068854833,14.8141031327413,3.21747801759342,0.156742326939806,0.352196963836729,0.262895574606507,0.183946205002432,0.135843398173391,14285716.4384409,10.7182166701042,0.000127019239735789
16,2,-0.147775208376162,0.322155373665418,0.159090909090909,-0.0819079712171327,0.0819079712171327,0.0211427751020657,11.403110669813,3.6267596502044,0.118247549307663,0.340499493110276,0.306844908399267,0.224748894752311,0.11919118621351,12500002.9407401,10.8038284200678,0.000127019239735789
16,2,-0.175993163333253,0.372687378209286,0.181818181818182,-0.0441865866316982,0.0441865866316982,0.0222949656785474,6.04131265760197,3.74748730057428,0.11146220517666,0.329047628713595,0.350744162348934,0.263511450014695,0.108706516821476,11111114.7219524,10.274660002016,0.000127019239735789
16,2,-0.200178911363576,0.419187175826386,0.204545454545455,-0.0723088297912859,0.0723088297912859,0.0247956588841843,9.44018932596169,4.03212240184365,0.112796527473756,0.318235073651603,0.394559472664637,0.300335877513961,0.0983146646638056,10000004.1363093,10.1912129344106,0.000127019239735789
16,2,-0.225587583210595,0.466909897260182,0.227272727272727,-0.000216746720536509,0.000216746720536509,0.0235667132760019,0.0283112463043324,3.83193184406668,0.0999514426779479,0.30732089210292,0.438256012479894,0.285319083638262,0.0948164367442947,9090913.76072283,9.26731278094638,0.000127019239735789
16,2,-0.250532477201757,0.514168840838121,0.25,-0.0202690966769445,0.0202690966769445,0.023401832446049,2.63961036322281,3.77231577002449,0.0938842500412927,0.296649059999839,0.481797879689675,0.271053129456349,0.0913852392285519,8333338.50161375,8.71500424613608,0.000127019239735789
16,2,-0.276802753099207,0.562753166322347,0.272727272727273,-0.0552273713921965,0.0552273713921965,0.0249931093933564,7.01640744138385,3.93452035359246,0.0946473918354984,0.286548976591622,0.52514816633113,0.307500472983532,0.0866385144214658,7692313.27576127,8.58434295346283,0.000127019239735789
16,2,-0.305066394996515,0.613330857806432,0.295454545454545,-0.0554457292892612,0.0554457292892612,0.0265157403881516,6.87890722812134,4.0817396973189,0.0953364592830472,0.276988350726193,0.568269238329467,0.342125449334355,0.0826173921210364,7142863.07671879,8.46252611593844,0.000127019239735789
16,2,-0.325417318980278,0.655995831376972,0.318181818181818,-0.0752327297898758,0.0752327297898758,0.0289515898582378,8.95610812476387,4.32545811869115,0.0874962766021599,0.267513747019991,0.611123241468965,0.375019176867637,0.0777254675205119,6666672.96687472,8.49543158319347,0.000127019239735789
16,2,-0.354690377631846,0.707582939615317,0.340909090909091,-0.0504319456889073,0.0504319456889073,0.0300256076497713,5.90117868149081,4.40424414683113,0.0920413480991226,0.258740127073948,0.653672835179507,0.406268218024256,0.0751325227633824,6250006.58548769,8.33329077683705,0.000127019239735789
16,2,-0.38042922221147,0.755635833781718,0.363636363636364,-0.0417780133417671,0.0417780133417671,0.0306132279343711,4.83353268245192,4.42570857361217,0.110084580540683,0.251307349747285,0.695882140883579,0.435954807123043,0.0733627976394528,5882359.67363103,8.12742265363793,0.000127019239735789
16,2,-0.402235602427395,0.79975626358442,0.386363636363636,-0.0716358072408925,0.0716358072408925,0.0326643568996972,8.02092451220551,4.60546937054184,0.138515293791128,0.245667746949477,0.737717876996175,0.464157066766891,0.0706438924688112,5555562.31506371,8.12150609022502,0.000127019239735789
16,2,-0.424951056271924,0.844785767015726,0.409090909090909,-0.01961175640924,0.01961175640924,0.0320117268751743,2.1917066186796,4.48478123294873,0.18905962320212,0.242837340762109,0.779150638978825,0.440949213428546,0.0702626493499612,5263164.57686755,7.80941138119631,0.000127019239735789
16,2,-0.447643014329369,0.889791774659948,0.431818181818182,-0.0708143358896849,0.0708143358896849,0.0339518573258998,7.68069934681676,4.64457713864213,0.259635715372868,0.243677259492647,0.820156270849813,0.468901752757119,0.0687970008872456,5000006.54060169,7.80297577947733,0.000127019239735789
16,2,-0.469028110282458,0.933490920199813,0.454545454545455,-0.100842896675767,0.100842896675767,0.0372964092933932,10.3414429927218,4.92942043134611,0.456759398283904,0.25433136643221,0.860717264903366,0.495456665119263,0.0668845474376358,4761911.09530334,7.92385517058421,0.000127019239735789
16,2,-0.484151675529087,0.97092853503322,0.477272727272727,-0.130938645071877,0.130938645071877,0.0419785210823174,12.3649007650157,5.30119444802959,2.96203099529284,0.389716347875241,0.900824119643523,0.5206838318633,0.0664028553413972,4545460.60631711,8.12572087942201,0.000127019239735789
16,2,-0.473067212030192,0.982158121121101,0.5,-0.31448010063186,0.31448010063186,0.0556036000597945,21.6536024691418,6.1188148490852,14.1670013906948,1.07858060001622,0.94047658251296,0.544649640270135,0.0686479323852795,4347831.8873723,8.71388964419243,0.000127019239735789
16,2,-0.458691145501601,0.990096104179287,0.522727272727273,-0.358878638266447,0.358878638266447,0.0707673519701272,19.4770538544897,6.78672679935542,14.1670013906948,1.73300163955015,0.979684704158569,0.567417158256628,0.0715586845802832,4166672.22833956,9.16235481962149,0.000127019239735789
16,2,-0.43988005696856,0.993599065233023,0.545454545454545,-0.340586121258907,0.340586121258907,0.0842582904345662,15.9640054298772,7.24559073088151,14.1670013906948,2.35470162710738,1.01846963482041,0.589046300343796,0.0757104196940762,4000005.34202944,9.43442084403171,0.000127019239735789
16,2,-0.419946844637204,0.995979902488444,0.568181818181818,-0.265035585269462,0.265035585269462,0.093297155176311,11.5675963795421,7.46169101331454,14.1670013906948,2.94531661528675,1.05686410088031,0.609593985326607,0.0813820892286051,3846158.98543549,9.51646605693596,0.000127019239735789
16,2,-0.397378952811497,0.995726060249513,0.590909090909091,-0.348690422372703,0.348690422372703,0.106066818536131,13.7188806987704,7.77455049758733,14.1670013906948,3.50640085405715,1.09491251040845,0.629114286060276,0.0860281134243574,3703708.6552559,9.67211104367057,0.000127019239735789
16,2,-0.376064664910327,0.99672582193512,0.613636363636364,-0.30481193149686,0.30481193149686,0.116004074184167,11.2181588190791,7.94673091366192,14.1670013906948,4.03943088088903,1.13267065028507,0.647658571757263,0.0912417981288031,3571433.34866056,9.72732703564944,0.000127019239735789
16,2,-0.354084435392002,0.997059642003572,0.636363636363636,-0.303695215341712,0.303695215341712,0.125388631242044,10.5428635020438,8.07653754308101,14.1670013906948,4.54580940637932,1.17020495358694,0.665275643169399,0.0962232339676346,3448280.47700284,9.75544898276649,0.000127019239735789
16,2,-0.33217212988109,0.997461386079437,0.659090909090909,-0.282249549283224,0.282249549283224,0.133231677144103,9.36365123502565,8.14089322767824,14.1670013906948,5.0268690055951,1.20759133373094,0.682011861010929,0.101328255253959,3333337.79678896,9.7423890578418,0.000127019239735789
16,2,-0.309779969559127,0.997383275344251,0.681818181818182,-0.313549952254867,0.313549952254867,0.142247590899641,9.88564876739372,8.22813100466402,14.1670013906948,5.48387562485008,1.24491360058239,0.697911267960383,0.106000371643038,3225810.77336308,9.74701033879508,0.000127019239735789
16,2,-0.287042608033684,0.996959963405585,0.704545454545455,-0.404770109756333,0.404770109756333,0.155373716842476,11.839408888219,8.40869489884177,14.1670013906948,5.91803191314232,1.28226149253218,0.713015704562364,0.110017417096464,3125004.18890131,9.81239779346458,0.000127019239735789
16,2,-0.265309634052132,0.99754103901081,0.727272727272727,-0.34689867097324,0.34689867097324,0.164949964549014,9.66589881575745,8.47155509468755,14.1670013906948,6.33048038701994,1.31972837656944,0.727364919334246,0.114081262525863,3030307.09440693,9.80795843050376,0.000127019239735789
16,2,-0.243343400328891,0.997888854874345,0.75,-0.308671138728042,0.308671138728042,0.172136023257966,8.30311979145553,8.46313332952595,14.1670013906948,6.72230643720368,1.3574086847939,0.740996673367533,0.11832751673225,2941180.41723574,9.76369847053175,0.000127019239735789
16,2,-0.221050920926987,0.997910425059219,0.772727272727273,-0.316381257296094,0.316381257296094,0.179348284959872,8.22194075958357,8.45107370102883,14.1670013906948,7.09454118487824,1.39539516984761,0.753946839699157,0.122373707899891,2857146.69304576,9.71964825021895,0.000127019239735789
16,2,-0.199149852979912,0.99832340669892,0.795454545454545,-0.257412097468438,0.257412097468438,0.1832514755853,6.5477859705711,8.35590931450594,14.1670013906948,7.44816419516907,1.4337760727171,0.766249497714199,0.126346255997417,2777781.50908856,9.63154096467317,0.000127019239735789
16,2,-0.176715325894157,0.998202929199942,0.818181818181818,-0.281670965369521,0.281670965369521,0.188172450074511,6.99106990942659,8.28766734425197,14.1670013906948,7.78410605494535,1.47263230370938,0.777937022828489,0.130225813327733,2702706.335075,9.56017688209894,0.000127019239735789
16,2,-0.154267632012973,0.998069284905535,0.840909090909091,-0.311122412929284,0.311122412929284,0.19431994821725,7.50517350734376,8.24854265240656,14.1670013906948,8.10325082173282,1.51203474073206,0.789040171687065,0.133868520645105,2631582.48600951,9.50609784592118,0.000127019239735789
16,2,-0.131996008646391,0.998111711125729,0.863636363636364,-0.312143133365569,0.312143133365569,0.200211107474666,7.32847160409012,8.20253909999074,14.1670013906948,8.40643835018092,1.55204174807992,0.799588163102711,0.137079444019288,2564106.01381918,9.45026127561781,0.000127019239735789
16,2,-0.10948788037183,0.997917632437946,0.886363636363636,-0.356990245381172,0.356990245381172,0.208050064369991,8.10544412168711,8.19768435107556,14.1670013906948,8.69446650220661,1.59269701369669,0.809608754947576,0.139900715193599,2500003.36523836,9.41664084676955,0.000127019239735789
16,2,-0.0878251497120507,0.998568951364943,0.909090909090909,-0.246561482168347,0.246561482168347,0.209975635259909,5.51512720996304,8.06355649401993,14.1670013906948,8.96809324663102,1.63402779348526,0.819128317200197,0.142668595218247,2439027.6751249,9.32148197757915,0.000127019239735789
16,2,-0.0652619712844807,0.99831982252415,0.931818181818182,-0.29437588727367,0.29437588727367,0.214195647860597,6.44947212925257,7.98285227578156,14.1670013906948,9.22803865383421,1.67604363800355,0.828171901340187,0.145101010035113,2380955.58930256,9.25310079071423,0.000127019239735789
16,2,-0.042789425387957,0.998161326214403,0.954545454545455,-0.330169386187328,0.330169386187328,0.219994334776934,7.05488661420498,7.93645399270273,14.1670013906948,9.47498679067724,1.71873566030474,0.836763306273178,0.147105341017311,2325584.53072777,9.20197953079541,0.000127019239735789
16,2,-0.0209804167711611,0.998666367184384,0.977272727272727,-0.240320682933146,0.240320682933146,0.221010652184744,5.07112547645847,7.79318756689052,14.1670013906948,9.70958752067812,1.76207638440449,0.844925140959519,0.148301628960363,2272730.33845184,9.10809648410593,0.000127019239735789
16,2,0.00022855593977511,0.999771444060225,1,-0.0405234010928535,0.0405234010928535,0.21198628963015,0.855219257399907,7.44628915141599,14.1670013906948,9.93245821417895,1.80602019265468,0.852678883911543,0.145373253193298,2222225.22138816,8.92469921240135,0.000127019239735789
16,3,0.0181818181818182,0,0,0,0,0,0,0,0,0,0,0,0.731390231717405,100000000,0,0.000128424588978431
16,3,0.00404848136229229,0.0364473864063028,0.0227272727272727,-0.0634518765871657,0.0634518765871657,0.00317259382935828,16.9484601871338,0.847423009356691,4.89899683706457,0.244949841853229,0.042636803139625,0.05,0.367941822084297,50000000.1020617,8.47423009356691,0.000128424588978431
16,3,-0.0149905367226382,0.0778004540780101,0.0454545454545454,-0.0892213734722547,0.0892213734722547,0.0074750328115031,19.0382596759322,1.75696484268546,2.09694147137533,0.337549423329334,0.0855905992785429,0.0975,0.248050069941152,33333333.5603362,11.9955732876887,0.000128424588978431
16,3,-0.035412899038965,0.120536865981114,0.0681818181818182,-0.103680283024227,0.103680283024227,0.0122852953221393,18.1337354532621,2.5758033732143,0.818170900540911,0.361580497189912,0.128839418542176,0.142625,0.191296078279801,25000000.4758117,13.530113829082,0.000128424588978431
16,3,-0.0559721030035419,0.163410119532467,0.0909090909090909,-0.0696486830738419,0.0696486830738419,0.0151534647097244,11.3722987875913,3.01562814393315,0.468070470471347,0.366904995853984,0.172353904177871,0.18549375,0.153197323331173,20000000.8079355,13.0985508207839,0.000128424588978431
16,3,-0.0803718254558519,0.210123891571554,0.113636363636364,-0.118224493610257,0.118224493610257,0.0203070161547511,16.4825068865011,3.68897208106154,0.238025787280034,0.360461035425287,0.21609694639056,0.2262190625,0.132826241717095,16666668.0401505,13.6625434984034,0.000128424588978431
16,3,-0.104729144441058,0.256795260143537,0.136363636363636,-0.0403395840484198,0.0403395840484198,0.0213086445494345,5.53982316722512,3.78151463536972,0.170935320431382,0.350984749675591,0.260023581181951,0.264908109375,0.116886969314022,14285716.2987241,12.5021548796637,0.000128424588978431
16,3,-0.131813206139891,0.306193371429147,0.159090909090909,-0.0673646560530785,0.0673646560530785,0.0236114451246167,8.88310843068311,4.03659432513539,0.126555457335848,0.339763285058604,0.304081195404997,0.30166270390625,0.1034821160456,12500002.7490929,12.0497740735411,0.000128424588978431
16,3,-0.154318839992088,0.351013054868121,0.181818181818182,-0.00526903518836397,0.00526903518836397,0.0226943246278041,0.694986410482062,3.86951392940273,0.110790253504578,0.328314633480903,0.348210066323701,0.286579568710937,0.0975509042188636,11111114.5576453,10.7881309998679,0.000128424588978431
16,3,-0.17963198589821,0.39864025036102,0.204545454545455,-0.105930860517179,0.105930860517179,0.0268561514222728,12.7857036776771,4.31532341681644,0.119546239218829,0.317876213767799,0.392344248986908,0.322250590275391,0.0891987273727056,10000003.9383772,10.9878882676488,0.000128424588978431
16,3,-0.201982282416223,0.44330459646581,0.227272727272727,-0.023206207207735,0.023206207207735,0.0266736542115459,2.79141825971501,4.23912815896137,0.105489803625575,0.307256893260688,0.436412808362049,0.309705805673964,0.0842724457567782,9090913.53303283,10.2427546305639,0.000128424588978431
16,3,-0.232209847340144,0.495846210976508,0.25,-0.0659589284529005,0.0659589284529005,0.0286379179236136,7.69914529181487,4.41212901560405,0.0954198257518014,0.296665039885244,0.480341376188249,0.344220515390265,0.0790668837248463,8333338.27861363,10.0307871856681,0.000128424588978431
16,3,-0.257389136918815,0.543339550141955,0.272727272727273,-0.0616572642896309,0.0616572642896309,0.0302888852419145,7.02091507726271,4.54256831868698,0.0934883417129475,0.286506204976629,0.524053995699168,0.377009489620752,0.0744796290164534,7692313.07999111,9.79925856194465,0.000128424588978431
16,3,-0.285581634142404,0.593846096952321,0.295454545454545,-0.0476619438725243,0.0476619438725243,0.031157538173445,5.35166011768839,4.58302290863705,0.0988498569003462,0.277123387572815,0.567475201542704,0.408159015139714,0.0716504645200432,7142862.86830264,9.48157295878349,0.000128424588978431
16,3,-0.311558098452969,0.642136610849664,0.318181818181818,-0.0352304955222942,0.0352304955222942,0.0313611860408875,3.92715215883662,4.55022937114703,0.0889031218646746,0.267712374287408,0.610532268164865,0.437751064382729,0.0699265330339509,6666672.76029573,9.11127823878703,0.000128424588978431
16,3,-0.337882932962508,0.690775494945979,0.340909090909091,-0.107404558682004,0.107404558682004,0.0351633546729433,11.2017081068578,4.88280330793257,0.0888921371404332,0.258771362430059,0.653157548338499,0.465863511163592,0.0656372126683778,6250006.41587655,9.24193010554145,0.000128424588978431
16,3,-0.358745580949462,0.73395219251971,0.363636363636364,-0.023848662768625,0.023848662768625,0.0345976200777274,2.48085982813498,4.76270613394269,0.100242274348362,0.250844908025974,0.695290815013117,0.448667433119684,0.0645419627954175,5882359.56646211,8.84422008922343,0.000128424588978431
16,3,-0.384577259824161,0.782097920981186,0.386363636363636,-0.115310883776088,0.115310883776088,0.0386332832626454,11.2203689092481,5.08558927270796,0.125899719450335,0.244597648597192,0.736881514717483,0.4762340614637,0.0611271906522863,5555562.25403808,8.97622835700257,0.000128424588978431
16,3,-0.410164669679162,0.829999380422964,0.409090909090909,-0.107898430618938,0.107898430618938,0.0420965406304601,9.96875574918991,5.32974759653205,0.170907117259201,0.240913122030292,0.777890839685714,0.502422358390515,0.058286013004742,5263164.54862194,9.02846664080191,0.000128424588978431
16,3,-0.42624431208212,0.868393072412698,0.431818181818182,-0.0902422775234162,0.0902422775234162,0.0445038274751079,8.06576906915243,5.46654867016307,0.2240173099032,0.240068331423938,0.818293528852571,0.527301240470989,0.056077524308825,5000006.54438788,8.98033176221943,0.000128424588978431
16,3,-0.446433097179034,0.91089590709639,0.454545454545455,-0.0612979712018902,0.0612979712018902,0.045343534661447,5.40095569570614,5.46326902144023,0.296599399819648,0.242894884843723,0.858079314846719,0.55093617844744,0.0555868917739824,4761911.15520517,8.80988528286166,0.000128424588978431
16,3,-0.462896056879761,0.949672916383893,0.477272727272727,-0.132742896199429,0.132742896199429,0.0497135027383461,10.9745252840407,5.73883183457025,0.680089798235959,0.264754630513335,0.897253944892776,0.573389369525068,0.0540948098317773,4545460.71498648,8.90827801018798,0.000128424588978431
16,3,-0.458124056893147,0.989529015570833,0.522727272727273,-0.332216717403252,0.332216717403252,0.0721645262960206,18.9621594207569,6.88926717681172,14.1670013906948,1.55089119422868,0.973875495737517,0.614983905996374,0.0597161528552325,4166672.32829099,9.62431277912861,0.000128424588978431
16,3,-0.439439061293802,0.993158069558265,0.545454545454545,-0.334574275618303,0.334574275618303,0.0852850137621347,16.353166190538,7.36246212749803,14.1670013906948,2.18169670405199,1.01141617069321,0.634234710696555,0.0641500734992632,4000005.43798281,9.89346691558498,0.000128424588978431
16,3,-0.419008446794628,0.995041504645868,0.568181818181818,-0.318653277214286,0.318653277214286,0.0969534269347423,13.9778475881561,7.69323140053094,14.1670013906948,2.78096193838413,1.04853158234056,0.652522975161727,0.0693026698257113,3846159.07769834,10.0505584799146,0.000128424588978431
16,3,-0.397116277442479,0.995463384880495,0.590909090909091,-0.367384068525854,0.367384068525854,0.110474959014298,14.364146433364,8.02677715217259,14.1670013906948,3.35026391099966,1.08530491009269,0.669896826403641,0.0740761221906637,3703708.7441016,10.2103209967091,0.000128424588978431
16,3,-0.376105116338953,0.996766273363747,0.613636363636364,-0.298096976524704,0.298096976524704,0.119856059889818,10.940807337604,8.17247866144416,14.1670013906948,3.89110078498442,1.12183057916497,0.686401985083459,0.0796182635645155,3571433.43433321,10.2364097945982,0.000128424588978431
16,3,-0.353911824656147,0.996887031267717,0.636363636363636,-0.322229867431475,0.322229867431475,0.129974750266901,11.0820751794092,8.31795848734241,14.1670013906948,4.40489581526994,1.15821174206179,0.702081885829286,0.0847476335804244,3448280.55972126,10.2655706699365,0.000128424588978431
16,3,-0.331995522677719,0.997284778876066,0.659090909090909,-0.30576673874462,0.30576673874462,0.138764349690787,9.98310199509178,8.40121566272988,14.1670013906948,4.89300109404118,1.1945574139427,0.716977791537822,0.0899920321570041,3333337.8767501,10.2561550474417,0.000128424588978431
16,3,-0.309517752526074,0.997121058311198,0.681818181818182,-0.355680178183815,0.355680178183815,0.149610141115438,10.9057616889662,8.52644296404169,14.1670013906948,5.35670110887386,1.23097935513706,0.73112890196093,0.0946789496488123,3225810.85074483,10.2771101003941,0.000128424588978431
16,3,-0.287635644861521,0.997553000233422,0.704545454545455,-0.320952270189384,0.320952270189384,0.158177247569136,9.40074748133006,8.57015818990611,14.1670013906948,5.79721612296491,1.26758880532606,0.744572456862884,0.0993944095111419,3125004.26386488,10.2497237685483,0.000128424588978431
16,3,-0.26558369592368,0.997815100882358,0.727272727272727,-0.299110465681836,0.299110465681836,0.165223908474771,8.44689007998308,8.56399478440996,14.1670013906948,6.2157053863514,1.30449318115594,0.75734383401974,0.104177138864024,3030307.16709887,10.1950924446524,0.000128424588978431
16,3,-0.243378387200658,0.997923841746113,0.75,-0.294688675090502,0.294688675090502,0.171697146805557,8.05176351635432,8.53838322100718,14.1670013906948,6.61327018656857,1.34179285194641,0.769476642318753,0.108785039923689,2941180.48778968,10.132053358526,0.000128424588978431
16,3,-0.220929483227783,0.997788987360015,0.772727272727273,-0.32781298777136,0.32781298777136,0.179502938853847,8.62179727854289,8.54255392388396,14.1670013906948,6.99095674677488,1.37957810655651,0.781002810202815,0.113033593776856,2857146.76158388,10.0889031848122,0.000128424588978431
16,3,-0.198399106884669,0.997572660603678,0.795454545454545,-0.381155771988982,0.381155771988982,0.189585580510604,9.56042825402543,8.59344764039104,14.1670013906948,7.34975897897088,1.41792641839838,0.791952669692674,0.11689092867583,2777781.57572284,10.0742233256237,0.000128424588978431
16,3,-0.17634085945659,0.997828462762375,0.818181818181818,-0.354808161022976,0.354808161022976,0.197846709536223,8.57074062952812,8.59231228984789,14.1670013906948,7.69062109955707,1.45690010527248,0.802355036208041,0.120671706861631,2702706.39990835,10.0335886581616,0.000128424588978431
16,3,-0.154315715377801,0.998117368270363,0.840909090909091,-0.314864483001878,0.314864483001878,0.203697598209505,7.39847019984331,8.53262018534766,14.1670013906948,8.01444011411396,1.49654446653845,0.812237284397639,0.124486680972198,2631582.54913672,9.96424343557429,0.000128424588978431
16,3,-0.132179260581238,0.998294963060577,0.863636363636364,-0.289577026168957,0.289577026168957,0.207991569607478,6.65521734690263,8.43875004342541,14.1670013906948,8.322068177943,1.53688646270288,0.821625420177757,0.128050375868031,2564106.07532775,9.87939661278784,0.000128424588978431
16,3,-0.109864370357553,0.998294122423668,0.886363636363636,-0.294500461193864,0.294500461193864,0.212317014186797,6.62163570869606,8.34789432668894,14.1670013906948,8.61431483858059,1.57793398250629,0.830544149168869,0.131323683302446,2500003.42520922,9.79795259018554,0.000128424588978431
16,3,-0.0874269583437389,0.998170759996631,0.909090909090909,-0.323133985903596,0.323133985903596,0.217857862772637,7.08431919972634,8.28471557034081,14.1670013906948,8.8919491661863,1.6196757208427,0.839016941710425,0.13427484385244,2439027.73363305,9.73176640993044,0.000128424588978431
16,3,-0.0656214370162486,0.998679288255918,0.931818181818182,-0.233743688917873,0.233743688917873,0.218652154079899,5.06102129644529,8.12353085664603,14.1670013906948,9.15570177741172,1.66208166823663,0.847066094624904,0.136895885608944,2380955.64641766,9.6205581929427,0.000128424588978431
16,3,-0.0430249753002975,0.998396876126744,0.954545454545455,-0.287767242814624,0.287767242814624,0.222107908516635,6.11615052285068,8.02316183995626,14.1670013906948,9.40626675807588,1.70510419006003,0.854712789893659,0.139080088783781,2325584.58651461,9.53906034014986,0.000128424588978431
16,3,-0.0210404098303227,0.998726360243546,0.977272727272727,-0.229173424285801,0.229173424285801,0.222461184305094,4.81639031955689,7.8628232639363,14.1670013906948,9.64430348970682,1.74867965211452,0.861977150398976,0.14044873217594,2272730.39297079,9.43172693059093,0.000128424588978431
16,3,0.000287855548681937,0.999712144451318,1,-0.0510276905913685,0.0510276905913685,0.213889509619407,1.07233565915619,7.52329888369729,14.1670013906948,9.87043838475622,1.79273052950909,0.868878292879027,0.137703428919689,2222225.27469559,9.2459626801146,0.000128424588978431
18,1,0.0181818181818182,0,0,0,0,0,0,0,0,0,0,0,0.731598113615221,100000000,0,0.000277777777777778
18,1,0.00781101244783632,0.0326848553207587,0.0227272727272727,0.140027222440322,0.140027222440322,0.0070013611220161,25.7385488223954,1.28692744111977,14.8457227565186,0.742286137825929,0.0204823745523035,0.05,0.382678600293968,50000000.0336797,12.8692744111977,0.000277777777777778
18,1,0.00670126482700503,0.0561086525283669,0.0454545454545454,-0.0382791704274683,0.0382791704274683,0.00856525158728871,6.87145007534822,1.56615357283119,3.85052360838294,0.897698011353779,0.0410015635917405,0.0975,0.259061926336162,33333333.4423548,10.8699996325812,0.000277777777777778
18,1,0.00490425065416893,0.0802197162879798,0.0681818181818182,-0.0704919148807952,0.0704919148807952,0.011661584751964,11.7533225731564,2.07551202284745,2.18030158103484,0.961828189837832,0.0615222153585555,0.142625,0.200872940726172,25000000.1964291,11.090830367725,0.000277777777777778
18,1,0.00531794718060749,0.102120069348318,0.0909090909090909,-0.00209623419195148,0.00209623419195148,0.0111833172239634,0.349664749828777,1.98921965919652,1.02446887564373,0.964960224128127,0.0820111898305717,0.13549375,0.165520675962515,20000000.3523664,8.94259724414576,0.000277777777777778
18,1,0.00748267922061104,0.122269386895091,0.113636363636364,-0.0931242913192705,0.0931242913192705,0.0152803659287288,13.9480137524432,2.58715936385885,0.813390376852889,0.957381731764365,0.102438250442973,0.1787190625,0.145693496428735,16666667.165209,9.776833328862,0.000277777777777778
18,1,0.00577200954713894,0.14629410615534,0.136363636363636,-0.0536894963865429,0.0536894963865429,0.0172008224516195,7.79715260275585,2.8476590258037,0.602197065523954,0.939622498452344,0.122776593469935,0.219783109375,0.126854993194878,14285714.9502629,9.49402179656112,0.000277777777777778
18,1,0.005598764148222,0.168781401141034,0.159090909090909,-0.0140488954368432,0.0140488954368432,0.0170432261008807,2.03705704357327,2.80712892669218,0.436385975776784,0.914460672318566,0.143003208228912,0.20879395390625,0.113459279854043,12500000.8679237,8.56190120243764,0.000277777777777778
18,1,0.00724421021184349,0.18945000466419,0.181818181818182,-0.0332894199294711,0.0332894199294711,0.0178555357923102,4.77395479296885,2.90547022000601,0.310541301628798,0.884264703784078,0.163099069250727,0.241619689004131,0.101562940689589,11111112.240397,8.14101826805222,0.000277777777777778
18,1,0.00834312286967834,0.210665141593132,0.204545454545455,-0.0145833081344868,0.0145833081344868,0.017691924409419,2.08783779084234,2.86458859854783,0.238146622466335,0.851958799718191,0.183049169130309,0.229538704553924,0.0935615434809302,10000001.4362667,7.53570022033123,0.000277777777777778
18,1,0.00994139701826335,0.231380917031323,0.227272727272727,-0.0312899629314587,0.0312899629314587,0.018371826335521,4.4375605546145,2.94323719635116,0.204960708693819,0.819608895166972,0.202842407590035,0.253455324174491,0.0859607434253912,9090910.84015006,7.25405115981153,0.000277777777777778
18,1,0.00941377042682884,0.254222593209535,0.25,-0.0187165820471202,0.0187165820471202,0.018389064121101,2.64640863914946,2.92839576849108,0.174228882632125,0.78733989454023,0.22247135804816,0.240782557965766,0.0808082426650801,8333335.41510226,6.87008094975636,0.000277777777777778
18,1,0.0098241609097075,0.276126252313433,0.272727272727273,-0.0785593809187857,0.0785593809187857,0.0213975799609852,10.4847430774741,3.30621313394023,0.150292114242517,0.755487505525344,0.241931937441815,0.278743430067478,0.0762538019069756,7692310.12576432,7.14813188265772,0.000277777777777778
18,1,0.0107364814849312,0.297527981324986,0.295454545454545,-0.025306763421288,0.025306763421288,0.0215930391340003,3.36006789059955,3.3089058717732,0.132440583344585,0.724335159416306,0.261223008027255,0.276643909829017,0.0716693236814432,7142859.94182085,6.877555883225,0.000277777777777778
18,1,0.011911367515407,0.318667144881287,0.318181818181818,-0.0839277455172569,0.0839277455172569,0.0247097744531632,10.5146131574216,3.66919123605562,0.119891493510651,0.694112976121023,0.280345941262839,0.312811714337566,0.0686882140992607,6666669.83509115,7.12002636817144,0.000277777777777778
18,1,0.0144101375042847,0.338482424479186,0.340909090909091,-0.00419163890030472,0.00419163890030472,0.0236838676755202,0.525326036694589,3.51199797608757,0.112894384596161,0.66505204654478,0.29930417364473,0.297171128620688,0.0659263890127877,6250003.52401273,6.70785759745414,0.000277777777777778
18,1,0.0150340597162323,0.360172551854016,0.363636363636364,-0.0497197489779033,0.0497197489779033,0.0249856617406394,6.11661639186058,3.64222889687622,0.110402192787685,0.637319553856925,0.318102782562241,0.332312572189654,0.0622180498837479,5882356.79070558,6.67307870300746,0.000277777777777778
18,1,0.0165203458854525,0.381000315271572,0.386363636363636,-0.015187384135761,0.015187384135761,0.0244957478603955,1.86605778010434,3.55342034103762,0.113131579526524,0.611110155140405,0.336748106995769,0.315696943580171,0.0600612156679652,5555559.68229221,6.40602198506839,0.000277777777777778
18,1,0.018925665959617,0.400909044784185,0.409090909090909,-0.0519145716452298,0.0519145716452298,0.0258666890496372,6.25575797790915,3.6885372228812,0.119613568494317,0.586535325808101,0.355247433391058,0.349912096401162,0.0570571339086096,5263162.24429028,6.39811335311264,0.000277777777777778
18,1,0.0213293371593503,0.420819423171228,0.431818181818182,-0.0214198712347131,0.0214198712347131,0.025644348158891,2.57383951835106,3.63280233765469,0.112322403356012,0.562824679685496,0.373608761563911,0.332416491581104,0.0549695615055161,5000004.57722293,6.20689966137456,0.000277777777777778
18,1,0.0237746313603745,0.440688178556981,0.454545454545455,-0.00189070265484848,0.00189070265484848,0.0244566658836889,0.227297092208014,3.46252707538236,0.10620802042272,0.539993846722357,0.391840659320813,0.315795667002049,0.0538806565595688,4761909.56952112,5.92215668189044,0.000277777777777778
18,1,0.0273551614776511,0.459421698026481,0.477272727272727,-0.0927804663211451,0.0927804663211451,0.0278728559055617,10.523449074812,3.81557317535384,0.101505475802353,0.518069428176357,0.409952207956308,0.350005883651947,0.0529644507972245,4545459.58234676,6.13130633611415,0.000277777777777778
18,1,0.0291465560534732,0.479944353037436,0.5,-0.0825791600658254,0.0825791600658254,0.0306081711135749,8.98486076573347,4.07403755487282,0.0975966039983423,0.497045786967456,0.427953034255875,0.382505589469349,0.0520436979817724,4347831.35034291,6.25537392001064,0.000277777777777778
18,1,0.0302879317753957,0.50111702690229,0.522727272727273,-0.0822001763265487,0.0822001763265487,0.0331877713742235,8.61004143625499,4.30083774894193,0.0948829890217039,0.476937647070169,0.445853418440393,0.413380309995882,0.0511060238429299,4166672.14988266,6.35348506652083,0.000277777777777778
18,1,0.0301967617709737,0.523522246493489,0.545454545454545,-0.00436492088307316,0.00436492088307316,0.031746628849666,0.457383709699674,4.10866504697982,0.0934777195209326,0.457764650692707,0.463664461963811,0.392711294496088,0.0501340798835793,4000005.69179681,6.11764101224798,0.000277777777777778
18,1,0.0324602014088129,0.543572856442427,0.568181818181818,-0.020818790125126,0.020818790125126,0.031200236913439,2.17743434088735,4.01210351167519,0.0934906051246279,0.439550948414303,0.481398294513529,0.373075729771283,0.0489216072239745,3846159.73043008,5.96609460181103,0.000277777777777778
18,1,0.0363736606214092,0.561973446816607,0.590909090909091,-0.0491671854777604,0.0491671854777604,0.0320985843416551,5.0781896982218,4.06540782100252,0.0945684175195223,0.422301821869564,0.499068296209019,0.404421943282719,0.0473160197583968,3703709.76168655,5.93320923501143,0.000277777777777778
18,1,0.0390949735682891,0.581566183456504,0.613636363636364,0.018316234285805,0.018316234285805,0.0314094668388626,1.88934165449987,3.95660451267739,0.0968229451285795,0.406027878032515,0.516689309033456,0.384200846118583,0.047025610708271,3571434.78191669,5.7887853928503,0.000277777777777778
18,1,0.0432481747599903,0.59972703185158,0.636363636363636,-0.026116269556574,0.026116269556574,0.0311448069747482,2.68553579331857,3.89305107670945,0.0999474228939975,0.390723855275589,0.534277811080958,0.380015487106252,0.0458322983413392,3448282.2034113,5.6817767859699,0.000277777777777778
18,1,0.0470269615181348,0.618262294680212,0.659090909090909,-0.0751104936872462,0.0751104936872462,0.0333430913103731,7.50660151315497,4.07372859853173,0.0939143353755167,0.375883379280585,0.551852028298389,0.41101471275094,0.0450660512086758,3333339.81823098,5.74260427687607,0.000277777777777778
18,1,0.0508086213865402,0.636794684398584,0.681818181818182,-0.0521256935711629,0.0521256935711629,0.0342822214234125,5.1427043373682,4.12717738547355,0.0897444274232305,0.361576431687717,0.569431961007686,0.440463977113393,0.044034775430299,3225813.08676396,5.7232526659242,0.000277777777777778
18,1,0.0571788399179926,0.675052565040685,0.727272727272727,0.00374040134536724,0.00374040134536724,0.0341673344209674,0.362212026955852,4.03720600496412,0.0873823429174505,0.334850822081621,0.60469726419389,0.445018739344837,0.0427874884703958,3030309.95620378,5.57512755029042,0.000277777777777778
18,1,0.0612819968615432,0.693263457683911,0.75,-0.0464187621770074,0.0464187621770074,0.0347799058087694,4.45253426420246,4.05797241792604,0.0892283993807094,0.322569700946576,0.622430216077708,0.472767802377595,0.0415844969644563,2941183.52240938,5.5421101006996,0.000277777777777778
18,1,0.0632199900915076,0.713639514040724,0.772727272727273,-0.0641329528765953,0.0641329528765953,0.0362475581621607,6.0414108662013,4.1571443403398,0.0935641676584704,0.31111942428217,0.64026328190085,0.499129412258715,0.0407483423385399,2857150.0128506,5.55637583685679,0.000277777777777778
18,1,0.0648399862790541,0.734333567439954,0.795454545454545,-0.0444531933137946,0.0444531933137946,0.0366578399197424,4.15335264860326,4.15695475575297,0.100409199466535,0.300583913041389,0.65822175587381,0.524172941645779,0.0396530706164175,2777785.01136161,5.51740297051642,0.000277777777777778
18,1,0.0660211631130594,0.755466440192726,0.818181818181818,-0.0541817497633263,0.0541817497633263,0.0375340354119216,5.00110498833843,4.19916226738224,0.109964272976771,0.291052931038158,0.676330438681492,0.54796429456349,0.0387244703719047,2702709.98656434,5.50344897099809,0.000277777777777778
18,1,0.0681463107971214,0.775655342095441,0.840909090909091,0.000745988703585443,0.000745988703585443,0.0356946330765048,0.0688908307634103,3.9926486955513,0.121444481627206,0.28257250856761,0.694612885416515,0.520566079835316,0.0383716308018976,2631586.25623936,5.36043428309718,0.000277777777777778
18,1,0.0693066008530746,0.796809101626264,0.863636363636364,-0.0161385869639088,0.0161385869639088,0.034716830770875,1.48946278785261,3.86748940016637,0.136036372012158,0.275245701739838,0.713090596039074,0.49453777584355,0.0379062288789362,2564109.8740531,5.26117860373193,0.000277777777777778
18,1,0.0688551028406926,0.819574649225423,0.886363636363636,-0.0225970650177643,0.0225970650177643,0.0341108424832194,2.08204485519609,3.77821717291785,0.15830028414837,0.269398430860264,0.731782179927546,0.470980434365405,0.0373923491662361,2500007.28512948,5.18170026001854,0.000277777777777778
18,1,0.0701661747026432,0.840577626950249,0.909090909090909,-0.011981432517826,0.011981432517826,0.0330043719849498,1.10382267078808,3.64449744781136,0.183517242603184,0.26510437144741,0.750702529707852,0.447431412647135,0.036891707563195,2439031.63059167,5.08223983101292,0.000277777777777778
18,1,0.0714766161411035,0.861581235098566,0.931818181818182,-0.0193958135026633,0.0193958135026633,0.0323239440608354,1.78493696419504,3.55151942363055,0.212808441070047,0.262489574928542,0.769862041626152,0.425059842014778,0.0362136351932346,2380959.56079333,5.00373261989821,0.000277777777777778
18,1,0.0704456909888506,0.884926209837596,0.954545454545455,-0.0462809757685925,0.0462809757685925,0.0330217956462233,4.22305800045969,3.58509635247201,0.250455413409763,0.261887866852603,0.789265920112881,0.453806849914039,0.0356347690763468,2325588.50107085,4.98557739619033,0.000277777777777778
18,1,0.073759676994025,0.903926273419198,0.977272727272727,0.0378474100283537,0.0378474100283537,0.0332630763653298,3.4347953356305,3.57758130162993,0.279273603843882,0.262757153702167,0.80891360280782,0.481116507418337,0.0348734246343934,2272734.29833556,4.95033234935943,0.000277777777777778
18,1,0.0736341466033547,0.926365853396645,1,0.193632265285216,0.193632265285216,0.0412815358113241,15.3663551515662,4.16701999412674,0.372653652804286,0.268251978657273,0.828798339188526,0.50706068204742,0.036526564055392,2222229.15133825,5.1817995227418,0.000277777777777778
18,2,0.0181818181818182,0,0,0,0,0,0,0,0,0,0,0,0.731476331429951,100000000,0,0.000127601440117347
18,2,0.00634345400920479,0.0341524137593903,0.0227272727272727,-0.0706806464393575,0.0706806464393575,0.00353403232196787,18.2583369057268,0.912916845286339,5.8756549999188,0.29378274999594,0.043716838954341,0.05,0.380363650322696,50000000.0850969,9.12916845286339,0.000127601440117347
18,2,-0.018738321108344,0.0815482384637159,0.0454545454545454,-0.110431825211925,0.110431825211925,0.00887892196646572,21.1875994179047,1.92665097391726,1.94229746302086,0.376208485647186,0.0875404676250694,0.0975,0.253982197131661,33333333.5616827,13.1486454412105,0.000127601440117347
18,2,-0.0461856407770932,0.131309607719242,0.0681818181818182,-0.105246305653541,0.105246305653541,0.0136972911508195,17.0249819950829,2.68156752497554,0.723347306518627,0.393565426690758,0.131432547583758,0.142625,0.192681455489622,25000000.5168774,14.1177295796786,0.000127601440117347
18,2,-0.0677435520280264,0.175181568556952,0.0909090909090909,-0.0244152943167721,0.0244152943167721,0.0142331913091171,3.92098022238763,2.74353815984614,0.39446716664187,0.393610513688313,0.175356572058347,0.143821680380993,0.162962043514699,20000000.920515,12.0783797082204,0.000127601440117347
18,2,-0.0928240896597577,0.22257615577546,0.113636363636364,-0.121103758780294,0.121103758780294,0.019576719682676,16.572334430417,3.43497797337469,0.217642280175627,0.384812102012679,0.21927774294694,0.186630596361943,0.139678012515658,16666668.1995451,12.8273721619198,0.000127601440117347
18,2,-0.119169812457918,0.271235928160397,0.136363636363636,-0.0732646687130738,0.0732646687130738,0.0222611171341959,9.56135844769469,3.74129699709069,0.155002764623391,0.373321635143215,0.26316270522837,0.227299066543846,0.119963703119417,14285716.5212526,12.3607987741734,0.000127601440117347
18,2,-0.1432716232836,0.317651788572856,0.159090909090909,-0.085567104863046,0.085567104863046,0.0254264165206384,10.5343273633114,4.08094851540172,0.120316771634478,0.360671391967778,0.306979188693068,0.265934113216654,0.105980719112141,12500002.9950202,12.1324898478156,0.000127601440117347
18,2,-0.170735060829508,0.367429275705541,0.181818181818182,-0.0721818681520774,0.0721818681520774,0.0277641891022103,8.55903832735321,4.30485300599929,0.110798427477188,0.348177743743248,0.350695611697841,0.302637407555821,0.0947038367997796,11111114.7761734,11.7354396788754,0.000127601440117347
18,2,-0.196738445867897,0.415746710330707,0.204545454545455,-0.0792315329847217,0.0792315329847217,0.0303375562963359,9.01004905221374,4.54011280831002,0.114007886686693,0.336469250890421,0.394280703147576,0.33750553717803,0.0854180940162636,10000004.1756883,11.4629006162092,0.000127601440117347
18,2,-0.221616037337158,0.462938351386745,0.227272727272727,-0.0442685424291365,0.0442685424291365,0.0310341056029759,4.97395364404166,4.5618048500966,0.100747401510125,0.324683158421406,0.437703197062136,0.370630260319128,0.0800854838990621,9090913.78933615,10.8729963460122,0.000127601440117347
18,2,-0.245157817938489,0.508794181574853,0.25,-0.093595660630303,0.093595660630303,0.0341621833543423,9.98344729463296,4.83288697232342,0.0942235522276416,0.313160178111718,0.480931649002485,0.402098747303172,0.0736610411411485,8333338.52464629,10.7988672583972,0.000127601440117347
18,2,-0.271551455034038,0.557501868257179,0.272727272727273,-0.0870152538793882,0.0870152538793882,0.0368048368805946,8.90996319159413,5.03674078328695,0.0942215699022267,0.302213247701243,0.523934415574952,0.431993809938013,0.0682367566517783,7692313.30069511,10.6535669455662,0.000127601440117347
18,2,-0.29811975547658,0.606384218286497,0.295454545454545,-0.0621910567720692,0.0621910567720692,0.0380741478751683,6.24575947300916,5.09719171777306,0.0976190091876996,0.291983535775566,0.566679827625024,0.460394119441113,0.0650340627609915,7142863.08235307,10.3387235546693,0.000127601440117347
18,2,-0.32345692107346,0.654035433470154,0.318181818181818,-0.0363907478518062,0.0363907478518062,0.0379899778740002,3.63229853638868,5.02394705870384,0.0876350262139605,0.281766110297485,0.609136575121459,0.487374413469057,0.0636673420610846,6666672.97092703,9.89162855345057,0.000127601440117347
18,2,-0.346478984246726,0.699371546230197,0.340909090909091,-0.127385127306865,0.127385127306865,0.0424597353456434,11.8020013058462,5.36284977106096,0.0903081671448038,0.272193213139851,0.651274307770438,0.513005692795604,0.0602685468757635,6250006.60231882,10.0110268504753,0.000127601440117347
18,2,-0.372252372954159,0.747458984524407,0.363636363636364,-0.0140061097562185,0.0140061097562185,0.0410370540661722,1.29719721671803,5.15956714334381,0.106008521783479,0.263883978572033,0.69306444081353,0.487355408155824,0.0601992763783083,5882359.71001794,9.49844863672487,0.000127601440117347
18,2,-0.39270844974728,0.790229110904305,0.386363636363636,-0.101744805825252,0.101744805825252,0.0440724416541262,9.03496911969711,5.35333724216148,0.131431166173245,0.257261337952093,0.734481141015075,0.512987637748033,0.0575581385856601,5555562.37104724,9.47269977466778,0.000127601440117347
18,2,-0.415455074861561,0.835289785605362,0.409090909090909,-0.0551487151451036,0.0551487151451036,0.0446262553286751,4.84189827390082,5.32776529374845,0.177038622673737,0.253250202188176,0.775502454297949,0.537338255860631,0.0566793596262798,5263164.64880712,9.22897337989057,0.000127601440117347
18,2,-0.440800817539856,0.882949577870435,0.431818181818182,-0.0567809693428751,0.0567809693428751,0.0452339910293851,4.9267941261948,5.30771673537076,0.24728185479385,0.252951784818459,0.816111524568769,0.560471343067599,0.0565381092648229,5000006.61856519,9.01386441720578,0.000127601440117347
18,2,-0.461540670620268,0.926003480537623,0.454545454545455,-0.0548458401715548,0.0548458401715548,0.0457145834864936,4.70819969724753,5.2777408834646,0.380599402240511,0.259334165689562,0.856297843639923,0.582447775914219,0.0567763439833902,4761911.19041611,8.80883276387443,0.000127601440117347
18,2,-0.476893764660902,0.963670624165034,0.477272727272727,-0.13299230336755,0.13299230336755,0.0500784694805464,10.742997355104,5.55100370704657,1.37115095362808,0.314925005086488,0.896058465358074,0.603325387118508,0.0560072324577839,4545460.71491148,8.89674933620305,0.000127601440117347
18,2,-0.472116757359503,0.981207666450412,0.5,-0.348148904460078,0.348148904460078,0.064981991229523,21.0207493211292,6.3244909877507,14.1670013906948,1.0075288243669,0.935399113507013,0.623159117762583,0.0583210488861905,4347831.99124518,9.42387977033027,0.000127601440117347
18,2,-0.459034145838076,0.990439104515762,0.522727272727273,-0.350930171609084,0.350930171609084,0.079279400248501,17.6086302024976,6.88869794848805,14.1670013906948,1.6655024526833,0.9743351130343,0.642001161874454,0.0621265087529344,4166672.3278844,9.76491103833725,0.000127601440117347
18,2,-0.439674542397798,0.993393550662261,0.545454545454545,-0.358542684571288,0.358542684571288,0.0932425644646404,15.643046016835,7.3264153519054,14.1670013906948,2.29057739958387,1.01289207775602,0.659901103780731,0.0667642870629177,4000005.43759249,10.0000364374772,0.000127601440117347
18,2,-0.419284869936825,0.995317927788064,0.568181818181818,-0.324745629466513,0.324745629466513,0.104817717714734,12.9353761662719,7.60686339262372,14.1670013906948,2.88439859913942,1.05110629484847,0.676906048591695,0.0721159863146116,3846159.07732303,10.1129341193539,0.000127601440117347
18,2,-0.397769892252677,0.996116999690694,0.590909090909091,-0.322984410821643,0.322984410821643,0.115726052370079,11.9218858771681,7.82261451685094,14.1670013906948,3.44852873871719,1.08902475689371,0.69306074616211,0.0776689757669402,3703708.7437402,10.1799323326063,0.000127601440117347
18,2,-0.375787377062418,0.996448534087211,0.613636363636364,-0.343465872053422,0.343465872053422,0.127113043354247,11.7725013592176,8.02010885896928,14.1670013906948,3.98445237131607,1.12670480559847,0.708407708854005,0.0830051494656366,3571433.43398471,10.2368097978424,0.000127601440117347
18,2,-0.354000679348592,0.996975885960162,0.636363636363636,-0.326105129237515,0.326105129237515,0.13706264764841,10.5431918623079,8.14626300913621,14.1670013906948,4.493579822285,1.16421336699957,0.722987323411304,0.0883571169421023,3448280.55938477,10.247374696617,0.000127601440117347
18,2,-0.332521150492873,0.99781040669122,0.659090909090909,-0.249939689090871,0.249939689090871,0.142706499720533,7.83281910070789,8.13059081371479,14.1670013906948,4.97725090070549,1.20162577532723,0.736837957240739,0.0941785646739672,3333337.87642483,10.1668895100867,0.000127601440117347
18,2,-0.309703571150234,0.997306876935358,0.681818181818182,-0.333563542305283,0.333563542305283,0.152249351849771,9.92973315181033,8.22054793061957,14.1670013906948,5.43673842520496,1.23902420095456,0.749996059378702,0.0992188758581988,3225810.85043005,10.1592393049811,0.000127601440117347
18,2,-0.265315976419674,0.997547381378351,0.727272727272727,-0.341173369006147,0.341173369006147,0.168860699324221,9.33979752912312,8.29835643650603,14.1670013906948,6.28793906434022,1.31413005026435,0.774371443589279,0.108519772479121,3030307.16680317,10.0895963712177,0.000127601440117347
18,2,-0.243156730129207,0.997702184674662,0.75,-0.33603040297096,0.33603040297096,0.177219184506558,8.83694314117722,8.32528577173959,14.1670013906948,6.68189218065794,1.35201710072947,0.785652871409815,0.112690771792067,2941180.48750268,10.0527536291576,0.000127601440117347
18,2,-0.220951678353223,0.997811182485455,0.772727272727273,-0.334040413260388,0.334040413260388,0.18506024594425,8.4680260444687,8.33242278537605,14.1670013906948,7.05614764115979,1.39024428231855,0.796370227839324,0.116833765350383,2857146.76130508,10.0074756981665,0.000127601440117347
18,2,-0.19885046049419,0.998024014213198,0.795454545454545,-0.310814579142575,0.310814579142575,0.191347962604166,7.64909370213579,8.29825633121403,14.1670013906948,7.41169032863654,1.42889380463335,0.806551716447358,0.121054101709249,2777781.57545179,9.94196508716567,0.000127601440117347
18,2,-0.176383203503496,0.997870806809281,0.818181818181818,-0.348242627484265,0.348242627484265,0.199192695848171,8.27565488566071,8.29712625893637,14.1670013906948,7.74945588173945,1.46803997724871,0.81622413062499,0.124843720588112,2702706.39964462,9.89692967631419,0.000127601440117347
18,2,-0.154007697170651,0.997809350063213,0.840909090909091,-0.373886867640305,0.373886867640305,0.207927404437778,8.55780669307584,8.31016028064334,14.1670013906948,8.07033315718722,1.50774664374977,0.82541292409374,0.128248717023929,2631582.54887993,9.86168959780792,0.000127601440117347
18,2,-0.132094970404545,0.998210672883884,0.863636363636364,-0.311520527529191,0.311520527529191,0.213107060592348,6.95900381131628,8.24260245717699,14.1670013906948,8.3751665688626,1.5480648450806,0.834142277889053,0.131661772800712,2564106.07507754,9.78726175712864,0.000127601440117347
18,2,-0.109747008056153,0.998176760122269,0.886363636363636,-0.324609297611784,0.324609297611784,0.21868217244332,7.07130626530244,8.18403764758326,14.1670013906948,8.66475830995421,1.58903080716844,0.842435163994601,0.134853588177653,2500003.42496527,9.71936286983299,0.000127601440117347
18,2,-0.0875999506766053,0.998343752329498,0.909090909090909,-0.299293395835765,0.299293395835765,0.222712733612942,6.3885824074013,8.09426488557416,14.1670013906948,8.93987046399123,1.63066433827672,0.850313405794871,0.137741437454888,2439027.73339505,9.6381243219688,0.000127601440117347
18,2,-0.0653290791281241,0.998386930367793,0.931818181818182,-0.295515023011574,0.295515023011574,0.226352848082874,6.18903662285176,7.99900347243804,14.1670013906948,9.20122701032641,1.67296770825704,0.857797735505127,0.140288264348911,2380955.64618533,9.55600318627554,0.000127601440117347
18,2,-0.0431778634521038,0.99854976427855,0.954545454545455,-0.267766548818282,0.267766548818282,0.228423533119644,5.52441974646398,7.87527428613934,14.1670013906948,9.44951572934483,1.71592506530982,0.864907848729871,0.14240189562938,2325584.58628768,9.46224543186132,0.000127601440117347
18,2,-0.0210890453696508,0.998774995782874,0.977272727272727,-0.226420782926061,0.226420782926061,0.228323395609965,4.62350826979604,7.71268598532217,14.1670013906948,9.68539001241233,1.75950242667239,0.871662456293377,0.143702772825646,2272730.39274902,9.35227413272347,0.000127601440117347
18,2,0.000408600482252885,0.999591399517747,1,-0.0744867097184052,0.0744867097184052,0.220631561315387,1.52001931772222,7.40305265194217,14.1670013906948,9.90947058132645,1.80364825859911,0.878079333478708,0.140878552461881,2222225.27447874,9.17822402572344,0.000127601440117347
18,3,0.0181818181818182,0,0,0,0,0,0,0,0,0,0,0,0.731478368731226,100000000,0,0.000127327938051994
18,3,0.00174308518051969,0.0387527825880754,0.0227272727272727,-0.0529186549572112,0.0529186549572112,0.00264593274786056,14.7967727777456,0.73983863888728,4.62621601266946,0.231310800633473,0.0433655011909954,0.05,0.373890326988025,50000000.1080797,7.3983863888728,0.000127327938051994
18,3,-0.0206796970960236,0.0834896144513955,0.0454545454545454,-0.0996999626993982,0.0996999626993982,0.00749863424543744,20.9176572761343,1.74872957074963,1.75467882628301,0.30747920191595,0.0870080751836016,0.0975,0.253574358041472,33333333.5953548,11.90481001796,0.000127327938051994
18,3,-0.0436546247741037,0.128778591716252,0.0681818181818182,-0.0427527598109112,0.0427527598109112,0.00926134052371113,8.63335317388666,2.09296075090648,0.748753081202619,0.329542895880284,0.130901879032814,0.142625,0.199121952759883,25000000.5304045,11.0869458069416,0.000127327938051994
18,3,-0.0723317656293854,0.179769782158311,0.0909090909090909,-0.085909873260273,0.085909873260273,0.0130937671605392,15.215719746433,2.74909870068281,0.361714829044317,0.331151492538485,0.175014557978549,0.18549375,0.160929447326602,20000000.9772454,11.9127005948399,0.000127327938051994
18,3,-0.0984190665297293,0.228171132645432,0.113636363636364,-0.0881260387523652,0.0881260387523652,0.0168453807401305,14.0018380526303,3.31173566828018,0.209076328782989,0.32504773435071,0.219306928838147,0.2262190625,0.134949090037745,16666668.2781948,12.2608901711383,0.000127327938051994
18,3,-0.125070652196627,0.277136767899107,0.136363636363636,-0.0631993976746181,0.0631993976746181,0.0191630815868549,9.5748298332058,3.62489037652646,0.149156002482293,0.31625314775729,0.263732910855721,0.264908109375,0.117104097091999,14285716.6247941,11.8771672657194,0.000127327938051994
18,3,-0.152196387399542,0.326576552688799,0.159090909090909,-0.0678747142665843,0.0678747142665843,0.0215986632208414,9.78352770145968,3.93282224277312,0.116487412116112,0.306264860975231,0.308239745034594,0.30166270390625,0.103345423156334,12500003.1197722,11.6154623201869,0.000127327938051994
18,3,-0.180633067461654,0.377327282337687,0.181818181818182,-0.0356661121902908,0.0356661121902908,0.0223020356693138,5.07680361838959,3.99002131155395,0.112312327948837,0.296567234323911,0.35276853033871,0.336579568710937,0.0955766380457376,11111114.8735466,10.8889446866539,0.000127327938051994
18,3,-0.210808463419629,0.429816727882439,0.204545454545455,-0.0714084000961113,0.0714084000961113,0.0247573538906537,9.68123652067677,4.27458207201009,0.109329992214914,0.287205372218461,0.397255090429237,0.369750590275391,0.0873598711811371,10000004.3008541,10.7681738700562,0.000127327938051994
18,3,-0.236303050744998,0.477625364794584,0.227272727272727,-0.0877263579843612,0.0877263579843612,0.0279058040953391,11.13710318602,4.61770812771058,0.0979442928094174,0.277742318248009,0.441631168481149,0.401263060761621,0.0798458219040659,9090913.92894781,10.8017128987801,0.000127327938051994
18,3,-0.257943580024344,0.521579943660707,0.25,-0.0607679536793171,0.0607679536793171,0.029548911574538,7.49839040920147,4.76174224178512,0.0935343599910248,0.26853192033516,0.485825930858896,0.43119990772354,0.0740419489439566,8333338.65914035,10.5264360246486,0.000127327938051994
18,3,-0.286291522789776,0.572241936012917,0.272727272727273,-0.0316150748469868,0.0316150748469868,0.0296522197381604,3.87366322749982,4.71733829107086,0.0956123732636004,0.259885942981582,0.52976774382266,0.446313435356996,0.0716898193779722,7692313.41296781,10.0146842710218,0.000127327938051994
18,3,-0.309176121871464,0.617440584681381,0.295454545454545,-0.0810934237270442,0.0810934237270442,0.0322242799376046,9.48345377012278,4.95564406502346,0.0940999111746896,0.251596641391237,0.573386171796991,0.473997763589146,0.0672125192781326,7142863.2139703,9.97673923524326,0.000127327938051994
18,3,-0.337075486877909,0.667653999274603,0.318181818181818,-0.0905232272777985,0.0905232272777985,0.0351392273046143,10.0431648768206,5.21002010561331,0.0871838349074199,0.243376001067046,0.61661413184087,0.500297875409689,0.0631372876078794,6666673.09770669,9.98116761134842,0.000127327938051994
18,3,-0.359958108413319,0.71285067039679,0.340909090909091,-0.0363530237745495,0.0363530237745495,0.0351999171281111,4.00277345679172,5.14965777317223,0.093360572229065,0.235875229625147,0.659390127524252,0.525282981639204,0.061691574952742,6250006.6985475,9.60751797668862,0.000127327938051994
18,3,-0.38733778295662,0.762544394526868,0.363636363636364,-0.0758682336159024,0.0758682336159024,0.0372333329525006,8.08044554033571,5.2961971615304,0.113847297811794,0.22977383303448,0.701660477050821,0.549018832557244,0.059590139338537,5882359.76237974,9.51769018631492,0.000127327938051994
18,3,-0.408195234460769,0.805715895617794,0.386363636363636,-0.0833960569043484,0.0833960569043484,0.039541469150093,8.55525399424562,5.45915000316617,0.144256933066291,0.22549798803607,0.743381445648848,0.571567890929382,0.0571490262926382,5555562.38291841,9.46422150897774,0.000127327938051994
18,3,-0.427433288723339,0.847267999467141,0.409090909090909,-0.0954103324359674,0.0954103324359674,0.0423349123143867,9.35438847115911,5.65391192656581,0.193181667730071,0.22388217202077,0.78452119130529,0.592989496382913,0.0546711196115799,5263164.63521084,9.45844082277676,0.000127327938051994
18,3,-0.450776619620486,0.892925379951064,0.431818181818182,-0.128612378220509,0.128612378220509,0.0466487856096928,11.7178492119777,5.95710879083641,0.265908706632667,0.225983498751365,0.825061435994295,0.613340021563767,0.0521031295306334,5000006.59148476,9.57141124223681,0.000127327938051994
18,3,-0.467578380581533,0.932041190498888,0.454545454545455,-0.0801334922074357,0.0801334922074357,0.04832302093958,7.11719115415665,6.01511290900242,0.438651645431107,0.236616906085352,0.864998781620418,0.632673020485579,0.0512966032649912,4761911.14806707,9.4545436189949,0.000127327938051994
18,3,-0.48194320056524,0.968720060069372,0.477272727272727,-0.141535485668883,0.141535485668883,0.0529836441760451,11.6866204171989,6.29868828441224,2.15455577964189,0.332513849763179,0.904345600747641,0.6510393694613,0.051034676782909,4545460.6624337,9.55600165527689,0.000127327938051994
18,3,-0.471763309308552,0.980854218399462,0.5,-0.333970115865851,0.333970115865851,0.0670329677605354,20.7895229860422,7.02323001949374,14.1670013906948,1.02423822680976,0.943130446431369,0.668487400988235,0.0536256174422019,4347831.94104904,10.0444156261797,0.000127327938051994
18,3,-0.457923654129607,0.989328612807293,0.522727272727273,-0.389836842924341,0.389836842924341,0.0831731615187257,19.2578849210806,7.63496276457308,14.1670013906948,1.68137638500401,0.981397942566497,0.685063030938823,0.0568839788293694,4166672.27977977,10.4283101801339,0.000127327938051994
18,3,-0.440531586089483,0.994250594353945,0.545454545454545,-0.297110630217148,0.297110630217148,0.0938700349536468,13.3186217131798,7.91914571200342,14.1670013906948,2.30565763528855,1.01920813542839,0.700809879391882,0.0624784864630769,4000005.39141204,10.5439226414558,0.000127327938051994
18,3,-0.419107679386426,0.995140737237666,0.568181818181818,-0.326281484529297,0.326281484529297,0.105490607432429,13.2805500748289,8.18721593014469,14.1670013906948,2.89872482305886,1.05663530772596,0.715769385422288,0.0681442227323605,3846159.03291875,10.6491775427394,0.000127327938051994
18,3,-0.397145241542829,0.995492348980846,0.590909090909091,-0.379104857812537,0.379104857812537,0.119171319951435,13.8733054308579,8.47152040518035,14.1670013906948,3.46213865144066,1.09376627764463,0.729980916151173,0.0731279129296964,3703708.70098053,10.7685896867437,0.000127327938051994
18,3,-0.37621326440271,0.996874421427503,0.613636363636364,-0.297223238705681,0.297223238705681,0.128073915889147,10.2900455582769,8.56244666283518,14.1670013906948,3.99738178840336,1.13069822613389,0.743481870343615,0.0789422411739139,3571433.39275217,10.7514988250128,0.000127327938051994
18,3,-0.353813996061159,0.996789202672729,0.636363636363636,-0.34511511602612,0.34511511602612,0.138925975895996,11.1817994663122,8.69341430300903,14.1670013906948,4.50586276851794,1.16753611519645,0.756307776826434,0.0841512191463165,3448280.51957405,10.766336778161,0.000127327938051994
18,3,-0.332000728604336,0.997289984802683,0.659090909090909,-0.316871039571808,0.316871039571808,0.147823229079786,9.76936006792168,8.74721159125466,14.1670013906948,4.98891969962678,1.20438977731382,0.768492387985112,0.0894416527319552,3333337.83794113,10.7331042211531,0.000127327938051994
18,3,-0.309848940530499,0.997452246315623,0.681818181818182,-0.31976462162354,0.31976462162354,0.156420298706974,9.41609387265063,8.78065570532446,14.1670013906948,5.44782378418018,1.24137077062883,0.780067768585857,0.0945576203119263,3225810.81318776,10.6906200163627,0.000127327938051994
18,3,-0.287434732477829,0.99735208784973,0.704545454545455,-0.358288188433366,0.358288188433366,0.166513693193294,10.0126758050576,8.84225671031112,14.1670013906948,5.88378266450591,1.27858910544924,0.791064380156564,0.0994375813627876,3125004.22748147,10.6694342597594,0.000127327938051994
18,3,-0.264974612941221,0.997206017899898,0.727272727272727,-0.411701816871371,0.411701816871371,0.178773099377197,10.8167665112301,8.94098220035707,14.1670013906948,6.29794360081535,1.31614995453144,0.801511161148736,0.103717307197284,3030307.13181799,10.6738988734403,0.000127327938051994
18,3,-0.243437148240394,0.997982602785849,0.75,-0.306821798591018,0.306821798591018,0.185175534337888,7.81508088428378,8.88468713455341,14.1670013906948,6.69139649030933,1.3541504621154,0.811435603091299,0.108370659674624,2941180.45354647,10.5898159914063,0.000127327938051994
18,3,-0.221025327546141,0.997884831678373,0.772727272727273,-0.334111275926881,0.334111275926881,0.192622321417338,8.22162958824939,8.8515342572382,14.1670013906948,7.0651767353286,1.39267676465877,0.820863822936734,0.112719144537059,2857146.72831905,10.5221535227447,0.000127327938051994
18,3,-0.19873094055266,0.997904494271668,0.795454545454545,-0.343340574657325,0.343340574657325,0.200158234079337,8.16624994434116,8.81727004159335,14.1670013906948,7.42026796809691,1.43180132970325,0.829820631789897,0.116903581743551,2777781.54338203,10.4567117566779,0.000127327938051994
18,3,-0.176686886582793,0.998174489888578,0.818181818181818,-0.305720784542551,0.305720784542551,0.205436361602498,7.08990755242751,8.73090191713506,14.1670013906948,7.7576046392268,1.47158070853084,0.838329600200402,0.120901105062504,2702706.36844162,10.3657170484549,0.000127327938051994
18,3,-0.154221275135599,0.998022928028161,0.840909090909091,-0.341333113750903,0.341333113750903,0.212231199209918,7.68247880639989,8.6784807615983,14.1670013906948,8.0780744768002,1.51205378365019,0.846413120190382,0.12464928791557,2631582.51849806,10.2951055157693,0.000127327938051994
18,3,-0.132218547348154,0.998334249827493,0.863636363636364,-0.291901289377259,0.291901289377259,0.216214703718285,6.43562908884952,8.56633817796086,14.1670013906948,8.38252082249493,1.55324057427174,0.854092464180863,0.128228882657379,2564106.04547469,10.1961445817457,0.000127327938051994
18,3,-0.109854128343007,0.998283880409123,0.886363636363636,-0.306199997835295,0.306199997835295,0.220713968424136,6.60526886584057,8.46828471235485,14.1670013906948,8.67174485090492,1.5951416425081,0.86138784097182,0.131510556177371,2500003.39610249,10.1063726888481,0.000127327938051994
18,3,-0.0874453113757467,0.998189113028639,0.909090909090909,-0.330625573323413,0.330625573323413,0.2262095486691,6.96072438262163,8.39290669586819,14.1670013906948,8.94650767789442,1.63773812090104,0.868318448923229,0.134399212543144,2439027.70523625,10.0296495594279,0.000127327938051994
18,3,-0.0654560550497105,0.99851390628938,0.931818181818182,-0.273739371027004,0.273739371027004,0.228586039786995,5.67244846900714,8.25688378452513,14.1670013906948,9.20753236353444,1.68099235893367,0.874902526477068,0.137014391937421,2380955.61869697,9.92590667632264,0.000127327938051994
18,3,-0.043155650622753,0.998527551449199,0.954545454545455,-0.273760352719356,0.273760352719356,0.230844755433613,5.58645452065272,8.12336232133151,14.1670013906948,9.45550581489245,1.72484916337223,0.881157400153214,0.139193215131119,2325584.55943859,9.82498918433031,0.000127327938051994
18,3,-0.0211497299877841,0.998835680401007,0.977272727272727,-0.21641829640719,0.21641829640719,0.230123432482292,4.37601056254724,7.9359947333923,14.1670013906948,9.69108059368257,1.769237585528,0.887099530145554,0.140556980237054,2272730.36651013,9.70114876110797,0.000127327938051994
18,3,0.000371685420475276,0.999628314579525,1,-0.0681582108632459,0.0681582108632459,0.22202517140134,1.37754998251925,7.60807249584865,14.1670013906948,9.91487663353318,1.81407318872143,0.892744553638276,0.13781123006864,2222225.24882294,9.51617989936156,0.000127327938051994
19,1,0.0181818181818182,0,0,0,0,0,0,0,0,0,0,0,0.731638311978358,100000000,0,0.000277777777777778
19,1,0.00782520511220331,0.0326706626563917,0.0227272727272727,0.146481397492503,0.146481397492503,0.00732406987462517,26.1212674993465,1.30606337496732,15.0042814840884,0.750214074204422,0.0205661076999561,0.05,0.383218861517968,50000000.0333238,13.0606337496732,0.000277777777777778
19,1,0.00671091122171061,0.0560990061336613,0.0454545454545454,-0.00111785172474343,0.00111785172474343,0.00701375896713109,0.199436476123129,1.25073203002511,3.87772791974209,0.906589766481306,0.0411586000383199,0.0475,0.261505078150578,33333333.4415102,8.77356799182319,0.000277777777777778
19,1,0.00579793959101506,0.0793260273511337,0.0681818181818182,-0.0369135133214811,0.0369135133214811,0.00850874668484859,6.45051457244489,1.5107211571461,2.24980032153075,0.973750294233778,0.0617413443121991,0.095125,0.196539071020212,25000000.1922536,8.19280463697862,0.000277777777777778
19,1,0.00554397871315943,0.101894037815766,0.0909090909090909,-0.00807429914914115,0.00807429914914115,0.00848702430806321,1.41025864755715,1.50569803166665,1.02693871677535,0.976409715360857,0.0822806519455442,0.09036875,0.162304195292251,20000000.3485565,6.83629543909432,0.000277777777777778
19,1,0.00583421476054198,0.12391785135516,0.113636363636364,-0.0378636461841855,0.0378636461841855,0.00995585540186933,6.47633518439034,1.75422988930284,0.799806346552278,0.967579546920428,0.102745981407687,0.1358503125,0.135712785241522,16666667.1655142,6.77630206331033,0.000277777777777778
19,1,0.00516387243080477,0.146902243271675,0.136363636363636,-0.0353643970071209,0.0353643970071209,0.0112262824821319,5.94400960704098,1.96371887518974,0.597675914248376,0.949084365286825,0.123110473642937,0.179057796875,0.117048442461754,14285714.952319,6.65740314098613,0.000277777777777778
19,1,0.0031086848011751,0.171271480488081,0.159090909090909,-0.0429282103774122,0.0429282103774122,0.0128113788768959,7.03788359117451,2.21742711098898,0.419203841528073,0.922590339098887,0.143351313056248,0.22010490703125,0.102904614592266,12500000.8814634,6.70496319725968,0.000277777777777778
19,1,0.00247531321434602,0.194218901661687,0.181818181818182,-0.0649575886298552,0.0649575886298552,0.0154186893645439,10.0970937720276,2.61141044404091,0.285182575332214,0.890719950910554,0.163449915197966,0.259099661679688,0.0933181478794251,11111112.2842481,7.08186659445612,0.000277777777777778
19,1,0.00292693369002975,0.21608133077278,0.204545454545455,-0.0597716735000531,0.0597716735000531,0.0176363385713193,8.91830898152206,2.92675537091497,0.228867325801956,0.857627319655124,0.183391949977288,0.296144678595703,0.0856834876798417,10000001.4927576,7.26551083316271,0.000277777777777778
19,1,0.00432117956778627,0.2370011344818,0.227272727272727,-0.0588292680823508,0.0588292680823508,0.0196959850468709,8.46183849869027,3.20350952730374,0.196771768745466,0.824584542109641,0.203167216162742,0.331337444665918,0.0794866042729842,9090910.90996419,7.37426789366522,0.000277777777777778
19,1,0.00459064362219158,0.259045720014172,0.25,0.0205124339476881,0.0205124339476881,0.0197368074919118,2.93914992941733,3.19029154740942,0.168501327690694,0.791780381388693,0.222769388793998,0.314770572432622,0.0769936035459728,8333335.49535645,7.00467472997789,0.000277777777777778
19,1,0.00624895362531314,0.279701459597827,0.272727272727273,-0.0472030262988672,0.0472030262988672,0.0211101184322595,6.61712174074896,3.36163305707639,0.146966010250291,0.759539662831773,0.242195665683568,0.349032043810991,0.0713369911835934,7692310.2114286,6.97486296157567,0.000277777777777778
19,1,0.00720728438331564,0.301057178426602,0.295454545454545,-0.00818974234555814,0.00818974234555814,0.0204640996279245,1.1478905035462,3.25094592939988,0.129995829833843,0.728062471181877,0.261446342246726,0.331580441620441,0.0683740289139129,7142860.03150902,6.55865064314499,0.000277777777777778
19,1,0.00775127972631334,0.322827232670381,0.318181818181818,-0.031287233161454,0.031287233161454,0.021005256304601,4.34584559889357,3.30569091287457,0.118066472554072,0.697562671250486,0.280524345355116,0.350384227261679,0.0649384499236479,6666669.92739542,6.41113030686156,0.000277777777777778
19,1,0.00828424290925278,0.344608319074218,0.340909090909091,0.0157250208381892,0.0157250208381892,0.0207412445312804,2.18012337511935,3.24941253598681,0.111638729438534,0.668266474159889,0.299434756734382,0.332865015898595,0.0641653252474067,6250003.61677476,6.14669237362767,0.000277777777777778
19,1,0.00937915329186761,0.36582745827838,0.363636363636364,-0.0167044783188803,0.0167044783188803,0.0205394062206604,2.3108795301886,3.2024858856969,0.110646428463812,0.640385471875085,0.318184354668493,0.316221765103665,0.0622281875534621,5882356.87683491,5.92105632401361,0.000277777777777778
19,1,0.00981453867312515,0.3877061224839,0.386363636363636,-0.079883948411823,0.079883948411823,0.0235066333302185,10.4370248071799,3.56421283177105,0.115108974063523,0.614121646984507,0.336781199559042,0.350410676848482,0.0598220562529075,5555559.75520075,6.17194346196729,0.000277777777777778
19,1,0.00981107406824688,0.410023636675555,0.409090909090909,-0.0453798883166394,0.0453798883166394,0.0246002960795395,5.83026422960821,3.6775154016629,0.116123588700274,0.589221744070295,0.355234284412025,0.382890143006058,0.0567056121611383,5263162.3265857,6.15396034447471,0.000277777777777778
19,1,0.01424243721236,0.427906323118219,0.431818181818182,-0.00051923958227551,0.00051923958227551,0.0233962432546763,0.0667434874218924,3.49697680595085,0.11000561510588,0.565260937622074,0.373553265842362,0.363745635855755,0.0552137640016393,5000004.66477867,5.84959950162207,0.000277777777777778
19,1,0.0186674910093867,0.445795318907969,0.454545454545455,-0.0226909684708021,0.0226909684708021,0.0233609795154826,2.90582897322512,3.46741941431457,0.104827483515708,0.542239264916756,0.391748284999375,0.347097600011007,0.0532458348275849,4761909.65881221,5.70941995265079,0.000277777777777778
19,1,0.0221776243166117,0.46459923518752,0.477272727272727,0.0370742165557632,0.0370742165557632,0.0240466413674966,4.69743787961546,3.52892033757961,0.100428530291807,0.520148728185509,0.409829881258516,0.379742720010457,0.0535189750261138,4545459.67238119,5.66342076751282,0.000277777777777778
19,1,0.0302882631156238,0.501116695562062,0.522727272727273,-0.0763804578344125,0.0763804578344125,0.0272153664612178,9.17712730637019,3.85631957715227,0.0948830511719889,0.478799393743358,0.445697049105578,0.440217804809437,0.0504837423093344,4166672.23378356,5.76035162830846,0.000277777777777778
19,1,0.0334418988633174,0.520277109401145,0.545454545454545,-0.0096824616629374,0.0096824616629374,0.0263387212213038,1.16314420874053,3.72166080873169,0.0935890308588579,0.459538875599133,0.463506094739419,0.418206914568965,0.0490958011490321,4000005.77183273,5.57646333152574,0.000277777777777778
19,1,0.0360465604528197,0.53998649739842,0.568181818181818,-0.0578830856655643,0.0578830856655643,0.0279159394435168,6.79443701110122,3.87529961885016,0.0934010348623092,0.441231983562291,0.481248999277596,0.447296568840517,0.0476738184088377,3846159.80778223,5.62330847304788,0.000277777777777778
19,1,0.0385984427714705,0.559748664666546,0.590909090909091,-0.0243306958379379,0.0243306958379379,0.0277366772632379,2.84582254763209,3.82382576528926,0.0943803143642473,0.423889400102389,0.498939654634275,0.432926605902183,0.0462014417401314,3703709.83695436,5.5204386239584,0.000277777777777778
19,1,0.0423041625337567,0.578356994491037,0.613636363636364,0.00650232490853275,0.00650232490853275,0.0266749596455026,0.760700176518061,3.6706694858507,0.0963740284691762,0.407513631520729,0.516593179120071,0.411280275607074,0.045645018972865,3571434.85621454,5.35044796512125,0.000277777777777778
19,1,0.0461702867264754,0.596804919885095,0.636363636363636,-0.0200728980679017,0.0200728980679017,0.0263448565666226,2.34302441684892,3.60428723240061,0.0993762968364369,0.392106764786514,0.534226086950281,0.39071626182672,0.0445735421794523,3448282.27712996,5.24674370483599,0.000277777777777778
19,1,0.0481691170058886,0.617120139192458,0.659090909090909,-0.0225132434087207,0.0225132434087207,0.0261532759087275,2.62015003769667,3.55508037266541,0.0942606695812769,0.377214460026252,0.551856400083268,0.3720199897146,0.043587396011619,3333339.88818825,5.15919058259802,0.000277777777777778
19,1,0.0515392235334192,0.636064082251705,0.681818181818182,-0.0342701493941662,0.0342701493941662,0.0265591195829994,3.95904840710537,3.57527877438741,0.089873790587856,0.362847426554332,0.569503679634956,0.400545562646847,0.0422881959921532,3225813.15394716,5.12047631887245,0.000277777777777778
19,1,0.0587431523014494,0.673488252657228,0.727272727272727,-0.0309766624385741,0.0309766624385741,0.0268674680755835,3.54060311648263,3.55881009406857,0.0873147129713624,0.335998696729827,0.604934558140835,0.418469744456222,0.0399886472620528,3030310.01923611,5.01637695179101,0.000277777777777778
19,1,0.0612884998130491,0.693256954732405,0.75,-0.112714044852634,0.112714044852634,0.031159796914436,11.9361001268499,3.97767459570763,0.0892393854816274,0.323660731167417,0.622763791884303,0.447546257233411,0.040271647128394,2941183.58354724,5.21989822164568,0.000277777777777778
19,1,0.064282283430905,0.712577220701326,0.772727272727273,-0.00631337071151661,0.00631337071151661,0.0299174756042901,0.66875313131911,3.81222852248821,0.0932596189166882,0.312140675554881,0.640700537266155,0.42516894437174,0.0395130750718386,2857150.07323888,5.08986550477921,0.000277777777777778
19,1,0.0658742477376918,0.733299305981316,0.795454545454545,-0.00100125379228233,0.00100125379228233,0.0284716645136897,0.106111761047619,3.62692268441618,0.0999869159916787,0.30153298757672,0.658768700275938,0.403910497153153,0.039249163539193,2777785.07124081,4.95142790078666,0.000277777777777778
19,1,0.0679073820711205,0.753580221234665,0.818181818181818,-0.0710877788516404,0.0710877788516404,0.0306024702305872,7.33216217383445,3.81218465888709,0.109028494566451,0.291907762926207,0.67699157487309,0.433714972295496,0.0386335454847523,2702710.04693469,5.0157720703285,0.000277777777777778
19,1,0.0702386632947248,0.773562989597837,0.840909090909091,-0.0685010986202266,0.0685010986202266,0.0324974016500692,6.89864181243306,3.96650751656439,0.120211370858151,0.283322943322804,0.695391121132973,0.462029223680721,0.0382303040189909,2631586.31724379,5.06532127406809,0.000277777777777778
19,1,0.0720348250232118,0.794080877456127,0.863636363636364,-0.00195024302663338,0.00195024302663338,0.0309700437188974,0.196500502088623,3.7780071658406,0.134009432773473,0.275857267795338,0.713987187562746,0.438927762496685,0.0377440536315944,2564109.93634424,4.9404797158122,0.000277777777777778
19,1,0.073177049417941,0.815252702648175,0.886363636363636,-0.0723292720254847,0.0723292720254847,0.0330380051342268,7.10490714447262,3.9443521647722,0.153796486435798,0.269754228727361,0.732796708530814,0.46698137437185,0.0373213817788745,2500007.35048811,4.99459040152871,0.000277777777777778
19,1,0.0751037052423882,0.835640096410504,0.909090909090909,-0.0667432304660749,0.0667432304660749,0.0347232664008192,6.42275103776812,4.068272108422,0.177434474469526,0.265138241014469,0.751832911362384,0.493632305653258,0.037076126971474,2439031.69891238,5.02942358777846,0.000277777777777778
19,1,0.0773091246290549,0.855748726610614,0.931818181818182,0.0137412790413416,0.0137412790413416,0.0336741670328453,1.32183892078101,3.93095044903995,0.204266150195351,0.262094636473513,0.77110456972654,0.468950690370595,0.0366433832522661,2380959.63216623,4.94114776237376,0.000277777777777778
19,1,0.0783029237528499,0.877068977073596,0.954545454545455,-0.0320275063703437,0.0320275063703437,0.0335918339997202,3.06787962426918,3.88779690780141,0.237168218576414,0.260848315578658,0.790615340331256,0.483800425026647,0.0359881615806923,2325588.575986,4.897583387069,0.000277777777777778
19,1,0.0783957971900298,0.899290153223194,0.977272727272727,0.0521520443213963,0.0521520443213963,0.034519844515804,4.9368041873127,3.94024727177697,0.275210551615866,0.261566427380518,0.810363218583107,0.509610403775314,0.0356000239830148,2272734.37274954,4.89847476889272,0.000277777777777778
19,1,0.0771688015382123,0.922831198461788,1,0.175313678132071,0.175313678132071,0.0415595361966173,14.7006206191566,4.47826593914595,0.348816693753118,0.265928940699148,0.830340145770238,0.534129883586549,0.0372692942530423,2222229.22817367,5.11630023223192,0.000277777777777778
19,2,0.0181818181818182,0,0,0,0,0,0,0,0,0,0,0,0.731516529793088,100000000,0,0.000126988815302612
19,2,0.0145745094999462,0.0259213582686489,0.0227272727272727,-0.118826920897704,0.118826920897704,0.00594134604488521,24.2001303545191,1.21000651772595,4.60545298419516,0.230272649209758,0.0441092698318417,0.05,0.430747480280747,50000000.108567,12.1000651772595,0.000126988815302612
19,2,-0.0103866500434988,0.0731965673988706,0.0454545454545454,-0.0398995738085821,0.0398995738085821,0.00763925743307006,7.87390496475577,1.54320144007744,2.49016312228275,0.343267172863408,0.0883030799192708,0.0975,0.301340301402394,33333333.5395713,10.6913451064249,0.000126988815302612
19,2,-0.0379326546743901,0.123056621616539,0.0681818181818182,0.00174869952039325,0.00174869952039325,0.00734472953743621,0.345245855998963,1.48330366087352,0.809639669841247,0.3665857977123,0.132541270819937,0.092625,0.246711805708333,25000000.4634578,8.10482029381845,0.000126988815302612
19,2,-0.0635691511121383,0.171007167641064,0.0909090909090909,-0.0998327375669001,0.0998327375669001,0.0119691299389094,16.7329439856747,2.24578567711358,0.413739138904331,0.368943464771901,0.176786026340724,0.13799375,0.197371482258682,20000000.8541627,9.83044503218969,0.000126988815302612
19,2,-0.0889841471768097,0.218736213292512,0.113636363636364,-0.0513667686028683,0.0513667686028683,0.0139390118721074,8.3110619014912,2.54904948833246,0.224157127392874,0.36170414790295,0.221001771409944,0.1810940625,0.168176589898495,16666668.1219949,9.57721451040661,0.000126988815302612
19,2,-0.113354017148081,0.26542013285056,0.136363636363636,-0.0823916647583776,0.0823916647583776,0.0173616445164209,12.2891708789071,3.03605555786119,0.160939081972183,0.351665894606411,0.26515491578543,0.222039359375,0.144833291400594,14285716.4207858,9.96463684876383,0.000126988815302612
19,2,-0.140285494796212,0.314665660085468,0.159090909090909,-0.110068049241189,0.110068049241189,0.0219969647526593,14.5764187654401,3.61307371824014,0.12170944372324,0.340168072062253,0.309213493630783,0.26093739140625,0.1301496729373,12500002.8952238,10.5411095883484,0.000126988815302612
19,2,-0.165241075833353,0.361935290709386,0.181818181818182,-0.00694709834910778,0.00694709834910778,0.0212444714324817,0.920081643788011,3.47842411451753,0.110438257916346,0.328681581354957,0.353146754024557,0.247890521835937,0.120759783156011,11111114.6907359,9.47210648339721,0.000126988815302612
19,2,-0.191878399474868,0.410886663937678,0.204545454545455,-0.0449314907609546,0.0449314907609546,0.0224288223989053,5.85095856976512,3.59705083727991,0.115757517704535,0.318035378172436,0.396924759197265,0.285495995744141,0.111777114711727,10000004.0855371,9.109991692034,0.000126988815302612
19,2,-0.219913931468028,0.461236245517615,0.227272727272727,-0.0821320618858499,0.0821320618858499,0.0254139843732526,10.1359809890177,3.9239973448668,0.101076735514637,0.307187446039546,0.440518045650177,0.321221195956933,0.102046610330127,9090913.70444041,9.20326344630524,0.000126988815302612
19,2,-0.239351324532976,0.50298768816934,0.25,-0.0504644425490652,0.0504644425490652,0.0266665072820432,6.11342514515562,4.03346873488124,0.0947015973866574,0.296563153606902,0.483897398399049,0.355160136159087,0.094882134262744,8333338.44236071,8.94577692120944,0.000126988815302612
19,2,-0.268704012612613,0.554654425835754,0.272727272727273,-0.0750823817481971,0.0750823817481971,0.0290873010053509,8.74535191765479,4.26906289401991,0.0940288323429799,0.286436437543706,0.527033780671291,0.387402129351132,0.0885901547575093,7692313.22641264,8.9303596132437,0.000126988815302612
19,2,-0.291469963647998,0.599734426457916,0.295454545454545,-0.106075978586754,0.106075978586754,0.032936734884421,11.5131720450387,4.63126835157085,0.0999817437734694,0.277113702855194,0.569898450884004,0.418032022883576,0.0831632566059508,7142862.99608502,9.11484621551477,0.000126988815302612
19,2,-0.318778853267145,0.649357365663839,0.318181818181818,-0.151607228733075,0.151607228733075,0.0388702595768537,14.6027900378456,5.12984443588459,0.0880081777680628,0.267658426600837,0.612463286192138,0.447130421739397,0.0798839670979908,6666672.88718471,9.48070913700349,0.000126988815302612
19,2,-0.34650761895347,0.699400180936941,0.340909090909091,-0.0647229021962787,0.0647229021962787,0.0401628917078249,6.11932732480185,5.17931858033045,0.0903009171442039,0.258790551128006,0.654701317974629,0.474773900652427,0.0762358352992371,6250006.52386596,9.27062277374089,0.000126988815302612
19,2,-0.366120665189657,0.741327276759905,0.363636363636364,-0.0788459815244331,0.0788459815244331,0.0420970461986554,7.25917543155318,5.28331142289159,0.103356995274,0.251018873335305,0.696587470049323,0.501035205619806,0.0726354007459886,5882359.65041525,9.15230234184749,0.000126988815302612
19,2,-0.389388914918218,0.786909576075243,0.386363636363636,-0.0883059657262191,0.0883059657262191,0.0444074921750335,7.87776032761859,5.41303386812794,0.129106887537011,0.244923274045391,0.738099475940599,0.525983445338815,0.0695091159565956,5555562.32236552,9.08149445216811,0.000126988815302612
19,2,-0.420309574931729,0.840144285675531,0.409090909090909,-0.109803173410752,0.109803173410752,0.0476772762368195,9.36116754716224,5.61044055207965,0.183675417698429,0.241860881228042,0.779218937933985,0.549684273071875,0.0668412938967095,5263164.59194558,9.09621408874675,0.000126988815302612
19,2,-0.441128308775097,0.883277069105675,0.431818181818182,-0.134565654220514,0.134565654220514,0.0520216951360042,10.7892776932503,5.86938240913819,0.24883707690051,0.242209691011666,0.819932478670808,0.572200059418281,0.0636795941796226,5000006.56328299,9.18086726897193,0.000126988815302612
19,2,-0.463061240536523,0.927524050453878,0.454545454545455,-0.104458745406151,0.104458745406151,0.0546435476495115,8.09998740603542,5.98091265898305,0.398122985447316,0.250005355733448,0.860232926322767,0.593590056447367,0.0621262468916624,4761911.13225935,9.12939679930829,0.000126988815302612
19,2,-0.480250471193453,0.967027330697586,0.477272727272727,-0.117183883935904,0.117183883935904,0.0577705644638311,8.73736329287558,6.11873519067768,1.72524971420959,0.323767573657255,0.900120467496706,0.613910553624998,0.0618819014829847,4545460.65259421,9.11157709447044,0.000126988815302612
19,2,-0.469617290066012,0.978708199156921,0.5,-0.380455928231414,0.380455928231414,0.0739048326522103,21.1219869899731,6.86889778064245,14.1670013906948,1.01592926450913,0.939603698377821,0.633215025943749,0.0638437269321953,4347831.93163736,9.63376882905751,0.000126988815302612
19,2,-0.459010917047922,0.990415875725608,0.522727272727273,-0.336972249213613,0.336972249213613,0.0870582034802804,16.1072364516535,7.330814714193,14.1670013906948,1.67348287081842,0.978700504495589,0.651554274646561,0.0679603106459526,4166672.27076024,9.90349664666568,0.000126988815302612
19,2,-0.439623799778188,0.993342808042651,0.545454545454545,-0.346872174856118,0.346872174856118,0.100048902049072,14.6901676339088,7.69878236017879,14.1670013906948,2.29815879681223,1.0174387029938,0.668976560914233,0.0725234851251775,4000005.38275329,10.0949634861554,0.000126988815302612
19,2,-0.418988377160626,0.995021435011866,0.568181818181818,-0.33785974901117,0.33785974901117,0.111939444397177,13.0415343918457,7.96591996176214,14.1670013906948,2.89160092650636,1.05585638833261,0.685527732868521,0.0776079683391072,3846159.02459303,10.2082931363743,0.000126988815302612
19,2,-0.397185932497891,0.995533039935907,0.590909090909091,-0.377251707596626,0.377251707596626,0.12520505755715,13.2324925503271,8.22924859119039,14.1670013906948,3.45537094971578,1.09400193270197,0.701251346225095,0.0825136009226501,3703708.69296317,10.3203005220762,0.000126988815302612
19,2,-0.375739670414313,0.996400827439107,0.613636363636364,-0.353853757002229,0.353853757002229,0.136637492529404,11.5587196461296,8.39572214393734,14.1670013906948,3.99095247176473,1.13193360567423,0.716188778913841,0.0876709398089711,3571433.38502114,10.3645297765067,0.000126988815302612
19,2,-0.354055245028812,0.997030451640382,0.636363636363636,-0.324629229910432,0.324629229910432,0.146037079398455,10.0584069292259,8.47885638320177,14.1670013906948,4.49975491771124,1.16971879321508,0.730379339968149,0.0932435456038445,3448280.51210961,10.3539738162556,0.000126988815302612
19,2,-0.331767602255522,0.997056858453869,0.659090909090909,-0.355647687680499,0.355647687680499,0.156517609812557,10.4104465803608,8.57543589305972,14.1670013906948,4.98311724136042,1.20743281343094,0.743860372969741,0.098272258756467,3333337.83072551,10.3558562417258,0.000126988815302612
19,2,-0.309884678807569,0.997487984592693,0.681818181818182,-0.325271213702075,0.325271213702075,0.164955290007033,9.12117033322585,8.60272261506803,14.1670013906948,5.44231144882713,1.24515734458929,0.756667354321254,0.103323106360236,3225810.80620489,10.3160276640323,0.000126988815302612
19,2,-0.265630509423966,0.997861914382644,0.727272727272727,-0.300934316031329,0.300934316031329,0.176599715813377,7.9553966994216,8.50792000863296,14.1670013906948,6.29296871815923,1.32098459527317,0.780392287274932,0.113055882214516,3030307.12525833,10.1527432804294,0.000126988815302612
19,2,-0.243419200333979,0.997964654879433,0.75,-0.297504015720186,0.297504015720186,0.182644930808717,7.6358116033825,8.46431458837044,14.1670013906948,6.68667035178601,1.35926369222582,0.791372672911185,0.117616665939608,2941180.44717975,10.0787158781633,0.000126988815302612
19,2,-0.221436289870323,0.998295794002555,0.772727272727273,-0.254483773988947,0.254483773988947,0.186236872967729,6.39969066005364,8.3610833919546,14.1670013906948,7.06068690373145,1.39790097145481,0.801804039265626,0.122111529326842,2857146.72213423,9.97360087193157,0.000126988815302612
19,2,-0.198934216579158,0.998107770298166,0.795454545454545,-0.291062356341218,0.291062356341218,0.191478147136403,7.1344123316738,8.29974983894056,14.1670013906948,7.41600262807962,1.43697605328319,0.811713837302345,0.126240919282673,2777781.53736901,9.89473452359107,0.000126988815302612
19,2,-0.176571486132024,0.998059089437809,0.818181818181818,-0.308051327547502,0.308051327547502,0.197306806156958,7.34784808734256,8.25215475136066,14.1670013906948,7.75355256621037,1.47656034791742,0.821128145437227,0.129947933033106,2702706.36259111,9.82589975504382,0.000126988815302612
19,2,-0.154572050500685,0.998373703393247,0.840909090909091,-0.262399328824184,0.262399328824184,0.200561432290319,6.14277627262412,8.14668582742383,14.1670013906948,8.0742250074346,1.51671454145749,0.830071738165366,0.133638715810584,2631582.51280152,9.72897545287488,0.000126988815302612
19,2,-0.13186069400885,0.997976396488189,0.863636363636364,-0.338293587239807,0.338293587239807,0.207448040037794,7.68583708271374,8.12364339018833,14.1670013906948,8.37886382659761,1.55748631658189,0.838568151257098,0.136700574633466,2564106.03992421,9.67658728953741,0.000126988815302612
19,2,-0.109630267096943,0.998060019163059,0.886363636363636,-0.334315132909755,0.334315132909755,0.213791394681392,7.38889461818037,8.08690595158793,14.1670013906948,8.66827070480246,1.59890840202136,0.846639743694243,0.139748113950353,2500003.39069077,9.61939497275349,0.000126988815302612
19,2,-0.087834949229447,0.998578750882339,0.909090909090909,-0.246759709307884,0.246759709307884,0.215439810412716,5.37705015204834,7.95141316161095,14.1670013906948,8.94320723909708,1.64099703531368,0.854307756509531,0.142515056353982,2439027.69995652,9.51592314785824,0.000126988815302612
19,2,-0.0653249553351775,0.998382806574847,0.931818181818182,-0.285331715698388,0.285331715698388,0.218934405677,6.10369408017334,7.85902720753907,14.1670013906948,9.20439694667697,1.68375090994261,0.861592368684054,0.144946827442938,2380955.61354295,9.43467959862765,0.000126988815302612
19,2,-0.0430434078701525,0.998415308696599,0.954545454545455,-0.283808750810912,0.283808750810912,0.222178122933696,5.96510767825441,7.76433123107483,14.1670013906948,9.45252716887786,1.72715066130844,0.868512750249852,0.146950873574422,2325584.55440443,9.3539918795492,0.000126988815302612
19,2,-0.0209834734367226,0.998669423849946,0.977272727272727,-0.239716560549736,0.239716560549736,0.223055044814498,4.9780458181059,7.62501696042639,14.1670013906948,9.68825087996871,1.77115892670433,0.875087112737359,0.148147288076391,2272730.36159039,9.25453855997094,0.000126988815302612
19,2,0.000272125885260044,0.99972787411474,1,-0.0483723788564991,0.0483723788564991,0.214320911516598,1.00451477787249,7.29399185129869,14.1670013906948,9.91218840550501,1.81572099335386,0.881332757100491,0.145225194004013,2222225.24401252,9.07120469814653,0.000126988815302612
19,3,0.0181818181818182,0,0,0,0,0,0,0,0,0,0,0,0.731518567094362,100000000,0,0.000128460216136791
19,3,0.000511114880019578,0.0399847528885755,0.0227272727272727,-0.039087091124951,0.039087091124951,0.00195435455624755,11.5172441061505,0.575862205307524,5.45997043650381,0.27299852182519,0.0431618976258867,0.05,0.378806582205262,50000000.0915756,5.75862205307524,0.000128460216136791
19,3,-0.0234921778407998,0.0863020951961717,0.0454545454545454,-0.0252644017978554,0.0252644017978554,0.00311985691832794,7.24966429902373,0.909552309993334,1.82671702675456,0.350684447071659,0.0865762355396828,0.0591708732199031,0.278021209110963,33333333.5768604,6.25563613505807,0.000128460216136791
19,3,-0.0449148986360195,0.130038865578168,0.0681818181818182,-0.131915428813488,0.131915428813488,0.00955963551308592,24.2735702785729,2.07775320842231,0.725753613361298,0.369437905386141,0.130215804453884,0.106212329558908,0.216032002750946,25000000.5271149,10.7601196709368,0.000128460216136791
19,3,-0.0698319821989032,0.177269998727829,0.0909090909090909,-0.1298059548736,0.1298059548736,0.0155719514811116,19.0655902997826,2.92714506299032,0.375850098843402,0.369758515059004,0.174047422268691,0.150901713080963,0.180399516074855,20000000.9538189,12.4212137967059,0.000128460216136791
19,3,-0.094269890753368,0.22402195686907,0.113636363636364,-0.0605720067173134,0.0605720067173134,0.0178219542429217,8.56816558537627,3.20919608910962,0.215799634894826,0.362060571050795,0.218031641104627,0.193356627426914,0.151964123814548,16666668.2338371,11.7790390948177,0.000128460216136791
19,3,-0.123963816250688,0.276029931953167,0.136363636363636,-0.0446815962767233,0.0446815962767233,0.0191649363446118,6.2008007587901,3.35877632259365,0.150333359627402,0.351474210479625,0.262122689582298,0.233688796055569,0.134808332157689,14285716.5792723,10.9821479039566,0.000128460216136791
19,3,-0.150635164655779,0.325015329945035,0.159090909090909,-0.0675221286560252,0.0675221286560252,0.0215827959601825,8.98853586797473,3.6402642998627,0.11711027791949,0.339756013851619,0.306268690866661,0.27200435625279,0.119486829377348,12500003.0742333,10.7329463994588,0.000128460216136791
19,3,-0.179235515835735,0.375929730711768,0.181818181818182,-0.0684457518261397,0.0684457518261397,0.0239259437534803,8.75934921406657,3.89621854557289,0.112040139210622,0.328370220119569,0.350412184658957,0.308404138440151,0.107440192062793,11111114.835471,10.5136578233041,0.000128460216136791
19,3,-0.204841499471373,0.423849763934183,0.204545454545455,-0.0607975639602536,0.0607975639602536,0.025769524763819,7.55880942681249,4.07934808963487,0.111259728296953,0.317514695528438,0.394490966920427,0.342983931518143,0.0981840475813302,10000004.2507217,10.218172983655,0.000128460216136791
19,3,-0.230358063161184,0.471680377210771,0.227272727272727,-0.0945071164397322,0.0945071164397322,0.0292064043476147,11.0189523939323,4.42632830484975,0.0989947058770544,0.306588696045869,0.438439245316644,0.375834734942236,0.0898782109895097,9090913.87352432,10.290971111862,0.000128460216136791
19,3,-0.258949394107674,0.522585757744038,0.25,-0.113091557474603,0.113091557474603,0.0334006620039641,12.1753647734131,4.81378012827791,0.0934988950711349,0.295934205997132,0.482189091927501,0.407042998195124,0.0836906116046936,8333338.60867343,10.4480039169913,0.000128460216136791
19,3,-0.287977947298721,0.573928360521861,0.272727272727273,-0.0165785545940413,0.0165785545940413,0.032559556633468,1.78288927313975,4.662235585521,0.095805267719565,0.285927759083254,0.525672158468247,0.386690848285368,0.081283134671054,7692313.36476312,9.781456636695,0.000128460216136791
19,3,-0.312854063930902,0.621118526740819,0.295454545454545,-0.0637712350468562,0.0637712350468562,0.0341201405541374,6.70547873507247,4.76439774299858,0.0931233001604045,0.276287536137111,0.568821603911662,0.4173563058711,0.0775056921814827,7142863.1771694,9.56174392943624,0.000128460216136791
19,3,-0.341348227477981,0.671926739874675,0.318181818181818,-0.110862967602951,0.110862967602951,0.037957281906578,10.9424570494393,5.07330070832061,0.0872661768628965,0.266836468173401,0.61157417076063,0.446488490577545,0.0724409626539256,6666673.06263767,9.65379147076978,0.000128460216136791
19,3,-0.366407571063685,0.719300133047156,0.340909090909091,-0.0362220901488013,0.0362220901488013,0.0378705223186892,3.5543349549298,4.99735242065107,0.0951952507270873,0.258254407301085,0.653872334997595,0.474164066048667,0.0706951937553258,6250006.65276817,9.27257543852978,0.000128460216136791
19,3,-0.390392038508599,0.765598650078847,0.363636363636364,-0.11556742888352,0.11556742888352,0.0417553676469307,10.6792999469791,5.28144979696747,0.115588847272001,0.251121129299631,0.69566644653579,0.500455862746234,0.0667282000455427,5882359.7115085,9.3553239390268,0.000128460216136791
19,3,-0.418339479881206,0.81586014103823,0.386363636363636,-0.081876391039672,0.081876391039672,0.0437614188165678,7.3617970571659,5.38546715997739,0.15457676652079,0.246293911160689,0.736916772289855,0.525433069608922,0.0645351415310901,5555562.30916233,9.24457244559008,0.000128460216136791
19,3,-0.44398080643295,0.863815517176751,0.409090909090909,-0.0624366196036092,0.0624366196036092,0.0446951788559199,5.53015358486523,5.39270148122178,0.216641437568041,0.244811287481056,0.777595353090511,0.549161416128476,0.0635710144679568,5263164.5358339,9.04907671607825,0.000128460216136791
19,3,-0.466933368543071,0.90908212887365,0.431818181818182,-0.118760443321067,0.118760443321067,0.0483984420791772,9.98567022490752,5.62234991840607,0.291809224585378,0.247161184336272,0.817687588738787,0.571703345322052,0.0615589356251069,5000006.48038703,9.09590639151971,0.000128460216136791
19,3,-0.486939725215897,0.951402535133252,0.454545454545455,-0.113841640397571,0.113841640397571,0.0516706019950969,9.16576814024521,5.79952082949803,0.70720722966977,0.270163486602947,0.857193472500302,0.59311817805595,0.0604385707264496,4761911.00103587,9.09923314145902,0.000128460216136791
19,3,-0.49123980982523,0.978016669329362,0.477272727272727,-0.241618398685254,0.241618398685254,0.0611679918296048,16.5753075886767,6.33831016745696,12.8717236178275,0.900241493164173,0.896128407069441,0.613462269153152,0.062432349259815,4545460.50452013,9.43905470724164,0.000128460216136791
19,3,-0.461777612022183,0.993182570699869,0.522727272727273,-0.333444253130315,0.333444253130315,0.0856637193755276,16.5197647492364,7.34697525661572,14.1670013906948,2.19375058317341,0.9724256383063,0.65114969791072,0.0714809302496155,4166672.13502567,10.043125515509,0.000128460216136791
19,3,-0.441035451410631,0.994754459675093,0.545454545454545,-0.34350513315029,0.34350513315029,0.0985557900642658,14.9917217820004,7.72921258288496,14.1670013906948,2.79241312354948,1.00989631401582,0.668592213015184,0.0760348138061263,4000005.2524481,10.2410693661686,0.000128460216136791
19,3,-0.419767258983532,0.995800316834772,0.568181818181818,-0.337533695492852,0.337533695492852,0.110504685335695,13.3588058794988,8.01069224771565,14.1670013906948,3.36114253690674,1.04701088664287,0.685162602364425,0.0810324306050538,3846158.89929958,10.360982308989,0.000128460216136791
19,3,-0.39804211378952,0.996389221227537,0.590909090909091,-0.338898464618613,0.338898464618613,0.121924374299841,12.3532414994252,8.22781971030113,14.1670013906948,3.90143547959615,1.08385662208415,0.700904472246204,0.0861539433015756,3703708.57231021,10.4347696864126,0.000128460216136791
19,3,-0.37651988037244,0.997181037397234,0.613636363636364,-0.291100992170587,0.291100992170587,0.130383205193378,10.0642677750279,8.31964211353746,14.1670013906948,4.41471377515108,1.12053056172198,0.715859248633893,0.0917164241201783,3571433.26867722,10.4215374752917,0.000128460216136791
19,3,-0.354094243701006,0.997069450312576,0.636363636363636,-0.334034560072048,0.334034560072048,0.140565772937312,10.8526457076849,8.44629229324483,14.1670013906948,4.90232815592826,1.15713694776047,0.730066286202199,0.0965831775808604,3448280.39977755,10.4364032764087,0.000128460216136791
19,3,-0.331874945309493,0.99716420150784,0.659090909090909,-0.353211219953776,0.353211219953776,0.151198045288135,10.7921175853872,8.56358355785195,14.1670013906948,5.36556181766659,1.19378433269805,0.743562971892089,0.101355630070198,3333337.72213785,10.4482604200413,0.000128460216136791
19,3,-0.309956765709351,0.997560071494475,0.681818181818182,-0.322353165516211,0.322353165516211,0.159755801299539,9.4079981823882,8.60580428907876,14.1670013906948,5.805633796318,1.23058246690249,0.756384823297484,0.106239699369799,3225810.70112006,10.4147035736654,0.000128460216136791
19,3,-0.287726022565283,0.997643377937183,0.704545454545455,-0.328214865962637,0.328214865962637,0.168178754532694,9.17189761886534,8.63410895556809,14.1670013906948,6.22370217603684,1.26763906890327,0.76856558213261,0.110787169424973,3125004.11891589,10.3758658875779,0.000128460216136791
19,3,-0.265675223154577,0.997906628113255,0.727272727272727,-0.302266192057532,0.302266192057532,0.174883126408936,8.16447097460727,8.61062705652005,14.1670013906948,6.62086713676974,1.3050565896497,0.78013730302598,0.115347760327859,3030307.02654228,10.3088539205182,0.000128460216136791
19,3,-0.243474746270338,0.998020200815793,0.75,-0.294526805847588,0.294526805847588,0.180865310380868,7.71866173040106,8.5660287902141,14.1670013906948,6.99817384946599,1.34292908427252,0.791130437874681,0.119680708470701,2941180.35136711,10.2326717972795,0.000128460216136791
19,3,-0.221198717323993,0.998058221456224,0.772727272727273,-0.297053203115483,0.297053203115483,0.186674705017599,7.56274716998458,8.51586470920262,14.1670013906948,7.35661522652743,1.38133930268549,0.801573915980947,0.123998523080183,2857146.62905909,10.1563882364996,0.000128460216136791
19,3,-0.198879884943523,0.998053438662531,0.795454545454545,-0.306328260410992,0.306328260410992,0.192657382787269,7.57557885754186,8.46885041661958,14.1670013906948,7.6971345347358,1.42035610371859,0.811495220181899,0.127980539526936,2777781.4468793,10.0846990870841,0.000128460216136791
19,3,-0.176635849766266,0.998123453072051,0.818181818181818,-0.302704415400513,0.302704415400513,0.198159734417931,7.28808004860931,8.40981189821907,14.1670013906948,8.02062787753375,1.46003228661913,0.820920459172805,0.131710180083863,2702706.27454706,10.009114788747,0.000128460216136791
19,3,-0.15460673710092,0.998408389993482,0.840909090909091,-0.259811354918875,0.259811354918875,0.201242315442978,6.13941125970992,8.29629186629361,14.1670013906948,8.3279465531918,1.50040291910992,0.829874436214164,0.1353484270265,2631582.42707442,9.90728048535125,0.000128460216136791
19,3,-0.131810281542511,0.99792598402185,0.863636363636364,-0.351168456629392,0.351168456629392,0.208738622502299,8.03020995024461,8.28298777049116,14.1670013906948,8.61989929506695,1.54148422333142,0.838380714403456,0.138442860147404,2564105.95639524,9.85915047163057,0.000128460216136791
19,3,-0.10969502653475,0.998124778600866,0.886363636363636,-0.325622575952606,0.325622575952606,0.214582820174814,7.25127241218684,8.23140200257594,14.1670013906948,8.89725439984834,1.58327306063785,0.846461678683283,0.141467551438141,2500003.30925003,9.79395352014447,0.000128460216136791
19,3,-0.0872618928839828,0.998005694536875,0.909090909090909,-0.357542351296377,0.357542351296377,0.221730796730892,7.72474610008883,8.20606920745159,14.1670013906948,9.16074174939066,1.62574703418932,0.854138594749119,0.144110556238444,2439027.62050214,9.74348504648458,0.000128460216136791
19,3,-0.0654422591468558,0.998500110386525,0.931818181818182,-0.271151453638119,0.271151453638119,0.224201829576254,5.76303698491781,8.0839175963249,14.1670013906948,9.41105473145587,1.66886520548285,0.861431665011663,0.146493114951554,2380955.53598034,9.64871247359013,0.000128460216136791
19,3,-0.0430838854265554,0.998455786253002,0.954545454545455,-0.282343441175077,0.282343441175077,0.227108910156195,5.89854239294938,7.97464883615612,14.1670013906948,9.64885206441782,1.71256939832491,0.86836008176108,0.148450256253939,2325584.4786456,9.56149921590081,0.000128460216136791
19,3,-0.0208789727403379,0.998564923153561,0.977272727272727,-0.264445475384966,0.264445475384966,0.228975738417633,5.44484380556164,7.8481585846264,14.1670013906948,9.87475953073167,1.75678604219172,0.874942077673026,0.149602557229718,2272730.28755335,9.46793886566583,0.000128460216136791
19,3,0.000515792960912531,0.999484207039087,1,-0.0937730400131866,0.0937730400131866,0.222215603497411,1.92812750163806,7.55215703047698,14.1670013906948,10.0893716237298,1.80142848732867,0.881194973789375,0.146656687536204,2222225.17162075,9.30038750202077,0.000128460216136791
21,1,0.0181818181818182,0,0,0,0,0,0,0,0,0,0,0,0.731710466293352,100000000,0,0.000277777777777778
21,1,0.00551587058392776,0.0349799971846673,0.0227272727272727,0.191781318781758,0.191781318781758,0.00958906593908791,28.0428578870413,1.40214289435206,15.2303484101119,0.761517420505595,0.0207390385325937,0.05,0.371898612489677,50000000.0328292,14.0214289435206,0.000277777777777778
21,1,0.00659567100690903,0.0562142463484629,0.0454545454545454,-0.00690223213154439,0.00690223213154439,0.00945472424871073,1.00925634599293,1.38249856693411,3.86916621970427,0.916899860465529,0.0414826858180839,0.0475,0.25081695494274,33333333.4413707,9.68403807767807,0.000277777777777778
21,1,0.00763711213986623,0.0774868548022825,0.0681818181818182,-0.0283080524904795,0.0283080524904795,0.0103973906607992,4.10626103658355,1.51868669041658,2.38215759591579,0.990162747238042,0.0621934486413748,0.0687787499625178,0.188268084579289,25000000.1859749,8.28959381740444,0.000277777777777778
21,1,0.00822589634348195,0.0992121201854437,0.0909090909090909,-0.0271434245431355,0.0271434245431355,0.011234692354916,3.90908069387998,1.63820639058975,1.0881736905781,0.995063294405045,0.0828367589676102,0.0844084130279173,0.151818912833899,20000000.3325741,7.41349119269955,0.000277777777777778
21,1,0.00838751099656256,0.12136455511914,0.113636363636364,-0.0311798768705849,0.0311798768705849,0.0122319515806994,4.44797597481507,1.77869486980102,0.825066451360144,0.9865634522528,0.103381694840657,0.115148137536304,0.127391099601996,16666667.1458157,6.91923865638547,0.000277777777777778
21,1,0.0102328399373906,0.141833275765089,0.136363636363636,-0.0221420247970299,0.0221420247970299,0.0127274552415159,3.14459473762066,1.846989863192,0.640440592380357,0.969257309259178,0.123801523170314,0.109390730659489,0.110420916832527,14285714.9194742,6.38000381084764,0.000277777777777778
21,1,0.0105620703699008,0.163818094919355,0.159090909090909,-0.0251534445438248,0.0251534445438248,0.0133487547066314,3.55145092908179,1.93221291648649,0.470416212161125,0.944315254404275,0.144074057321163,0.11515522776362,0.0981351520483638,12500000.820262,6.02643470062691,0.000277777777777778
21,1,0.0102566787133559,0.186437536162677,0.181818181818182,-0.0563282117180686,0.0563282117180686,0.0154977275572033,7.71650611431182,2.22142757637775,0.32680099717431,0.913439541542777,0.164181830753262,0.159397466375439,0.088168828259561,11111112.1802292,6.21422041325856,0.000277777777777778
21,1,0.0112753726446644,0.207732891818146,0.204545454545455,-0.0617662812123485,0.0617662812123485,0.0178111552399605,8.1777393799828,2.51924316655801,0.24308156849593,0.879921642890434,0.184112095886905,0.201427593056667,0.0811322134842793,10000001.3735908,6.41057230993099,0.000277777777777778
21,1,0.012785996451724,0.228536317597863,0.227272727272727,0.000935917141323461,0.000935917141323461,0.0169673933350287,0.123974718588388,2.39947974415952,0.209265931716342,0.84638885733173,0.203856664518155,0.191356213403834,0.0763717993125039,9090910.77404696,5.83906343799075,0.000277777777777778
21,1,0.0134019160327045,0.250234447603659,0.25,-0.045160156187027,0.045160156187027,0.0183770314776286,5.8806601264275,2.57353876327292,0.179091005514208,0.813023964740853,0.223411612188786,0.231788402733642,0.0703049772969365,8333335.34152249,5.84252982869381,0.000277777777777778
21,1,0.0132374509421824,0.272712962280958,0.272727272727273,0.00511885877577356,0.00511885877577356,0.0177141228425358,0.666752253910117,2.47819943780478,0.153733338659047,0.780059433436763,0.242776873659652,0.22019898259696,0.06807258316573,7692310.04638767,5.44439309217199,0.000277777777777778
21,1,0.0151496471394637,0.293114815670454,0.295454545454545,-0.0668152314500441,0.0668152314500441,0.0201691782729112,8.39488635429823,2.77403378362946,0.135652962662689,0.747839109898059,0.261955759863408,0.259189033467112,0.0640560217606412,7142859.85534227,5.65514261089529,0.000277777777777778
21,1,0.017250303387733,0.313328209008961,0.318181818181818,-0.0485961179525778,0.0485961179525778,0.0215905252568946,5.99794192723373,2.93522919080967,0.122578671812745,0.716576087993794,0.280954428308984,0.296229581793757,0.0601827330637776,6666669.74218786,5.67799589865119,0.000277777777777778
21,1,0.0206164940043723,0.332276067979099,0.340909090909091,0.0142933615092784,0.0142933615092784,0.0212256670695138,1.76228797720105,2.87658213012924,0.114609361401171,0.686477751664162,0.299781338844072,0.281418102704069,0.058867631089994,6250003.42863179,5.43326415356055,0.000277777777777778
21,1,0.0236215332538909,0.351585078316357,0.363636363636364,0.00575439216527229,0.00575439216527229,0.0204521033243017,0.709659181111013,2.76823598267833,0.11073756396296,0.657690742279102,0.318446725000537,0.267347197568865,0.0578060527753644,5882356.69932165,5.15540503753411,0.000277777777777778
21,1,0.0250202377367912,0.372500423420234,0.386363636363636,-0.0716712822285044,0.0716712822285044,0.0230130622695118,8.51652553075766,3.05565046008229,0.111423066129101,0.630377358471602,0.336962107976016,0.303979837690422,0.0552805250933069,5555559.60351502,5.34213395382431,0.000277777777777778
21,1,0.0273249709114863,0.392509739832315,0.409090909090909,-0.0232708432569466,0.0232708432569466,0.0230259513188836,2.75607429267693,3.04067165171202,0.116794193960484,0.604698200246046,0.355339875837966,0.292603063352935,0.0530152490752328,5263162.18028104,5.20602555060603,0.000277777777777778
21,1,0.0287364273815751,0.413412332949003,0.431818181818182,0.00529149265824991,0.00529149265824991,0.0221392283858519,0.626886475344844,2.91998239289366,0.114904902881348,0.580208535377811,0.373592945029496,0.277972910185288,0.052307454809762,5000004.50640943,4.97706859684297,0.000277777777777778
21,1,0.0303733183137353,0.43408949160362,0.454545454545455,0.00148478036692712,0.00148478036692712,0.0211065059849056,0.175988159351271,2.78278268121655,0.108107343565925,0.556603475787217,0.391734515012583,0.264074264676024,0.0517021592418109,4761909.49420257,4.74844571886717,0.000277777777777778
21,1,0.0325380200761835,0.454238839427949,0.477272727272727,-0.0759653762844117,0.0759653762844117,0.0238494494998809,8.66384075406955,3.0768355848592,0.102697053194664,0.533908154657589,0.409777920239721,0.300870551442222,0.0501566575085111,4545459.50525599,4.92641822046728,0.000277777777777778
21,1,0.0351503034656515,0.496254655212035,0.522727272727273,-0.019465855667407,0.019465855667407,0.0234471899277633,2.21111373243897,2.99549404029672,0.0953955759496351,0.491298984121593,0.445624015910118,0.271535672676606,0.0488215211213837,4166672.07309055,4.70283261492851,0.000277777777777778
21,1,0.0372189656626489,0.516500042601814,0.545454545454545,-0.0268290058564098,0.0268290058564098,0.0236162807241956,3.03493950243218,2.99746631340349,0.0937578353181582,0.471421926681422,0.463453986416438,0.275789620760924,0.0474394471505633,4000005.61679794,4.63611689042866,0.000277777777777778
21,1,0.0395334114834455,0.536499646367794,0.568181818181818,-0.0376430411159649,0.0376430411159649,0.0243176187437841,4.22222498193484,3.05870424683006,0.0933487656511274,0.452518268629907,0.481240612160487,0.312000139722878,0.0457614095548791,3846159.65894088,4.62019797087121,0.000277777777777778
21,1,0.0424335163908479,0.555913591047169,0.590909090909091,-0.0562588152292482,0.0562588152292482,0.0259146785680573,6.19123415092054,3.21533074203458,0.0941020864124573,0.434597459519034,0.498998575805092,0.346400132736734,0.0445382273997012,3703709.69478592,4.67838449605822,0.000277777777777778
21,1,0.0466760520280426,0.573985104996751,0.613636363636364,-0.018019631120187,0.018019631120187,0.0255199261956638,1.98014365389593,3.15357138762765,0.0958121832099676,0.417658195703581,0.516743306973869,0.329080126099897,0.0432356293050342,3571434.72129664,4.58201875169528,0.000277777777777778
21,1,0.0500870646075925,0.592888142003978,0.636363636363636,-0.0338317108309569,0.0338317108309569,0.0259355154274284,3.694097422795,3.18059768938602,0.098660405823297,0.401708306209567,0.534491147560713,0.358026556137253,0.0418197271443329,3448282.14938222,4.55140077483665,0.000277777777777778
21,1,0.0524135389479703,0.612875717250377,0.659090909090909,0.041533515815618,0.041533515815618,0.0267154154468379,4.49133286935695,3.24613444838456,0.0955406979534686,0.386399925796762,0.552259469083759,0.39012522833039,0.0423261691615152,3333339.75996093,4.54939851132066,0.000277777777777778
21,1,0.0564169827128413,0.631186323072283,0.681818181818182,-0.0272175958675436,0.0272175958675436,0.0267405244678732,2.93203209811223,3.23042933087095,0.0908084662358502,0.371620352818716,0.570066719125726,0.389979580565617,0.0414059933223282,3225813.02616184,4.49722540121716,0.000277777777777778
21,1,0.0607077845169852,0.671523620441692,0.727272727272727,-0.0296134457028092,0.0296134457028092,0.0273370268186516,3.15339435849099,3.25743642898973,0.0872480600437405,0.343922645873022,0.60587680877066,0.428249664778616,0.0393277691810013,3030309.89865548,4.43780215328532,0.000277777777777778
21,1,0.0630525369100056,0.691492917635449,0.75,-0.0475031431091866,0.0475031431091866,0.0283453326331784,4.99732067541126,3.3444306413108,0.0889654780959644,0.331174787484169,0.623921000070809,0.456837181539685,0.0382821340301867,2941183.46752782,4.45425858040667,0.000277777777777778
21,1,0.0649218654649728,0.711937638667259,0.772727272727273,0.0344188713405109,0.0344188713405109,0.028649009568545,3.59912978793982,3.35716559864226,0.0930809380243831,0.31927009501118,0.64208618703375,0.481707414354476,0.0386593179167514,2857149.9611224,4.42982632919334,0.000277777777777778
21,1,0.0669865058185259,0.732187047900482,0.795454545454545,-0.0165813513874431,0.0165813513874431,0.0280456266594899,1.73215027036227,3.27591483222826,0.099562911382476,0.308284735829744,0.660393368579742,0.457622043636752,0.0382593401213879,2777784.9634218,4.35489088311469,0.000277777777777778
21,1,0.0689402183873119,0.752547384918473,0.818181818181818,-0.0289767941680523,0.0289767941680523,0.028092185034918,3.01474530639696,3.26285635593669,0.108467298654485,0.298293863970981,0.678862725528203,0.461027532667719,0.0375305548972725,2702709.94331225,4.31867073239259,0.000277777777777778
21,1,0.0706448188317209,0.773156834060841,0.840909090909091,0.00550992025609931,0.00550992025609931,0.0269630717959771,0.573444567741385,3.12838576652692,0.119891475015001,0.289373744523182,0.697512961008539,0.437976156034333,0.0373844306859233,2631586.21693237,4.2201121491123,0.000277777777777778
21,1,0.0710983476929329,0.795017354786406,0.863636363636364,-0.0338274883403673,0.0338274883403673,0.0273062926231966,3.50070545993721,3.14700175119744,0.134748933656228,0.281642503979835,0.716360587596419,0.461461160596267,0.036673096795907,2564109.83755484,4.20166582374883,0.000277777777777778
21,1,0.0724616411860386,0.815968110880077,0.886363636363636,-0.0278294047927932,0.0278294047927932,0.0273324482316764,2.86953515467133,3.13312842137113,0.154407986375374,0.275280778099612,0.73541919086741,0.460157412774301,0.0359029056325553,2500007.2535247,4.1683625570219,0.000277777777777778
21,1,0.0765797099862989,0.834164091666593,0.909090909090909,-0.0315716630103644,0.0315716630103644,0.0275444089706108,3.23989489595578,3.13846674510037,0.175463252239626,0.270289901806612,0.754698702656027,0.473652152412611,0.0351895674717802,2439031.60585822,4.14571700431297,0.000277777777777778
21,1,0.0779749390746808,0.855082912164989,0.931818181818182,-0.0338643117047024,0.0338643117047024,0.0278604041073154,3.45607887995486,3.15434735184309,0.203451121906044,0.266947962811584,0.774204719390481,0.495498331030966,0.0345330671628034,2380959.54179458,4.12929704897111,0.000277777777777778
21,1,0.0780876864471632,0.877284214379283,0.954545454545455,0.0386909736823018,0.0386909736823018,0.0284019325860647,3.92017390392914,3.19263867944739,0.237134740844716,0.26545730171324,0.793937901295197,0.520723414479418,0.0345584611208351,2325588.48772986,4.12443372001664,0.000277777777777778
21,1,0.0771582066763028,0.90052774373692,0.977272727272727,0.0281376834717575,0.0281376834717575,0.0283887201303494,2.84080708254263,3.17504709960215,0.276990528737126,0.266033963064435,0.813893486944629,0.517670249549768,0.03408888486887,2272734.28596854,4.09526038734678,0.000277777777777778
21,1,0.0744290040175661,0.925570995982434,1,0.213906934120793,0.213906934120793,0.0376646308298716,17.840231753324,3.90830633228825,0.365555549987627,0.271010042410594,0.834060954624282,0.541786737072279,0.0352370420122619,2222229.14040396,4.40070419547961,0.000277777777777778
21,2,0.0181818181818182,0,0,0,0,0,0,0,0,0,0,0,0.731588684108083,100000000,0,0.00012681877107589
21,2,0.013131847153237,0.027364020615358,0.0227272727272727,-0.111511025954447,0.111511025954447,0.00557555129772234,23.548020456456,1.1774010228228,4.63844967917151,0.231922483958575,0.0445432558367775,0.05,0.42099972345341,50000000.1077946,11.774010228228,0.00012681877107589
21,2,-0.00911435628214427,0.0719242736375162,0.0454545454545454,-0.0805944432191041,0.0805944432191041,0.00932649589379143,14.9924668067207,1.86815431201769,2.4127613839307,0.340964428957182,0.0891235887953249,0.0975,0.283524535741588,33333333.5433507,12.8468290877256,0.00012681877107589
21,2,-0.0313700210626259,0.116493988004775,0.0681818181818182,-0.0470536074139645,0.0470536074139645,0.0112128514698001,8.43980106696334,2.19673664976498,0.865714932741016,0.367201954146373,0.133697980032941,0.142625,0.219103491433616,25000000.4462917,11.745072082535,0.00012681877107589
21,2,-0.0588027299658987,0.166240746494824,0.0909090909090909,-0.0371689173956407,0.0371689173956407,0.0125106547660921,6.52655626233003,2.41322763039323,0.450854335020783,0.371384573190094,0.178226797299425,0.18549375,0.183851451763854,20000000.8006356,10.701368918494,0.00012681877107589
21,2,-0.0810888670482447,0.210840933163947,0.113636363636364,-0.094946642245747,0.094946642245747,0.0166324541400749,14.7535570995748,3.03024410385231,0.23690182728829,0.364660435895004,0.222673724697264,0.2262190625,0.155161633807321,16666668.0373893,11.3767336153408,0.00012681877107589
21,2,-0.104663490861423,0.256729606563903,0.136363636363636,-0.0603647615250944,0.0603647615250944,0.0188190695093258,8.99682233468331,3.32857301539386,0.170878526106584,0.354971340405583,0.267005515756543,0.264908109375,0.133833400393305,14285716.2966352,11.0367462895326,0.00012681877107589
21,2,-0.133019857464458,0.307400022753714,0.159090909090909,-0.074673893140484,0.074673893140484,0.0216118106908837,10.5029345819115,3.68729109371974,0.125798451011557,0.343512695935881,0.311191619927323,0.30166270390625,0.117196967968181,12500002.7532087,10.97001982608,0.00012681877107589
21,2,-0.159714062688908,0.356408277564941,0.181818181818182,-0.0604414677898428,0.0604414677898428,0.0235532935458317,8.21348641219306,3.91360085964341,0.110437590539081,0.331858940666041,0.355203738098785,0.336579568710937,0.105208499921476,11111114.5645064,10.6637383356481,0.00012681877107589
21,2,-0.183090278446266,0.402098542909076,0.204545454545455,-0.0444107997418377,0.0444107997418377,0.024596168855632,5.93092547729412,4.01446709052594,0.119103007922719,0.321221144028875,0.399015364934725,0.369750590275391,0.096756964305631,10000003.9476651,10.1904570498127,0.00012681877107589
21,2,-0.207335423762875,0.448657737812462,0.227272727272727,-0.0782355120947655,0.0782355120947655,0.0272781360175887,9.92512472179662,4.30999997208947,0.104027290315119,0.310361451343187,0.442601374591122,0.401263060761621,0.087981799518584,9090913.55359212,10.166335929084,0.00012681877107589
21,2,-0.233100540300441,0.496736903936804,0.25,-0.0350767360318982,0.0350767360318982,0.0276680660183041,4.40865777511195,4.3149328622406,0.0953312925932194,0.299609943405689,0.485937701846511,0.43119990772354,0.0833446494808632,8333338.2982707,9.68652941625295,0.00012681877107589
21,2,-0.258411641913152,0.544362055136292,0.272727272727273,-0.0523968061334936,0.0523968061334936,0.0289045030240636,6.45031892690856,4.421702165474,0.0935207393530739,0.289305483203058,0.529001163089045,0.459639912337363,0.0789062178310778,7692313.09785106,9.43759014784185,0.00012681877107589
21,2,-0.278393507142181,0.586657969952098,0.295454545454545,-0.0744118237162583,0.0744118237162583,0.0311798690586733,8.80280844456507,4.64075747942855,0.0976340527540922,0.27972191168061,0.571769451377894,0.486657916720495,0.0736405115938068,7142862.89388513,9.39224859760779,0.00012681877107589
21,2,-0.299384672050734,0.629963184447428,0.318181818181818,-0.0514343126420704,0.0514343126420704,0.0321925912378432,5.97788659631127,4.70761393527268,0.0910357708110134,0.27028760463713,0.614221327476367,0.51232502088447,0.0701983163273439,6666672.76660566,9.16462446418802,0.00012681877107589
21,2,-0.318627250252005,0.671519812235476,0.340909090909091,-0.0319383119178669,0.0319383119178669,0.0321798772718444,3.68849649557843,4.65665806328797,0.087249237479667,0.261135686279257,0.656337014991918,0.524654879753108,0.0681941857046398,6250006.43503144,8.82236646614992,0.00012681877107589
21,2,-0.341746501349629,0.716953112919877,0.363636363636364,-0.040114873829407,0.040114873829407,0.0325766270997225,4.58610787620452,4.6531305539338,0.0945089778885271,0.25280435085972,0.698098793280747,0.548422135765453,0.0665803536163621,5882359.62008873,8.57317478438843,0.00012681877107589
21,2,-0.360209288199922,0.757729949356947,0.386363636363636,-0.0468208694897077,0.0468208694897077,0.0332888392192218,5.28025930813347,4.68448699164378,0.111186750718035,0.245723470852636,0.739491767348609,0.57100102897718,0.0647202339291412,5555562.36307699,8.3902350357076,0.00012681877107589
21,2,-0.384240971414306,0.804075682158108,0.409090909090909,-0.0766141700398295,0.0766141700398295,0.0354551057602521,8.33859382930452,4.86719233352682,0.142632457911889,0.240568920205599,0.780504780373722,0.592450977528321,0.062393450218384,5263164.71296909,8.38751707747586,0.00012681877107589
21,2,-0.403307869461952,0.84545662979253,0.431818181818182,-0.0896410311917508,0.0896410311917508,0.0381644020318271,9.3270571027367,5.09018557198731,0.190675894163641,0.238074268903501,0.821131422426427,0.612828428651905,0.0597417646845582,5000006.73954571,8.4344940787389,0.00012681877107589
21,2,-0.421696538606788,0.886159348524143,0.454545454545455,-0.0674530119621561,0.0674530119621561,0.0396288325283435,6.85496135251436,5.17842436101366,0.253167696518994,0.238828940284275,0.861371079127011,0.63218700721931,0.0582506401384317,4761911.36861263,8.35927823463297,0.00012681877107589
21,2,-0.446057523387383,0.932834382891515,0.477272727272727,-0.109804286445713,0.109804286445713,0.043137605224212,10.5276679101645,5.44588653847121,0.4511982198106,0.249447404260592,0.901229956927916,0.650577656858344,0.0566957418378948,4545460.95259936,8.45784140170258,0.00012681877107589
21,2,-0.451666809481666,0.983071768159352,0.522727272727273,-0.312480212211114,0.312480212211114,0.0619160556124482,20.595394678977,6.58365479785367,14.1670013906948,1.14116399466165,0.979869756204202,0.684646335314656,0.0591159236411486,4166672.55235339,9.17166489032032,0.00012681877107589
21,2,-0.437753676842779,0.991472685107242,0.545454545454545,-0.300362888398382,0.300362888398382,0.0738383972517449,16.7858817281714,7.09376614436956,14.1670013906948,1.79245586446331,1.01870475282203,0.700414018548923,0.0632639751618091,4000005.65308272,9.47623356383436,0.00012681877107589
21,2,-0.417702977021143,0.993736034872383,0.568181818181818,-0.324288849065877,0.324288849065877,0.0863609198424515,15.7297560323191,7.52556563876704,14.1670013906948,2.41118314077488,1.05726794953781,0.715393317621477,0.0678388791186681,3846159.28452517,9.71675365877609,0.00012681877107589
21,2,-0.397493810825231,0.995840918263247,0.590909090909091,-0.269648130676686,0.269648130676686,0.0955252803841632,12.0915338560598,7.75386404963168,14.1670013906948,2.99897405327088,1.09560959611806,0.729623651740403,0.0732273539895722,3703708.94326819,9.80470848089771,0.00012681877107589
21,2,-0.374719234470437,0.995380391495231,0.613636363636364,-0.38153190811223,0.38153190811223,0.109825611770567,15.0533523515309,8.11883846472664,14.1670013906948,3.55737542014208,1.13378883522266,0.743142469153383,0.0776275816602266,3571433.6263867,9.99216004770603,0.00012681877107589
21,2,-0.353567118625461,0.996542325237031,0.636363636363636,-0.329055492019738,0.329055492019738,0.120787105783025,12.0152478337689,8.31365893317875,14.1670013906948,4.08785671866971,1.17187290600377,0.755985345695714,0.0826096449853162,3448280.74515221,10.0619216955013,0.00012681877107589
21,2,-0.331650513945391,0.996939770143738,0.659090909090909,-0.324950937790193,0.324950937790193,0.130995297383384,11.1139777089862,8.45367487196912,14.1670013906948,4.59181395227096,1.20993596393485,0.768186078410928,0.0875581091292556,3333338.05600003,10.0969902292841,0.00012681877107589
21,2,-0.309948572554772,0.997551878339896,0.681818181818182,-0.277746193802755,0.277746193802755,0.138332842204352,9.10202506904638,8.48609238182298,14.1670013906948,5.07057332419216,1.24805753227317,0.779776774490382,0.0927448266333262,3225811.02421249,10.0648945789539,0.00012681877107589
21,2,-0.287485025654331,0.997402381026232,0.704545454545455,-0.316939407256918,0.316939407256918,0.14726317045698,9.87225360006738,8.5554004427352,14.1670013906948,5.52539472751729,1.28632061845975,0.790787935765863,0.0976397406183721,3125004.43191168,10.0588745483637,0.00012681877107589
21,2,-0.265181447677579,0.997412852636257,0.727272727272727,-0.338388629168648,0.338388629168648,0.156819443392564,10.0040278527365,8.62783181323527,14.1670013906948,5.95747506067616,1.32480954590143,0.801248538977569,0.102158979621843,3030307.33005335,10.0572125272841,0.00012681877107589
21,2,-0.243212053507424,0.997757508052878,0.75,-0.306943150075421,0.306943150075421,0.164325628726707,8.72639878961424,8.63276016205421,14.1670013906948,6.3679513771771,1.36360756714087,0.811186112028691,0.106599242839698,2941180.64595138,10.0180709467644,0.00012681877107589
21,2,-0.220991739705897,0.997851243838129,0.772727272727273,-0.305954858253141,0.305954858253141,0.171407090203028,8.39071230540671,8.62065776922184,14.1670013906948,6.75790387785298,1.40279433763785,0.820626806427256,0.110935185080587,2857146.91522667,9.97157498558272,0.00012681877107589
21,2,-0.198695325161108,0.997868878880117,0.795454545454545,-0.315236051196035,0.315236051196035,0.178598538252679,8.34310545743166,8.60678015363233,14.1670013906948,7.12835875349507,1.44244333959052,0.829595466105894,0.114938837602565,2777781.72509778,9.92633972091186,0.00012681877107589
21,2,-0.176076733950759,0.997564337256544,0.818181818181818,-0.38173744206601,0.38173744206601,0.188755483443345,9.62827416027725,8.65785485396457,14.1670013906948,7.48029088535506,1.48261935187218,0.838115692800599,0.118500081392281,2702706.54524613,9.91828389494876,0.00012681877107589
21,2,-0.154380930480196,0.998182583372758,0.840909090909091,-0.290454683266895,0.290454683266895,0.193840443434523,7.14029474217727,8.58197684837521,14.1670013906948,7.81462641062204,1.52337606485704,0.846209908160569,0.122393113942196,2631582.69064982,9.84517891724425,0.00012681877107589
21,2,-0.13140548648004,0.997521188959379,0.863636363636364,-0.421511637307903,0.421511637307903,0.205224003128192,9.85136844336089,8.64544642812449,14.1670013906948,8.13224515962568,1.56475393743405,0.85389941275254,0.12548628611088,2564106.2132123,9.84533762304211,0.00012681877107589
21,2,-0.109812194153221,0.998241946219337,0.886363636363636,-0.303830416074204,0.303830416074204,0.210154323775492,6.93174797997776,8.55976150571716,14.1670013906948,8.43398297117914,1.60677838782575,0.861204442114913,0.12873593234929,2500003.55964666,9.7724978819655,0.00012681877107589
21,2,-0.0872781382160751,0.998021939868967,0.909090909090909,-0.352029497174924,0.352029497174924,0.217248082445464,7.78791449252034,8.52116915505731,14.1670013906948,8.72063389215492,1.64945840008788,0.868144220009168,0.131646842137825,2439027.86479153,9.7240934090522,0.00012681877107589
21,2,-0.0652486707056109,0.99830652194528,0.931818181818182,-0.305882904964537,0.305882904964537,0.221679823571418,6.62037051141344,8.42612922287512,14.1670013906948,8.99295226708191,1.69278561469877,0.874737009008709,0.134334706051204,2380955.77445332,9.65019524482271,0.00012681877107589
21,2,-0.0432569853591047,0.998628886185551,0.954545454545455,-0.248274628653533,0.248274628653533,0.223009563825523,5.30016418239269,8.269830970851,14.1670013906948,9.25165472326256,1.73673395495798,0.881000158558274,0.136583199403784,2325584.7115727,9.54903173174294,0.00012681877107589
21,2,-0.0208526433229537,0.998538593736177,0.977272727272727,-0.26660226399022,0.26660226399022,0.225189198833758,5.60413869651989,8.13654635713444,14.1670013906948,9.49742205663417,1.78125982165378,0.88695015063036,0.138013256220284,2272730.51518665,9.45937507185151,0.00012681877107589
21,2,0,1,1,0.0199021271612638,0.0199021271612638,0.214924845250133,0.418527264274388,7.75064540249144,14.1670013906948,9.7309010233372,1.82630286740201,0.842602643098842,0.135317966285042,2222225.39419554,9.25846734279424,0.00012681877107589
21,3,0.0181818181818182,0,0,0,0,0,0,0,0,0,0,0,0.731590721409357,100000000,0,0.00012713119387609
21,3,0.000383658017544433,0.0401122097510506,0.0227272727272727,-0.042537970524005,0.042537970524005,0.00212689852620025,12.3835553980274,0.619177769901373,5.04319161402767,0.252159580701384,0.0439850288544102,0.05,0.379260398236907,50000000.0991436,6.19177769901372,0.00012713119387609
21,3,-0.0198378521421575,0.0826477694975294,0.0454545454545454,-0.107892941594511,0.107892941594511,0.0074152006796158,22.2905188402582,1.70274482341922,1.82366939927085,0.330735071629857,0.0881784420432976,0.0975,0.253125686472499,33333333.5822107,11.5580247460952,0.00012713119387609
21,3,-0.0447969600860527,0.129920927028201,0.0681818181818182,-0.0321917373276106,0.0321917373276106,0.00865402751201554,6.51149887933611,1.94318252621506,0.74187370735427,0.351292003416078,0.132550003730967,0.131568847746498,0.201219709697373,25000000.5236426,10.2963932794055,0.00012713119387609
21,3,-0.0715971014484214,0.179035117977347,0.0909090909090909,-0.107594177620117,0.107594177620117,0.0136010350174206,17.9339792343731,2.74272236162296,0.365474780150333,0.352001142252791,0.177064442942189,0.174990405359174,0.16301332116028,20000000.9661475,11.823910470399,0.00012713119387609
21,3,-0.0919445082711224,0.221696574386825,0.113636363636364,-0.0857142497772627,0.0857142497772627,0.0172066957554127,13.0252708451494,3.25684978579928,0.219187520311473,0.345360461155725,0.221681188608985,0.216240885091215,0.137943747222653,16666668.2321735,12.024137199524,0.00012713119387609
21,3,-0.120351526971519,0.272417642673999,0.136363636363636,0.00788939271202738,0.00788939271202738,0.0167408306032434,1.1986223351688,3.15393841326776,0.154029595300488,0.335793917862963,0.266354321819401,0.205428840836654,0.127957395611261,14285716.5550428,10.4776350760447,0.00012713119387609
21,3,-0.147690675283826,0.322070840573083,0.159090909090909,-0.0529617126678272,0.0529617126678272,0.0185518747064726,7.80157318296824,3.38632015175278,0.11831615553947,0.324920029746788,0.311032786172139,0.245157398794821,0.11539316224645,12500003.0421539,10.1431273394102,0.00012713119387609
21,3,-0.17627403238338,0.372968247259413,0.181818181818182,-0.074788756476333,0.074788756476333,0.0213637187949656,10.4082006413343,3.73741417623186,0.111521084544707,0.314250082486684,0.355660885065442,0.28289952885508,0.10322464638099,11111114.8115717,10.1725799285128,0.00012713119387609
21,3,-0.207764703188143,0.426772967650953,0.204545454545455,-0.0973634130463319,0.0973634130463319,0.025163703507534,12.4599523879675,4.17354108681864,0.110273087905344,0.304051232757617,0.400179080572991,0.318754552412326,0.0937498586058339,10000004.2372541,10.4013171744583,0.00012713119387609
21,3,-0.233283332936139,0.474605646985725,0.227272727272727,-0.0248253427960963,0.0248253427960963,0.0251467854719621,3.16264316052298,4.12299619050386,0.0985044318112652,0.2937738927103,0.444525092953122,0.31275911926453,0.0887619482969466,9090913.86585167,9.74325590046419,0.00012713119387609
21,3,-0.256698663242589,0.520335026878953,0.25,-0.0542667425248582,0.0542667425248582,0.0266027833246069,6.75706331712417,4.25469954683487,0.093580842519962,0.283764240200783,0.488635283551017,0.347121163301303,0.0833100876635521,8333338.60085968,9.49440651851919,0.00012713119387609
21,3,-0.285045866929824,0.570996280152965,0.272727272727273,-0.137586911338689,0.137586911338689,0.032151989725311,15.0690784292888,4.79541849095757,0.0955004289431199,0.274351049637899,0.532446287682704,0.379765105136238,0.0790474862798979,7692313.36011333,9.92322743473223,0.00012713119387609
21,3,-0.312371691166232,0.620636153976149,0.295454545454545,-0.0890548230001316,0.0890548230001316,0.034997131389052,9.32463486562166,5.02187930969077,0.0932346438946376,0.265295229350736,0.575896848839484,0.410776849879426,0.0734344783251048,7142863.17193573,9.88047082265291,0.00012713119387609
21,3,-0.336796643238694,0.667375155635388,0.318181818181818,0.0247271967271305,0.0247271967271305,0.0344836346559559,2.58175069967922,4.8998728791902,0.0871808918838173,0.25638951247739,0.618929791996551,0.399793900011953,0.0739665723350997,6666673.05850024,9.39388948112133,0.00012713119387609
21,3,-0.359318523443094,0.712211085426565,0.340909090909091,-0.0778964106798088,0.0778964106798088,0.0366542734571486,7.88046746902526,5.04890260868195,0.0932172362193363,0.248230898664488,0.661494062658354,0.429804205011355,0.0709003645180433,6250006.66282084,9.29930060536532,0.00012713119387609
21,3,-0.383222480800848,0.758429092371096,0.363636363636364,-0.132890428791449,0.132890428791449,0.0414660812238636,12.3775564623962,5.41533530136766,0.111670829472896,0.241402895204908,0.703546750132837,0.458313994760788,0.0674333853062555,5882359.73882491,9.48037447930832,0.00012713119387609
21,3,-0.403067644393337,0.800588305550362,0.386363636363636,-0.091101797246179,0.091101797246179,0.0439478670249793,8.19923425114979,5.55453024885677,0.139305612046415,0.236298031046983,0.745055008873756,0.485398295022748,0.0641154676528014,5555562.37436029,9.4092000221884,0.00012713119387609
21,3,-0.425226897459779,0.845061608203581,0.409090909090909,-0.0866121641342952,0.0866121641342952,0.0460810818804451,7.57217322036483,5.65541239743217,0.189987335842166,0.233982496286743,0.785997790886852,0.511128380271611,0.0618582280323215,5263164.63168389,9.31251440103979,0.00012713119387609
21,3,-0.445003986305718,0.887152746636297,0.431818181818182,-0.0587358257718069,0.0587358257718069,0.0467138190750132,5.07112938583351,5.62619824685224,0.254621801977266,0.235014461571269,0.826367305312351,0.53557196125803,0.0609706122040226,5000006.59646937,9.10044515027948,0.00012713119387609
21,3,-0.463123887359347,0.927586697276703,0.454545454545455,-0.0959083238672243,0.0959083238672243,0.0491735443146238,8.01420267779783,5.74559846839952,0.397578778212481,0.243142677403329,0.866170128342862,0.558793363195129,0.0597116923742058,4761911.16402915,9.04871931825654,0.00012713119387609
21,3,-0.480933925147269,0.967710784651401,0.477272727272727,-0.122502666717744,0.122502666717744,0.0528400004347798,9.74332790730505,5.94548494034479,1.80417487279638,0.321194287172982,0.905427897400751,0.580853695035372,0.0594340588168224,4545460.68176737,9.08029243594057,0.00012713119387609
21,3,-0.471643077491428,0.980733986582337,0.5,-0.344317013122639,0.344317013122639,0.0674138510691727,20.7076016418344,6.68359077541928,14.1670013906948,1.01348464234907,0.944177537596482,0.601811010283604,0.0615233431740732,4347831.95954212,9.58582761880552,0.00012713119387609
21,3,-0.458254808346929,0.989659767024615,0.522727272727273,-0.378372186680512,0.378372186680512,0.0829617678497397,18.4766452630784,7.27324349980223,14.1670013906948,1.67116047976636,0.982470985374804,0.621720459769423,0.0648746765203449,4166672.2975023,9.95627835398355,0.00012713119387609
21,3,-0.440493060862655,0.994212069127118,0.545454545454545,-0.300309960980018,0.300309960980018,0.0938291775062536,13.30928333592,7.57504549160812,14.1670013906948,2.29595252531278,1.02037439324879,0.640634436780952,0.0700869976996638,4000005.40842567,10.090398553261,0.00012713119387609
21,3,-0.41888380856919,0.99491686642043,0.568181818181818,-0.346881772531659,0.346881772531659,0.106481807257524,13.8316369861889,7.88787506633716,14.1670013906948,2.88950496858188,1.05796681983555,0.658602714941905,0.0750661409337195,3846159.04927802,10.2342923391429,0.00012713119387609
21,3,-0.397523886538066,0.995870993976082,0.590909090909091,-0.343196892944707,0.343196892944707,0.118317561541883,12.5644494650158,8.12170378627109,14.1670013906948,3.45337978968753,1.09533843018273,0.675672579194809,0.0801171984267526,3703708.71673389,10.3205944549159,0.00012713119387609
21,3,-0.375934060264171,0.996595217288965,0.613636363636364,-0.325829568510467,0.325829568510467,0.128693161890312,11.1658599776048,8.27391159583777,14.1670013906948,3.98906086973789,1.1325882517186,0.691888950235069,0.0855019216680563,3571433.40794291,10.3507825092977,0.00012713119387609
21,3,-0.35390437727309,0.99687958388466,0.636363636363636,-0.335352891884662,0.335352891884662,0.13902614839003,10.8058467835277,8.40050835522227,14.1670013906948,4.49795789578573,1.16982155018116,0.707294502723316,0.0907967713481489,3448280.53424097,10.3664743808228,0.00012713119387609
21,3,-0.331779600802777,0.997068857001124,0.659090909090909,-0.34771300028306,0.34771300028306,0.149460490984681,10.5655404758446,8.50875996125339,14.1670013906948,4.98141007053119,1.2071469067416,0.72192977758715,0.0958574779259908,3333337.85211915,10.3731099173236,0.00012713119387609
21,3,-0.309884047989703,0.997487353774827,0.681818181818182,-0.319080368225318,0.319080368225318,0.157941484846713,9.27385274830144,8.54701460060579,14.1670013906948,5.44068963653937,1.24467309147286,0.735833288707792,0.100701511822352,3225810.82690843,10.3376500086454,0.00012713119387609
21,3,-0.265516983756281,0.997748388714958,0.727272727272727,-0.312387059267079,0.312387059267079,0.170790119463971,8.50324350207634,8.49556177607359,14.1670013906948,6.29150503256952,1.32074463594378,0.761589543058783,0.11059489639612,3030307.1447071,10.1963716925053,0.00012713119387609
21,3,-0.243084372617151,0.997629827162606,0.75,-0.347588193839133,0.347588193839133,0.179630023182729,9.068567171649,8.52421204585236,14.1670013906948,6.68527985047579,1.35947964055349,0.773510065905843,0.114880081259908,2941180.4660565,10.1632009713037,0.00012713119387609
21,3,-0.220866229812061,0.997725733944293,0.772727272727273,-0.350008442158239,0.350008442158239,0.188148944131504,8.77729433198881,8.53686616015918,14.1670013906948,7.05936592748674,1.39878883458863,0.784834562610551,0.118904485242282,2857146.74047164,10.1236036387518,0.00012713119387609
21,3,-0.1987776681095,0.997951221828508,0.795454545454545,-0.326315782084852,0.326315782084852,0.195057286029172,7.92590717662337,8.50631821098239,14.1670013906948,7.41474770064714,1.43873552259107,0.795592834480024,0.122776466184213,2777781.55519706,10.0625565148038,0.00012713119387609
21,3,-0.176284928997379,0.997772532303164,0.818181818181818,-0.371139820053565,0.371139820053565,0.203861412730391,8.67328370628044,8.51466648574729,14.1670013906948,7.75236038514952,1.47936626465184,0.805813192756023,0.126440837524644,2702706.37993731,10.0250086010599,0.00012713119387609
21,3,-0.154635938178007,0.998437591070569,0.840909090909091,-0.26293744470489,0.26293744470489,0.206815214329116,6.03475940978347,8.3906711319491,14.1670013906948,8.07309243542679,1.52070932253482,0.815522533118221,0.130214237052273,2631582.52969124,9.92000204339475,0.00012713119387609
21,3,-0.132084562190254,0.998200264669593,0.863636363636364,-0.309599892857516,0.309599892857516,0.211954448255536,6.93615677235706,8.3179454139695,14.1670013906948,8.37778788319019,1.56277367817318,0.82474640646231,0.133641489283213,2564106.05638086,9.84349319029122,0.00012713119387609
21,3,-0.109612904721457,0.998042656787573,0.886363636363636,-0.347049751343885,0.347049751343885,0.218709213409954,7.55386009704621,8.27974114812333,14.1670013906948,8.66724855856542,1.60554866308401,0.833509086139195,0.136708032146869,2500003.40673601,9.78625236296009,0.00012713119387609
21,3,-0.0875446540037232,0.998288455656616,0.909090909090909,-0.308922051981423,0.308922051981423,0.223219855338527,6.58008953399703,8.19475856741702,14.1670013906948,8.94223620017188,1.64900421482602,0.841833631832235,0.139535310004439,2439027.71561041,9.70805326957075,0.00012713119387609
21,3,-0.0650600379642997,0.998117889203969,0.931818181818182,-0.34891293220016,0.34891293220016,0.229504509181609,7.23821737838545,8.14693150796544,14.1670013906948,9.20347445969803,1.69309175348435,0.849741950240623,0.142024128970968,2380955.62882413,9.64924765311395,0.00012713119387609
21,3,-0.0432041197699087,0.998576020596355,0.954545454545455,-0.265679994730157,0.265679994730157,0.231313283459036,5.43233007579535,8.01120143635693,14.1670013906948,9.45165080624787,1.73774564825035,0.857254852728592,0.144082853880237,2325584.56933023,9.55117980247864,0.00012713119387609
21,3,-0.0209300963296484,0.998616046742872,0.977272727272727,-0.259799858933191,0.259799858933191,0.232737612232744,5.24124923360248,7.87270382621921,14.1670013906948,9.68741833547021,1.78288522241037,0.864392110092163,0.145332427356981,2272730.37617697,9.45322683500418,0.00012713119387609
21,3,0.000225528849622458,0.999774471150378,1,-0.0416710985703768,0.0416710985703768,0.223184286549626,0.840803556560858,7.52110881273629,14.1670013906948,9.91139748823144,1.82841722535304,0.871172504587555,0.142483052867638,2222225.25827496,9.26183965103877,0.00012713119387609
23,1,0.0181818181818182,0,0,0,0,0,0,0,0,0,0,0,0.731771041488147,100000000,0,0.000277777777777778
23,1,0.00605869093086082,0.0344371768377342,0.0227272727272727,0.157992620321769,0.157992620321769,0.00789963101608844,26.7240852370834,1.33620426185417,14.6515908067807,0.732579540339037,0.020713125237487,0.05,0.373188040210193,50000000.034126,13.3620426185417,0.000277777777777778
23,1,0.00656670588133459,0.0562432114740373,0.0454545454545454,-0.0163944296308745,0.0163944296308745,0.00832437094682774,2.76385011427962,1.40758655447544,3.86701521162151,0.88930132390316,0.041408157274917,0.0475,0.249671704368062,33333333.4422831,9.82931178378768,0.000277777777777778
23,1,0.00831512030651971,0.076808846635629,0.0681818181818182,-0.03636022982651,0.03636022982651,0.00972616389081185,6.0206669002434,1.63824057176384,2.40908200215366,0.965290357815685,0.0620469002331819,0.095125,0.190174805652199,25000000.1854863,8.87715056290161,0.000277777777777778
23,1,0.00820620663907981,0.0992318098898458,0.0909090909090909,-7.68777153004052e-06,7.68777153004052e-06,0.00924024008484776,0.00127360778241189,1.55639222356477,1.08984049664904,0.971517864757353,0.082594549942943,0.09036875,0.157744293905638,20000000.3319021,7.10197517187777,0.000277777777777778
23,1,0.00938357646862195,0.120368489647081,0.113636363636364,-0.0656579375864141,0.0656579375864141,0.0120611249599261,10.290450456933,1.99309513523318,0.832710003839988,0.964577471711485,0.103020419574515,0.1358503125,0.135320649636071,16666667.1434015,7.63338771938698,0.000277777777777778
23,1,0.00892245197241698,0.143143663730062,0.136363636363636,0.0304141963508839,0.0304141963508839,0.012978778529474,4.71581888683149,2.1292313228131,0.630003032785967,0.947848749765209,0.123298478019871,0.16100345179974,0.123635631193065,14285714.9211004,7.21659217187906,0.000277777777777778
23,1,0.0116000639533456,0.162780101335911,0.159090909090909,-0.0869500251694779,0.0869500251694779,0.0166773408614742,12.4070766042573,2.64312358688531,0.476182404973237,0.92426543252561,0.143407694011929,0.202953279209753,0.112676354624996,12500000.8184673,7.86540272592634,0.000277777777777778
23,1,0.0111811703407661,0.185513044535267,0.181818181818182,-0.0388058693149032,0.0388058693149032,0.0177837672841456,5.45694928014728,2.78381487154841,0.332278903458439,0.894666106072252,0.163332187468012,0.242805615249265,0.100374736927775,11111112.1730287,7.59779678750644,0.000277777777777778
23,1,0.0115483148299357,0.207459949632874,0.204545454545455,-0.00645456075028505,0.00645456075028505,0.0172173069574526,0.907731593031003,2.69001070762254,0.243717215764084,0.862118661556843,0.183061197627733,0.230665334486802,0.0930839755983526,10000001.3660374,6.9287902680589,0.000277777777777778
23,1,0.0138102382521487,0.227512075797438,0.227272727272727,-0.0302496999330266,0.0302496999330266,0.0178689266062313,4.21823227927209,2.76642178620501,0.210776237818744,0.829551540369938,0.2025888848658,0.25043009899485,0.085499558449861,9090910.76406748,6.68237590544192,0.000277777777777778
23,1,0.0154481098057882,0.248188253830575,0.25,-0.0787555836440545,0.0787555836440545,0.0209132594581224,10.3790471532046,3.147053054555,0.181641601515277,0.797156043427205,0.221913989284984,0.287908594045108,0.0806820638211796,8333335.32584075,6.99043184275548,0.000277777777777778
23,1,0.0158626010496377,0.270087812173503,0.272727272727273,-0.00320170562219291,0.00320170562219291,0.020027681766326,0.4221201553139,3.01080640959294,0.156402204520688,0.765118351481879,0.241039374077229,0.273513164342852,0.0766574729016133,7692310.02337391,6.48517709756766,0.000277777777777778
23,1,0.01469031948612,0.293574143323797,0.295454545454545,-0.0392909018388412,0.0392909018388412,0.0209908427699517,5.11455719027628,3.11599394862711,0.135325661742989,0.733628716994935,0.259971484992276,0.30983750612571,0.0721636859386062,7142859.83524587,6.38727567561828,0.000277777777777778
23,1,0.0169417119047447,0.313636800491949,0.318181818181818,-0.0589983909533824,0.0589983909533824,0.0228912201791233,7.46650339963435,3.33351942117747,0.122409836933335,0.703067772991855,0.278719758959084,0.344345630819424,0.0680572506847829,6666669.72418136,6.45922419055268,0.000277777777777778
23,1,0.0173143671338791,0.335578194849592,0.340909090909091,-0.0232544314995859,0.0232544314995859,0.0229093807451464,2.93174107502259,3.31343050386973,0.113640977672411,0.673596433225882,0.297296014931085,0.330885953607531,0.0649044557350913,6250003.41639769,6.23875649583205,0.000277777777777778
23,1,0.0204485217352579,0.35475808983499,0.363636363636364,-0.0103548197506944,0.0103548197506944,0.0222816526954238,1.30499715057996,3.21300883620524,0.110514047202304,0.645442313924704,0.315713858417527,0.314341655927155,0.062565119219922,5882356.68888156,5.94853535787605,0.000277777777777778
23,1,0.0224802604500464,0.375040400706978,0.386363636363636,0.0286087760760769,0.0286087760760769,0.0225980088644565,3.5840669306593,3.23156174092794,0.111834840343827,0.61876194024566,0.333988128042663,0.323462274217714,0.0623504538634966,5555559.5918191,5.81717600080845,0.000277777777777778
23,1,0.025189416843888,0.394645293899914,0.409090909090909,-0.0433747303725687,0.0433747303725687,0.0236368449398621,5.35803638985391,3.33788547337424,0.117661903464732,0.593706938406613,0.352134408035733,0.357289160506828,0.0594775307602445,5263162.16587744,5.79301075812663,0.000277777777777778
23,1,0.0273741302586423,0.414774630071936,0.431818181818182,-0.0424161807547971,0.0424161807547971,0.0245758117306088,5.17166934176729,3.42957466679389,0.114401560979856,0.569741669535275,0.370168625051751,0.389424702481487,0.0565898080993809,5000004.49464054,5.76194368730867,0.000277777777777778
23,1,0.0306267086568071,0.433836101260548,0.454545454545455,-0.0443359400823335,0.0443359400823335,0.0255638181481951,5.33103655215691,3.52464776106204,0.108169389156812,0.546663055516352,0.388106741458154,0.419953467357413,0.0540801151245234,4761909.48274145,5.74142429992049,0.000277777777777778
23,1,0.0350641479607733,0.451712711543359,0.477272727272727,-0.0827223908885029,0.0827223908885029,0.0284217467852104,9.49270874785234,3.82305081040156,0.103306328114069,0.524495219146238,0.405964550530923,0.448955793989542,0.0532269034249722,4545459.49170544,5.91193722937193,0.000277777777777778
23,1,0.0405598849338328,0.490845073743853,0.522727272727273,-0.0932115007648795,0.0932115007648795,0.0306207674267086,10.1389837387416,3.99278423866032,0.0960286293371232,0.482869070320493,0.441501041800464,0.455182604075561,0.0509446096275026,4166672.05477084,5.87290160317521,0.000277777777777778
23,1,0.0440083504007881,0.509710657863675,0.545454545454545,-0.0284131360766873,0.0284131360766873,0.0305103858592075,3.07747815498354,3.94701893447648,0.0941694376925662,0.463434088689097,0.459209977345528,0.456490938740631,0.048918638892707,4000005.59734627,5.76108466524754,0.000277777777777778
23,1,0.0471172664578237,0.528915791393416,0.568181818181818,-0.0341259429742977,0.0341259429742977,0.0306911637149621,3.67306121790863,3.93332104864809,0.0933621697733841,0.444930492743311,0.476899308008211,0.480225222411071,0.0471107781420025,3846159.6401782,5.68077607111912,0.000277777777777778
23,1,0.0495110156462024,0.548836091791814,0.590909090909091,-0.00211028124731127,0.00211028124731127,0.0292621195915795,0.22724267235375,3.74801712983337,0.0936938366451302,0.427368659938402,0.49458404004346,0.456213961290517,0.0463282559902482,3703709.6784331,5.47879335264633,0.000277777777777778
23,1,0.0518550727544135,0.56880608427038,0.613636363636364,-0.114648449090036,0.114648449090036,0.0335314360665024,11.5053882281865,4.13588568475103,0.0952346058684554,0.410761957234905,0.512279436085103,0.483403263225991,0.0463000190954086,3571434.70778852,5.69402888391562,0.000277777777777778
23,1,0.055505755339068,0.587469451272502,0.636363636363636,0.0108750960055328,0.0108750960055328,0.0323986190634539,1.09125113823222,3.98365395742509,0.0977294122743728,0.395110329986878,0.53000118174627,0.459233100064692,0.0455302309466093,3448282.1396694,5.53531240992654,0.000277777777777778
23,1,0.0586158074505512,0.606673448747796,0.659090909090909,-0.0445553788830626,0.0445553788830626,0.0330064570544343,4.42901424907514,4.00592197200759,0.097543076305495,0.380231967302809,0.547765514354074,0.486271445061457,0.0440387930985653,3333339.74340978,5.49843580456483,0.000277777777777778
23,1,0.0603487184857409,0.627254587299383,0.681818181818182,-0.0677058343244163,0.0677058343244163,0.0347414259179334,6.58599032911046,4.13492538986273,0.0916441794900088,0.365802577912169,0.565589290719253,0.511957872808384,0.0431233669872504,3225813.0069052,5.53351820858243,0.000277777777777778
23,1,0.0665707395321233,0.665660665426554,0.727272727272727,-0.017657672505512,0.017657672505512,0.0334451175232013,1.71158908736999,3.93456582955878,0.0871824066277031,0.338687964085846,0.601485527309771,0.473762216980494,0.0411618909060535,3030309.8792523,5.32479888652431,0.000277777777777778
23,1,0.0671614305835332,0.687384023961921,0.75,-0.04653609071989,0.04653609071989,0.0340996661830357,4.46781116513635,3.96122809633766,0.0884242578495647,0.326174778774032,0.619594197496765,0.500074106131469,0.0400525374239926,2941183.45071881,5.29959336530702,0.000277777777777778
23,1,0.0701283563364046,0.706731147795827,0.772727272727273,-0.0703370108416088,0.0703370108416088,0.0359115334159644,6.60714030781396,4.09352370691148,0.0918282934807295,0.314457454509366,0.637834198880832,0.525070400824896,0.0394494674859963,2857149.94898084,5.33695184937865,0.000277777777777778
23,1,0.0729364961416613,0.726237057577347,0.795454545454545,0.0139264448382628,0.0139264448382628,0.0348122789870793,1.3077221244647,3.95423362778914,0.0974159242166365,0.30360537799473,0.656223288648239,0.498816880783651,0.0392206569767448,2777784.95776643,5.22502880146437,0.000277777777777778
23,1,0.076392792004589,0.745094811301196,0.818181818181818,-0.0217418998805599,0.0217418998805599,0.0341587600317533,2.03838318332227,3.85844110556579,0.104922681143849,0.293671243152186,0.674778252360065,0.473876036744468,0.0385312283092986,2702709.94622755,5.13890324421729,0.000277777777777778
23,1,0.0782031138697509,0.765598539022811,0.840909090909091,-0.0491547140094024,0.0491547140094024,0.0349085577306358,4.56249951036777,3.89364402580589,0.115459829764212,0.284760672482787,0.693514314574779,0.500182234907245,0.0376059959031415,2631586.2281958,5.12373472490546,0.000277777777777778
23,1,0.0797028917323624,0.786412810746976,0.863636363636364,0.0128239908553813,0.0128239908553813,0.033804329386873,1.19006411414073,3.75846503022263,0.128542388311866,0.276949758274241,0.7124444982589,0.475173123161883,0.0374580141837216,2564109.85771731,5.02287137591149,0.000277777777777778
23,1,0.0812279987323529,0.807201753333763,0.886363636363636,-0.0157957901818362,0.0157957901818362,0.0329039024266212,1.46500538431757,3.64379204792738,0.145348689018605,0.270369704811459,0.731578961139557,0.451414467003789,0.0369404538991569,2500007.28327456,4.93392472612164,0.000277777777777778
23,1,0.0832682933138559,0.827475508339036,0.909090909090909,-0.0589837929542121,0.0589837929542121,0.0342078969530007,5.39309796336378,3.7312573436992,0.167485862823876,0.26522551271208,0.750924340724562,0.478843743653599,0.036435082355791,2439031.6415033,4.94512407337145,0.000277777777777778
23,1,0.0858729518434984,0.847184899396171,0.931818181818182,0.00908926820507716,0.00908926820507716,0.0329519655156046,0.83119268498904,3.58625411076369,0.192292590651442,0.261578866609048,0.77048314180896,0.454901556470919,0.0359311012413484,2380959.58338199,4.84717332602901,0.000277777777777778
23,1,0.0830996592891196,0.872272241537327,0.954545454545455,-0.0739570170136883,0.0739570170136883,0.0350022180905087,6.61679818729057,3.73778131459004,0.229700038368798,0.259984925197036,0.790253200755582,0.482156478647373,0.0356951018260815,2325588.53152436,4.88832739256998,0.000277777777777778
23,1,0.0815949419523997,0.896091008460824,0.977272727272727,-0.0172472762098441,0.0172472762098441,0.0341144709964755,1.54201758268745,3.62799312799491,0.269777001383871,0.260474529006377,0.81022725961046,0.458048654715004,0.0354557861542669,2272734.33096165,4.81227489689083,0.000277777777777778
23,1,0.0810101236451635,0.918989876354837,1,0.229267583632821,0.229267583632821,0.0438721266282928,17.2065802219956,4.30692248269494,0.325169798355654,0.263709292473841,0.830392680201636,0.485146221979254,0.0369348867695006,2222229.19194731,5.08770390411538,0.000277777777777778
23,2,0.0181818181818182,0,0,0,0,0,0,0,0,0,0,0,0.731649259302877,100000000,0,0.000126350031740617
23,2,0.00322790602922114,0.0372679617393739,0.0227272727272727,-0.0607906544930099,0.0607906544930099,0.0030395327246505,16.4326053934278,0.821630269671388,4.56708346170258,0.228354173085129,0.0446554306107242,0.05,0.366968680692694,50000000.1094791,8.21630269671388,0.000126350031740617
23,2,-0.0136808556879403,0.0764907730433122,0.0454545454545454,-0.0861127076678692,0.0861127076678692,0.00719319147181143,18.7524327079814,1.71817039158689,2.13894631882011,0.323883780371878,0.0892980470363344,0.0975,0.246748816394994,33333333.5621593,11.7283460338031,0.000126350031740617
23,2,-0.0412372739678527,0.126361240910001,0.0681818181818182,-0.0767650335346408,0.0767650335346408,0.0106717835749529,14.7846673209523,2.37149523805516,0.766897874958993,0.346034485101234,0.13388295342621,0.142625,0.187847475191166,25000000.4976082,12.4924263555904,0.000126350031740617
23,2,-0.0705536168542475,0.177991633383173,0.0909090909090909,-0.0496291647931497,0.0496291647931497,0.0126196526358627,9.15376026913843,2.71060848960932,0.374352024068062,0.347450362049575,0.178369692075003,0.18549375,0.157169920091013,20000000.932343,11.8246931383,0.000126350031740617
23,2,-0.099611449104062,0.229363515219765,0.113636363636364,-0.0553820977862425,0.0553820977862425,0.0147577748933817,9.72471021134116,3.06131357569592,0.207561754183919,0.340455931656292,0.222722190604635,0.2262190625,0.135624179403529,16666668.2465931,11.4746959838068,0.000126350031740617
23,2,-0.124166791842549,0.276232907545029,0.136363636363636,-0.0411795370895716,0.0411795370895716,0.0160788630031912,7.05226274450456,3.26086103413635,0.150103267193407,0.330938298433148,0.266908510776699,0.264908109375,0.120464724131767,14285716.5916626,10.8429198067637,0.000126350031740617
23,2,-0.148691327407784,0.323071492697041,0.159090909090909,-0.126304555200488,0.126304555200488,0.0215901476130561,17.8594930805805,3.99079263645856,0.117792205633786,0.32028099379318,0.31090044909302,0.30166270390625,0.110279931933392,12500003.0788956,11.7199914659908,0.000126350031740617
23,2,-0.17166737879472,0.368361593670753,0.181818181818182,-0.0414995279322046,0.0414995279322046,0.0225856166290135,5.77234012584069,4.07987001092766,0.110891330540208,0.309811510630531,0.354673045286934,0.336579568710937,0.0996954933294939,11111114.8498891,11.0591413170852,0.000126350031740617
23,2,-0.197653627871857,0.416661892334666,0.204545454545455,-0.0314482257451312,0.0314482257451312,0.0230287470848194,4.33513270823883,4.09263314579322,0.11372294743672,0.300007082470841,0.398204057417885,0.355767227067246,0.0932724785205768,10000004.2442302,10.3867404562006,0.000126350031740617
23,2,-0.22325211056788,0.464574424617467,0.227272727272727,-0.0542924408838035,0.0542924408838035,0.0245919317747686,7.2864610276604,4.25232453988658,0.100388652102167,0.290026160952407,0.4414734614706,0.387978865713883,0.0868075302912398,9090913.85487158,10.1048968717878,0.000126350031740617
23,2,-0.24601382513927,0.509650188775634,0.25,-0.0336793630270105,0.0336793630270105,0.0250463033373807,4.47674444959772,4.26354553537214,0.0941682761994422,0.280233266714759,0.484463029211971,0.413380564266813,0.0824399216847973,8333338.58523958,9.63588416993865,0.000126350031740617
23,2,-0.272835367706394,0.558785780929534,0.272727272727273,-0.00490929953130603,0.00490929953130603,0.0240394531470769,0.652743687417074,4.08300544297438,0.0943050740169611,0.270936857079869,0.527156030825162,0.392711536053472,0.0810758162750993,7692313.35590448,8.94487336359084,0.000126350031740617
23,2,-0.299000318563027,0.607264781372944,0.295454545454545,-0.0374376174713578,0.0374376174713578,0.024709361363291,4.91958534318165,4.12483443798475,0.0973122801899416,0.262255628235373,0.569537098926341,0.423075959250799,0.0785535185789039,7142863.13592526,8.65735279070446,0.000126350031740617
23,2,-0.324143985885581,0.654722498282275,0.318181818181818,-0.106673755682372,0.106673755682372,0.0288075810792451,12.8204612385783,4.55961577801443,0.0875710796548012,0.253521400806344,0.611592278513791,0.451922161288259,0.0737551244690812,6666673.02148324,8.93489335389605,0.000126350031740617
23,2,-0.345368092867275,0.698260654850746,0.340909090909091,-0.0864128343919304,0.0864128343919304,0.0316878437448793,9.87139527622699,4.82520475292505,0.090103384442896,0.245350499988172,0.653309273848122,0.479326053223846,0.0692233067561362,6250006.65128818,8.99342472404174,0.000126350031740617
23,2,-0.364746427798273,0.739953039368521,0.363636363636364,-0.0650971229251094,0.0650971229251094,0.0333583077038908,7.24235832918579,4.94606243173809,0.102762079091014,0.238221078943314,0.69467788893826,0.505359750562653,0.0660249801641644,5882359.77363688,8.89042081846198,0.000126350031740617
23,2,-0.388641924171271,0.786162585328296,0.386363636363636,-0.0907234880104375,0.0907234880104375,0.0362265667192182,9.61985586335605,5.17975210331899,0.128623406370795,0.232741195314688,0.735690643973753,0.530091763034521,0.0628186968305711,5555562.44035899,8.93094498762276,0.000126350031740617
23,2,-0.414097707173744,0.833932417917546,0.409090909090909,-0.07839734597089,0.07839734597089,0.0383351056818017,8.04347111820947,5.32293805406351,0.175635290179077,0.229885900057907,0.776343536466626,0.553587174882795,0.0606998214153809,5263164.71684623,8.88423583660101,0.000126350031740617
23,2,-0.432341393412325,0.874490153742903,0.431818181818182,-0.0384830822188476,0.0384830822188476,0.038342504508654,3.91982678374257,5.25278249054746,0.233288950469653,0.230056052578495,0.816636903778758,0.575907816138655,0.0601243143214577,5000006.6953304,8.63601538395809,0.000126350031740617
23,2,-0.447226047055846,0.911688856973201,0.454545454545455,-0.0995280377359222,0.0995280377359222,0.0414017811700174,9.65819859174661,5.47305329560742,0.300990668479477,0.233602783373544,0.8565763337774,0.597112425331722,0.0581227875922155,4761911.29661762,8.68469077480516,0.000126350031740617
23,2,-0.468770579604947,0.95554743910908,0.477272727272727,-0.115844853120733,0.115844853120733,0.0451239347675532,10.5969077820298,5.72924601992854,0.889774105487681,0.26641134947925,0.896173563143963,0.617256804065136,0.0570009300897329,4545460.83422049,8.771609729679,0.000126350031740617
23,2,-0.470103233270292,0.979194142361201,0.5,-0.327193399087459,0.327193399087459,0.0592274079835485,21.7432564252244,6.52994654019333,14.1915478589307,0.962668174951823,0.935447298791527,0.636393963861879,0.0591323494692196,4347832.10536154,9.33559436861576,0.000126350031740617
23,2,-0.459130355245988,0.990535313923674,0.522727272727273,-0.329844620708544,0.329844620708544,0.0727582686197983,18.0209454824726,7.10449648730729,14.1670013906948,1.62288483573897,0.974423897205088,0.654574265668785,0.0630880571328353,4166672.43724591,9.69748399835979,0.000126350031740617
23,2,-0.440164945061762,0.993883953326224,0.545454545454545,-0.31098531614452,0.31098531614452,0.0846696209960344,14.9728385617181,7.49791359102783,14.1670013906948,2.25009066348676,1.01313783941922,0.671845552385346,0.0680964253439054,4000005.54257954,9.90849818089413,0.000126350031740617
23,2,-0.418938052827689,0.994971110678929,0.568181818181818,-0.336794701264768,0.336794701264768,0.0972758750094711,14.4347713796501,7.84475648045895,14.1670013906948,2.84593619984716,1.05163194573118,0.688253274766079,0.0728539837315743,3846159.17827212,10.0825856116155,0.000126350031740617
23,2,-0.397500625930462,0.995847733368478,0.590909090909091,-0.339956370165908,0.339956370165908,0.109409899767293,13.2386359103317,8.11445045195258,14.1670013906948,3.41198945938954,1.08995728388199,0.703840611027775,0.077827352375415,3703708.84095043,10.1994763634198,0.000126350031740617
23,2,-0.376119944022369,0.996781101047163,0.613636363636364,-0.299745416740844,0.299745416740844,0.11892667561597,10.9553518102315,8.25649551986653,14.1670013906948,3.94974005595481,1.1281727369293,0.718648580476386,0.0832201985698703,3571433.52772315,10.2264719150917,0.000126350031740617
23,2,-0.354046284304167,0.997021490915737,0.636363636363636,-0.308596232111661,0.308596232111661,0.128410153440755,10.6280669382588,8.37507409078614,14.1670013906948,4.46060312269181,1.16634421184397,0.732716151452567,0.0885240394859166,3448280.64989085,10.2403200193388,0.000126350031740617
23,2,-0.331907963138597,0.997197219336944,0.659090909090909,-0.317712591049432,0.317712591049432,0.137875275321189,10.3451266133862,8.47357671691614,14.1670013906948,4.94592303609196,1.20454348632548,0.746080343879939,0.0937020048352019,3333337.96391404,10.2438135724737,0.000126350031740617
23,2,-0.3104370279683,0.998040333753424,0.681818181818182,-0.230934018888988,0.230934018888988,0.142528212499579,7.31899312558558,8.41584753734961,14.1670013906948,5.4069769538221,1.24284670869657,0.758776326685942,0.0992907430988773,3225810.93509703,10.1494645257999,0.000126350031740617
23,2,-0.287525847578288,0.997443202950189,0.704545454545455,-0.323100749356804,0.323100749356804,0.15155683934244,9.74641116410551,8.48237571868741,14.1670013906948,5.84497817566573,1.28133258319359,0.770837510351645,0.103792416712162,3125004.34558107,10.136869108247,0.000126350031740617
23,2,-0.265378873248724,0.997610278207402,0.727272727272727,-0.319437048661538,0.319437048661538,0.159950849808395,9.22168887704056,8.51934137660506,14.1670013906948,6.26107933641719,1.32008028968655,0.782295634834062,0.108363944506966,3030307.24633882,10.109136373968,0.000126350031740617
23,2,-0.243118563018509,0.997664017563963,0.75,-0.328762482922643,0.328762482922643,0.168391431464107,9.09448477658623,8.54809854660412,14.1670013906948,6.65637543913107,1.35916720202882,0.793180853092359,0.112632823856907,2941180.56469904,10.0792936799273,0.000126350031740617
23,2,-0.221049728588219,0.99790923272045,0.772727272727273,-0.30501299890043,0.30501299890043,0.175222509835923,8.15611686492211,8.52849946252002,14.1670013906948,7.03190673670925,1.3986664820975,0.803521810437741,0.116815209677551,2857146.83629583,10.0243457709272,0.000126350031740617
23,2,-0.198633783851537,0.997807337570545,0.795454545454545,-0.333567429775844,0.333567429775844,0.183139755832919,8.58868107455787,8.53150854312191,14.1670013906948,7.38866146940853,1.43864463647778,0.813345719915854,0.120539317815016,2777781.64835946,9.98446619602804,0.000126350031740617
23,2,-0.17664294505677,0.998130548362555,0.818181818181818,-0.291146363492935,0.291146363492935,0.18854008621592,7.29772610138786,8.46981942103521,14.1670013906948,7.72757846547284,1.47915912913181,0.822678433920062,0.124441833677209,2702706.47058182,9.9118515988756,0.000126350031740617
23,2,-0.154523505034042,0.998325157926604,0.840909090909091,-0.264754256524437,0.264754256524437,0.192350794731346,6.49783754596048,8.37122032728147,14.1670013906948,8.04954961173394,1.52025614588628,0.831544512224059,0.128261805234322,2631582.61795036,9.82200912379889,0.000126350031740617
23,2,-0.131950878543702,0.998066581023041,0.863636363636364,-0.314366701259502,0.314366701259502,0.198451590057754,7.499134798198,8.3276160508273,14.1670013906948,8.35542220068198,1.56196860495698,0.839967286612856,0.131633672826038,2564106.14237693,9.76244824365527,0.000126350031740617
23,2,-0.109708976101758,0.998138728167874,0.886363636363636,-0.310099446449738,0.310099446449738,0.204033982877353,7.20630879936057,8.27155068825396,14.1670013906948,8.64600116018262,1.60431450196844,0.847968922282213,0.134682409292052,2500003.49058217,9.6985447575479,0.000126350031740617
23,2,-0.0873842012667637,0.998128002919656,0.909090909090909,-0.319830062217963,0.319830062217963,0.209823786844383,7.23871016653817,8.21990866216817,14.1670013906948,8.92205117170823,1.64729566817344,0.855570476168102,0.13746328171862,2439027.79741155,9.63854879191352,0.000126350031740617
23,2,-0.0651697988660712,0.998227650105741,0.931818181818182,-0.309049714120684,0.309049714120684,0.214785083208199,6.83289780567242,8.15055811934338,14.1670013906948,9.18429868265756,1.6908970071647,0.862791952359697,0.140000171147575,2380955.70867762,9.5717475779554,0.000126350031740617
23,2,-0.042726865504044,0.99809876633049,0.954545454545455,-0.340692351059393,0.340692351059393,0.221080446600758,7.33095883271866,8.10957815501214,14.1670013906948,9.43343381805942,1.73508625880024,0.869652354741712,0.142114778054404,2325584.64732666,9.5196362117871,0.000126350031740617
23,2,-0.0209031205028354,0.998589070916059,0.977272727272727,-0.254243143986981,0.254243143986981,0.222738581470069,5.39330398154269,7.97376444633867,14.1670013906948,9.67011219669119,1.77981431998473,0.876169737004627,0.143417369530512,2272730.45240075,9.425855933827,0.000126350031740617
23,2,0.000369952377520133,0.99963004762248,1,-0.0656010907740932,0.0656010907740932,0.214881706935271,1.3909561229523,7.64462403016935,14.1670013906948,9.89495665639137,1.8250161311313,0.882361250154395,0.140603334303816,2222225.33280488,9.24730260469645,0.000126350031740617
23,3,0.0181818181818182,0,0,0,0,0,0,0,0,0,0,0,0.731651296604151,100000000,0,0.000126225436157597
23,3,0.0158841567098573,0.0246117110587378,0.0227272727272727,-0.125652253439257,0.125652253439257,0.00628261267196284,24.7480824647087,1.23740412323544,4.61299657297102,0.230649828648551,0.0442495144377248,0.05,0.440481039556407,50000000.1083894,12.3740412323544,0.000126225436157597
23,3,-0.00581866371953152,0.0686285810749034,0.0454545454545454,-0.0698003627672414,0.0698003627672414,0.00945850017672677,12.6130768675739,1.80618776045236,2.64049346410214,0.35114201042123,0.088658071041877,0.0975,0.296488347883451,33333333.531832,12.4537197774275,0.000126225436157597
23,3,-0.035193483420153,0.120317450362302,0.0681818181818182,-0.0625138687430375,0.0625138687430375,0.0121112686050423,10.642734657893,2.24801510532439,0.827171857254215,0.374943502762879,0.133193441747279,0.142625,0.228738907457202,25000000.4511086,12.0009734975439,0.000126225436157597
23,3,-0.0574827002879877,0.164920716816913,0.0909090909090909,-0.0141280676758777,0.0141280676758777,0.0122121085585841,2.39951244835997,2.25558997247617,0.462814432244477,0.379337049236959,0.177819404501545,0.13549375,0.194088031245107,20000000.7930255,10.0806812877071,0.000126225436157597
23,3,-0.0847677893183051,0.214519855434008,0.113636363636364,-0.0560290600516873,0.0560290600516873,0.0144029561332392,9.1165227046416,2.59863660908444,0.230934921119132,0.371916942831068,0.222495494973759,0.1787190625,0.166410796231865,16666668.0492253,9.91998819052954,0.000126225436157597
23,3,-0.108746847544525,0.260812963247005,0.136363636363636,-0.0340069211074314,0.0340069211074314,0.0153831543819488,5.45312291474456,2.74136092436745,0.166298332371196,0.361636012308074,0.267176954231258,0.215873349955439,0.14747699540852,14285716.3298059,9.28186457970311,0.000126225436157597
23,3,-0.133591229564032,0.307971394853289,0.159090909090909,-0.0723038199206831,0.0723038199206831,0.0182291876588856,10.8903770741196,3.14881173185506,0.125458358390825,0.349827129612212,0.311814913491117,0.255079682457667,0.129327537838161,12500002.7849267,9.48292864150518,0.000126225436157597
23,3,-0.160615893803363,0.357310108679396,0.181818181818182,-0.0755068020398526,0.0755068020398526,0.0210930683779339,10.7065021347965,3.52669625200213,0.11041356442465,0.337856451352834,0.35635684538687,0.292325698334783,0.115235470328594,11111114.5929191,9.61888125187088,0.000126225436157597
23,3,-0.189095558878634,0.408103823341444,0.204545454545455,-0.0579810498012021,0.0579810498012021,0.0229374674490973,7.96064848222609,3.74839386351333,0.116778513525756,0.32680255446148,0.400747297408129,0.327709413418044,0.105082573850746,10000003.9899491,9.4530579749064,0.000126225436157597
23,3,-0.212860667609609,0.454182981659196,0.227272727272727,-0.0850302084676469,0.0850302084676469,0.0260421045000248,10.9567505872258,4.10881169969895,0.102669345380843,0.315595894007448,0.444928907933551,0.361323942747142,0.0961975903166474,9090913.6035906,9.58975730329908,0.000126225436157597
23,3,-0.24007692409188,0.503713287728243,0.25,-0.0261781734375504,0.0261781734375504,0.0260489079469011,3.35587490931587,4.0711648601798,0.0946473327050201,0.304548465942327,0.488843689330261,0.358526144970219,0.0914895617334424,8333338.35041956,9.07026710380048,0.000126225436157597
23,3,-0.269086526908375,0.555036940131516,0.272727272727273,-0.0477315038481749,0.0477315038481749,0.0271330377419648,6.01034397199296,4.16812381577046,0.0940496304395583,0.294023524167188,0.532434546725824,0.390599837721708,0.0871120589227853,7692313.14136298,8.83488840135374,0.000126225436157597
23,3,-0.291789971122932,0.600054433932849,0.295454545454545,-0.0366123089003891,0.0366123089003891,0.027607001299886,4.56422614026137,4.187928931995,0.0999350338708567,0.284319099652372,0.575646986072021,0.421069845835623,0.0835812052191503,7142862.91744425,8.52984109699,0.000126225436157597
23,3,-0.31371948338339,0.644297995780084,0.318181818181818,-0.0290866387682502,0.0290866387682502,0.0276809831733042,3.60422184356745,4.15874357757362,0.0886174038154533,0.274534014860526,0.618430951783753,0.426735403812543,0.0810015521263569,6666672.80857898,8.20146648009517,0.000126225436157597
23,3,-0.337431817627184,0.690324379610655,0.340909090909091,-0.074955208736379,0.074955208736379,0.0300446944514579,8.91562306573207,4.39658755198155,0.0888235893285617,0.265248493583927,0.660742723256296,0.455398633621916,0.0769454838959836,6250006.4616847,8.24610126669747,0.000126225436157597
23,3,-0.362136392507946,0.737343004078194,0.363636363636364,-0.0872810102976183,0.0872810102976183,0.0329065102437659,9.86822266690259,4.6701693077276,0.10170113480303,0.257071125644883,0.70254679154467,0.48262870194082,0.0728272643748071,5882359.60115807,8.34152017259189,0.000126225436157597
23,3,-0.384718926676803,0.782239587833828,0.386363636363636,-0.0522900941291038,0.0522900941291038,0.0338756894380328,5.81417799582785,4.72736974213261,0.125847299248822,0.25050993432508,0.743817632905072,0.508497266843779,0.0704836542600798,5555562.28699028,8.20111227388278,0.000126225436157597
23,3,-0.404623171290391,0.824457882034193,0.409090909090909,-0.0373762038400027,0.0373762038400027,0.0340507151581313,4.12248640278101,4.69712557516503,0.164022575589087,0.24618556638828,0.784541295071437,0.53307240350159,0.0691586357089624,5263164.59276562,7.98644775435111,0.000126225436157597
23,3,-0.42609741744493,0.868246177775509,0.431818181818182,-0.0559226331451481,0.0559226331451481,0.0351443110574822,6.05693270565284,4.76511593168942,0.223573356673464,0.245054955902539,0.824716715220852,0.556418783326511,0.0678128364778048,5000006.58676759,7.88997200191619,0.000126225436157597
23,3,-0.447055721886417,0.911518531803772,0.454545454545455,-0.0602188218529194,0.0602188218529194,0.036398036597254,6.39086243485365,4.84640325684763,0.299079416811427,0.247756178947984,0.86435669554042,0.578597844160185,0.0668034788549871,4761911.19423549,7.81858583205607,0.000126225436157597
23,3,-0.465087224361361,0.951864083865493,0.477272727272727,-0.0564824853253718,0.0564824853253718,0.0374022590336599,5.89230330815007,4.89869825941275,0.705624823019604,0.270649611151565,0.903488472935214,0.599667951952176,0.0666080437028826,4545460.74982404,7.73102753551489,0.000126225436157597
23,3,-0.458229679175072,0.989634637852758,0.522727272727273,-0.312272559594048,0.312272559594048,0.0596899379715028,20.3108110591658,6.31199274632278,14.1670013906948,1.53624996864575,0.980408737662298,0.638700326636839,0.0712436833886736,4166672.36033756,8.70093360891923,0.000126225436157597
23,3,-0.439212601077847,0.99293160934231,0.545454545454545,-0.338682597860657,0.338682597860657,0.0736395709659605,18.0813825598845,6.90046223700087,14.1670013906948,2.1677875397482,1.01832244542136,0.656765310304997,0.0746914107764624,4000005.46874752,9.07615156695784,0.000126225436157597
23,3,-0.419079392002282,0.995112449853521,0.568181818181818,-0.307345987466811,0.307345987466811,0.0853248917910031,14.5702269974514,7.28395047502339,14.1670013906948,2.76774823229553,1.0559761415231,0.673927044789747,0.0791328877923543,3846159.10727979,9.28746216043836,0.000126225436157597
23,3,-0.397031064542828,0.995378171980845,0.590909090909091,-0.370525041095275,0.370525041095275,0.0995848992562166,15.3613258553569,7.68781924404007,14.1670013906948,3.3377108902155,1.09346109283509,0.69023069255026,0.0831027898330788,3703708.77258745,9.51242007506497,0.000126225436157597
23,3,-0.376243705960255,0.996904862985048,0.613636363636364,-0.279432501065945,0.279432501065945,0.108577279346703,10.8826177649317,7.84755917008465,14.1670013906948,3.87917541523946,1.13087638057355,0.705719157922747,0.0882535205937396,3571433.4618017,9.56135570684592,0.000126225436157597
23,3,-0.353422472392674,0.996397679004244,0.636363636363636,-0.379569064812215,0.379569064812215,0.122126868619979,13.3970418926738,8.12503330621411,14.1670013906948,4.39356671401223,1.16832627346751,0.720433200026609,0.0924494117084729,3448280.58624256,9.69362074773654,0.000126225436157597
23,3,-0.331941864304627,0.997231120502974,0.659090909090909,-0.317036020291974,0.317036020291974,0.131872326203578,10.5536378868934,8.24646353524807,14.1670013906948,4.88223844784636,1.20591732303661,0.734411540025279,0.0971485090637883,3333337.90238736,9.72228798570844,0.000126225436157597
23,3,-0.309652204344743,0.997255510129867,0.681818181818182,-0.340558362337454,0.340558362337454,0.142306628010272,10.6763555566172,8.36795813631653,14.1670013906948,5.34647659498878,1.24375527586175,0.747690963024015,0.101803517030984,3225810.87555508,9.75306435896356,0.000126225436157597
23,3,-0.287384618429872,0.997301973801773,0.704545454545455,-0.361158771460757,0.361158771460757,0.153249235182796,10.6642616184534,8.48277331042337,14.1670013906948,5.78750283477408,1.28194190769379,0.760306414872814,0.106117064646466,3125004.28789981,9.78153927332262,0.000126225436157597
23,3,-0.265539177559707,0.997770582518385,0.727272727272727,-0.311273745819169,0.311273745819169,0.161150460714615,8.8300834785286,8.50013881882863,14.1670013906948,6.20647776257011,1.32057189015813,0.772291094129174,0.110495053466502,3030307.19040547,9.75270727954098,0.000126225436157597
23,3,-0.243288005788188,0.997833460333643,0.75,-0.314424701796947,0.314424701796947,0.168814172768732,8.58850238779157,8.50455699727678,14.1670013906948,6.60450394397635,1.35972980235426,0.783676539422715,0.11478726590894,2941180.5104108,9.71846595919541,0.000126225436157597
23,3,-0.221220440922825,0.998079945055056,0.772727272727273,-0.285653718702882,0.285653718702882,0.174656150065439,7.57900379674647,8.45827933725026,14.1670013906948,6.98262881631227,1.39948739668708,0.794492712451579,0.119178613273094,2857146.78355868,9.65733846883972,0.000126225436157597
23,3,-0.198751556583173,0.997925110302181,0.795454545454545,-0.319374548585285,0.319374548585285,0.181892069991431,8.18875113366438,8.44480292707097,14.1670013906948,7.3418474450314,1.439901220862,0.804768076829,0.123088556165271,2777781.59708723,9.61654437619596,0.000126225436157597
23,3,-0.176555946383021,0.998043549688806,0.818181818181818,-0.309486702778018,0.309486702778018,0.188271801630761,7.70022973743934,8.40757426758939,14.1670013906948,7.68310514231457,1.48101068638105,0.81452967298755,0.126994575992967,2702706.42069532,9.564752088662,0.000126225436157597
23,3,-0.154282947032719,0.998084599925281,0.840909090909091,-0.310829940878836,0.310829940878836,0.194399708593164,7.51580754662599,8.36298593154122,14.1670013906948,8.00729995473358,1.52283665852692,0.823803189338173,0.130516805081065,2631582.56937667,9.51083249545053,0.000126225436157597
23,3,-0.132242109926532,0.998357812405871,0.863636363636364,-0.269907121886249,0.269907121886249,0.198175079257819,6.39467097001983,8.26457018346515,14.1670013906948,8.31528502653164,1.56538062431508,0.832613029871264,0.133962390770374,2564106.09504872,9.43093091787538,0.000126225436157597
23,3,-0.109919559441072,0.998349311507187,0.886363636363636,-0.275184607500285,0.275184607500285,0.202025555669942,6.38847193789397,8.17076527118659,14.1670013906948,8.60787084473979,1.6086244739678,0.840982378377701,0.137092797843187,2500003.44443716,9.35486944337584,0.000126225436157597
23,3,-0.0874440156691043,0.998187817321997,0.909090909090909,-0.30894426238136,0.30894426238136,0.207371491005513,6.99789205859831,8.11212161055718,14.1670013906948,8.88582737203754,1.65253090896296,0.848933259458816,0.139907878882763,2439027.75239203,9.29738219008859,0.000126225436157597
23,3,-0.0652488494662763,0.998306700705946,0.931818181818182,-0.293614905503932,0.293614905503932,0.211683661730434,6.51140764250742,8.03208591215469,14.1670013906948,9.14988607297041,1.69704446655094,0.856486596485875,0.142385338065441,2380955.66472999,9.23104946276523,0.000126225436157597
23,3,-0.0432854135986848,0.998657314425131,0.954545454545455,-0.233675119732885,0.233675119732885,0.212783234630556,5.11642199131212,7.88630271611256,14.1670013906948,9.40074183885663,1.74209312776073,0.863662266661581,0.144433531319699,2325584.60440107,9.1353604518012,0.000126225436157597
23,3,-0.0208399785115414,0.998525928924765,0.977272727272727,-0.259036467001967,0.259036467001967,0.215095896249127,5.58534483673577,7.77125482214372,14.1670013906948,9.63905481644854,1.78759045427017,0.870479153328502,0.145673387210851,2272730.41045074,9.05467827873153,0.000126225436157597
23,3,0,1,1,-0.0125465145710248,0.0125465145710248,0.204968427165222,0.270653424954346,7.39622475228425,14.1670013906948,9.86545214516085,1.8334381799813,0.826955195662077,0.142817781951307,2222225.2917871,8.85947772642537,0.000126225436157597
25,1,0.0181818181818182,0,0,0,0,0,0,0,0,0,0,0,0.731819432315418,100000000,0,0.000277777777777778
25,1,0.00739419669507139,0.0331016710735237,0.0227272727272727,0.174755036005076,0.174755036005076,0.00873775180025378,27.4501692982282,1.37250846491141,15.5019449470168,0.775097247350841,0.0207611127002503,0.05,0.382220807791522,50000000.032254,13.7250846491141,0.000277777777777778
25,1,0.00595156430204896,0.0568583530533229,0.0454545454545454,0.0194406002058845,0.0194406002058845,0.00927289422053531,3.0410581433435,1.45593594883301,3.82142253831813,0.927413511899205,0.0414807963600086,0.0475,0.267454326322277,33333333.4420636,10.1637424805239,0.000277777777777778
25,1,0.00497474567607978,0.080149221266069,0.0681818181818182,-0.0278400015501181,0.0278400015501181,0.0102012495870145,4.3163607991203,1.59895719134738,2.21327076801533,0.991706374705011,0.0621203248442865,0.0669360297248745,0.20413601767919,25000000.1945027,8.701897060173,0.000277777777777778
25,1,0.00379733677132484,0.103640679757601,0.0909090909090909,-0.0550213988992967,0.0550213988992967,0.0124422570526286,8.24003483612777,1.9310110735864,1.00535867129142,0.992388989534332,0.0826448494061548,0.113589228238631,0.164554797097043,20000000.3545361,8.60952461536395,0.000277777777777778
25,1,0.00464750606616637,0.125104560049536,0.113636363636364,-0.0363016549083572,0.0363016549083572,0.013635226945415,5.36055607779445,2.1024883237968,0.788850904131266,0.982212085264178,0.10302412522283,0.157909766826699,0.137160541959574,16666667.1733912,8.06802985910237,0.000277777777777778
25,1,0.00380062798802525,0.148265487714454,0.136363636363636,-0.0518475536718599,0.0518475536718599,0.0155458432817372,7.44470483673047,2.36959914944348,0.586399231549652,0.962421442578452,0.123233040786094,0.200014278485364,0.118436949399034,14285714.9636672,7.97898342733495,0.000277777777777778
25,1,0.00400397256446702,0.170376192724789,0.159090909090909,0.0106930223065915,0.0106930223065915,0.01530320223298,1.53435242396049,2.32783681316933,0.425742581899443,0.935587499544501,0.143251943314967,0.190013564561096,0.108769448544156,12500000.8868134,7.17340455191315,0.000277777777777778
25,1,0.00479508204092885,0.191899132835104,0.181818181818182,-0.0550680293109722,0.0550680293109722,0.0172914435868796,7.6696737079747,2.5949286579096,0.297218034183957,0.903669026276474,0.163066762057699,0.230512886333041,0.0971485282049152,11111112.2732267,7.22854556925332,0.000277777777777778
25,1,0.0038233284900053,0.215184935972805,0.204545454545455,-0.0861084287323899,0.0861084287323899,0.0207322928441551,11.2184386763171,3.02610415882998,0.230303709525029,0.870000760438902,0.182668939623238,0.268987242016389,0.0903173423811166,10000001.4801133,7.62753487995969,0.000277777777777778
25,1,0.00331388971614494,0.238008424333442,0.227272727272727,-0.0389755098061988,0.0389755098061988,0.0216444536922573,5.01605516891304,3.12560170933413,0.195392152302158,0.836270330032065,0.202055188970746,0.30553787991557,0.0823697071514326,9090910.90173145,7.39012763350091,0.000277777777777778
25,1,0.00726197787227967,0.256374385764084,0.25,0.00681445312871354,0.00681445312871354,0.0209029536640801,0.87710511948285,3.01317687984156,0.171640330792583,0.803038830070091,0.221227100073451,0.290260985919791,0.0782341272826256,8333335.4787652,6.84737575733274,0.000277777777777778
25,1,0.00841581598200358,0.277534597241137,0.272727272727273,-0.02010212870952,0.02010212870952,0.0208629124163521,2.58005892623449,2.99152098216121,0.149039150642978,0.770338846098735,0.240190625300397,0.275747936623802,0.0741028421649631,7692310.18883299,6.51912061647902,0.000277777777777778
25,1,0.0112004357720946,0.297064027037823,0.295454545454545,-0.0304499438354782,0.0304499438354782,0.0213422639873084,3.88057838277434,3.03597385219187,0.132762029503164,0.738460005268956,0.2589554760341,0.294046932845675,0.0696674275331779,7142859.99907878,6.33065331407155,0.000277777777777778
25,1,0.0135227428492739,0.31705576954742,0.318181818181818,0.0188072921013127,0.0188072921013127,0.0212155153930086,2.39115845946628,3.00373308255559,0.120701961159199,0.707572103063469,0.277534464847244,0.279344586203391,0.0683008954719093,6666669.88479817,6.06802032376453,0.000277777777777778
25,1,0.0164681000122996,0.336424461971171,0.340909090909091,-0.0570461090678713,0.0570461090678713,0.0230070450767517,7.07264832777895,3.20717884481676,0.113398670053997,0.677863431412995,0.295942827660501,0.315377356893222,0.06426919635371,6250003.56815113,6.13080957401543,0.000277777777777778
25,1,0.0169149960910864,0.358291615479161,0.363636363636364,-0.0291995504846705,0.0291995504846705,0.0233166703471477,3.59848121250587,3.22674396320121,0.110402084385509,0.649490364061621,0.314197558740603,0.326772073633878,0.0613662362235124,5882356.83224812,5.98184908216193,0.000277777777777778
25,1,0.017993626788599,0.379527034368426,0.386363636363636,-0.0640296126089295,0.0640296126089295,0.0253523174602368,7.65970268852003,3.44839189946715,0.11278835108086,0.622655263412582,0.332316788294705,0.360433469952184,0.0584998117996217,5555559.72302122,6.07506317140404,0.000277777777777778
25,1,0.0199783021224662,0.399856408621335,0.409090909090909,-0.0552046561223269,0.0552046561223269,0.0268449343933413,6.4676309588151,3.59935385243455,0.119959305200248,0.597520465501966,0.350319227966998,0.392411796454575,0.055898323699569,5263162.28160748,6.09572463389936,0.000277777777777778
25,1,0.0218726467837173,0.420276113546861,0.431818181818182,-0.0417525708810826,0.0417525708810826,0.0275903162177283,4.83648919298098,3.66121061946187,0.112492356052372,0.573269060029486,0.368223704000712,0.422791206631846,0.0531468872394802,5000004.61200176,6.03276286185344,0.000277777777777778
25,1,0.0240872435936757,0.44037556632368,0.454545454545455,-0.0122885141516407,0.0122885141516407,0.026825226114424,1.42273377269468,3.54928677712351,0.106295053048271,0.549920359680425,0.386048791496218,0.401651646300254,0.0516983816537092,4761909.6022767,5.8132376671316,0.000277777777777778
25,1,0.0260893734463237,0.460687486057809,0.477272727272727,0.0262772595795022,0.0262772595795022,0.0267978277876779,3.02983513800624,3.52331419516765,0.101251357187314,0.52748690955577,0.403812556410521,0.397227566266746,0.05182691218798,4545459.61473734,5.68671937035317,0.000277777777777778
25,1,0.0317788145716846,0.499626144106001,0.522727272727273,-0.0652010940991374,0.0652010940991374,0.0281526535243274,7.31072721205864,3.62683138317112,0.0950305848456283,0.485441053505978,0.439225034255057,0.408497878555738,0.04924953816146,4166672.17919152,5.58893442633442,0.000277777777777778
25,1,0.0340858005443572,0.519633207720106,0.545454545454545,-0.0335388163364998,0.0335388163364998,0.028421961664936,3.73609830611429,3.63229472931828,0.0936137021682978,0.465849685939094,0.456906469177968,0.432320293039367,0.0474140799745589,4000005.71931174,5.51482098152561,0.000277777777777778
25,1,0.0373407632649891,0.538692294586251,0.568181818181818,-0.0435768525566194,0.0435768525566194,0.0291797062095202,4.80044092115685,3.6907020389102,0.0933771036941508,0.447226056826847,0.47459217094501,0.460704278387399,0.045746979919769,3846159.7573868,5.48734482535758,0.000277777777777778
25,1,0.0406526404037726,0.557694467034244,0.590909090909091,-0.0339732006120967,0.0339732006120967,0.029419380929649,3.71839618103063,3.69208674601623,0.094225831604329,0.429576045565721,0.492297191857429,0.483626547192819,0.0440932534386305,3703709.78906881,5.42182820890103,0.000277777777777778
25,1,0.0437430847398781,0.576918072284915,0.613636363636364,0.00934747903828237,0.00934747903828237,0.0284157858350807,1.02306576811315,3.55863569712107,0.0961827775873772,0.412906382166804,0.510036353686397,0.459445219833178,0.043685867472987,3571434.81077606,5.26472955030146,0.000277777777777778
25,1,0.0465613321638321,0.596413874447738,0.636363636363636,-0.0204927809230924,0.0204927809230924,0.0280196355894813,2.23839370558286,3.49262359754416,0.0993020653710176,0.397226166327014,0.527824423212714,0.436472958841519,0.0427761288883061,3448282.23351771,5.16037314186289,0.000277777777777778
25,1,0.0491898857601191,0.616099370438228,0.659090909090909,-0.000420619923741317,0.000420619923741317,0.0266396848061943,0.045966582474336,3.32029074679067,0.0945555972191454,0.382092637871621,0.545676259633031,0.414649310899444,0.0423459217284474,3333339.84492674,4.9898929232166,0.000277777777777778
25,1,0.0488013539656791,0.638801951819445,0.681818181818182,-0.0213290825802934,0.0213290825802934,0.0263741546948992,2.32575540872177,3.27056397988722,0.0894192247806364,0.367458967217072,0.5636069103547,0.393916845354471,0.0417652161745079,3225813.11390579,4.90395300339419,0.000277777777777778
25,1,0.0562544692620747,0.675976935696603,0.727272727272727,0.0036704790563129,0.0036704790563129,0.0264751542556248,0.394214649118157,3.23859916173966,0.0874295289503095,0.340156321464609,0.599765842206636,0.40300995293241,0.0402930562899803,3030309.98200084,4.7891549797554,0.000277777777777778
25,1,0.058217760186267,0.696327694359188,0.75,-0.0739092854739636,0.0739092854739636,0.0288468608165417,7.70272610773552,3.46180550903945,0.0897330767250713,0.327635159227632,0.618024928684087,0.43285945528579,0.0396223524638384,2941183.54559384,4.8748482482254,0.000277777777777778
25,1,0.0602703093954918,0.71658919473674,0.772727272727273,-0.00165246271559871,0.00165246271559871,0.0274871409114946,0.172301052509666,3.29733028621296,0.0943686953917964,0.31597183603584,0.63642401768083,0.4112164825215,0.0391905180516028,2857150.03276928,4.74048975691924,0.000277777777777778
25,1,0.0629319581480436,0.736241595570965,0.795454545454545,-0.0121705126887099,0.0121705126887099,0.0267213095003553,1.26862314681378,3.195894929243,0.101142960540662,0.305230392261081,0.654977598954861,0.390655658395425,0.0387068944770355,2777785.02872001,4.64404901774964,0.000277777777777778
25,1,0.064177937715573,0.757309665590212,0.818181818181818,0.000409164530693396,0.000409164530693396,0.0254057022518722,0.0426715675476989,3.03823376115824,0.110879929371926,0.295512869116624,0.673699080478216,0.371122875475654,0.0385495593350777,2702710.00142392,4.51968746504148,0.000277777777777778
25,1,0.0648729177270381,0.778928735165524,0.840909090909091,-0.0774484996380256,0.0774484996380256,0.0280078421211799,7.82950026685932,3.27779708644329,0.123628184579013,0.286918634889743,0.692600267835902,0.402566731701871,0.0379943802398698,2631586.26688041,4.60678780193143,0.000277777777777778
25,1,0.0674333736387067,0.798682328840632,0.863636363636364,-0.0264393768004512,0.0264393768004512,0.0279294188551435,2.66466223515898,3.24714034387908,0.137465623751347,0.279445984332823,0.71169079326152,0.398735154173672,0.0370845501535499,2564109.88246158,4.55698971047572,0.000277777777777778
25,1,0.0688984925581838,0.819531259507932,0.886363636363636,-0.0231284523639399,0.0231284523639399,0.0276893705305833,2.32582451464677,3.20107455241746,0.158255011007578,0.273386435666561,0.730977521044938,0.382060019945067,0.0363600254496572,2500007.29337292,4.50121058058,0.000277777777777778
25,1,0.0711583115967668,0.839585490056126,0.909090909090909,-0.017086986699427,0.017086986699427,0.0271592513390255,1.71661254829868,3.12685145221152,0.182234349544727,0.268828831360469,0.750463959630499,0.362957018947813,0.0356831902534224,2439031.63956967,4.4332935554024,0.000277777777777778
25,1,0.0716123237721449,0.861445527467524,0.931818181818182,0.00541689204861084,0.00541689204861084,0.0260721333745047,0.544389668886064,2.99772836304525,0.212606115558147,0.266017695570353,0.770149712857695,0.344809168000423,0.0354172969965676,2380959.56966405,4.34070060572344,0.000277777777777778
25,1,0.0717633550912326,0.883608545735214,0.954545454545455,0.00460939423986373,0.00460939423986373,0.0249989964177727,0.463419352103306,2.87101291249815,0.247901991224948,0.265111910353083,0.790030003332764,0.327568709600402,0.0350473658559084,2325588.51069168,4.25053127424391,0.000277777777777778
25,1,0.0710809844441557,0.906604965969068,0.977272727272727,0.02591663955454,0.02591663955454,0.025044878574611,2.59809793459144,2.85736716360282,0.283688622194814,0.26604074594517,0.810095299787518,0.325429012524082,0.034501701571243,2272734.30647122,4.21297597106999,0.000277777777777778
25,1,0.0710306257162603,0.92896937428374,1,0.222563867601111,0.222563867601111,0.034920828025936,18.2367841132268,3.62633801108402,0.390557998077413,0.272266608551782,0.830331077488444,0.359157561897878,0.0357008747797129,2222229.1565594,4.5246161520068,0.000277777777777778
25,2,0.0181818181818182,0,0,0,0,0,0,0,0,0,0,0,0.731697650130148,100000000,0,0.000127518162830164
25,2,-0.00435143651367124,0.0448473042822663,0.0227272727272727,-0.0295586175526799,0.0295586175526799,0.00147793087763399,8.96798759886271,0.448399379943136,5.02128731738451,0.251064365869225,0.0443509619869282,0.0285772344593695,0.396435864390828,50000000.0995761,4.48399379943136,0.000127518162830164
25,2,-0.00780136699962225,0.0706112843549941,0.0454545454545454,-0.114237336416017,0.114237336416017,0.00711590115455312,23.3658565729035,1.59427223959115,1.39664400236104,0.308343347693816,0.0886383918216555,0.077148372736401,0.267101216865741,33333333.6383847,10.7779480572554,0.000127518162830164
25,2,-0.026805569702642,0.111929536644791,0.0681818181818182,-0.0609237390823236,0.0609237390823236,0.00980629305094164,11.5985654034492,2.09448689778405,0.862165872761779,0.336034473947215,0.132816646972945,0.123290954099581,0.20352857129287,25000000.518756,10.9831023938038,0.000127518162830164
25,2,-0.0477812328478894,0.155219249376815,0.0909090909090909,-0.100125636012085,0.100125636012085,0.0143222601989988,16.3312170513721,2.80632340546346,0.497032361956365,0.344084368347672,0.176845540592964,0.167126406394602,0.166047036285717,20000000.817393,12.0527253253175,0.000127518162830164
25,2,-0.0735403174129264,0.203292383528629,0.113636363636364,-0.084608213848016,0.084608213848016,0.0178365578814496,12.6535809236475,3.29868628137266,0.247772825856281,0.339268791223102,0.220690291278286,0.208770086074872,0.139511062322196,16666668.0204867,12.1528679250392,0.000127518162830164
25,2,-0.094302273770429,0.246368389472908,0.136363636363636,-0.0939201239370608,0.0939201239370608,0.0216407361842302,12.8422221932131,3.77586307696469,0.181931189468894,0.331401911135392,0.26432125470204,0.248331581771128,0.122602355822529,14285716.2313577,12.2513471062069,0.000127518162830164
25,2,-0.119793232040354,0.29417339732961,0.159090909090909,-0.0305264818031192,0.0305264818031192,0.0220850234651747,4.14019779702825,3.79407981296786,0.13470283177761,0.321566957167503,0.307713487208798,0.268302726316899,0.110816648444407,12500002.6304066,11.2374534425596,0.000127518162830164
25,2,-0.14245018080428,0.339144395680313,0.181818181818182,-0.0382125462750733,0.0382125462750733,0.0228913996056696,5.11689299975416,3.86022047230718,0.112628796555712,0.311120049136913,0.350846197785085,0.304887590001054,0.101441663228396,11111114.4357752,10.5573911711367,0.000127518162830164
25,2,-0.168050547438632,0.387058811901442,0.204545454545455,-0.0860526239891466,0.0860526239891466,0.0260494608248434,10.8313773370517,4.2087783155444,0.115215264884112,0.301324809924273,0.393702147818964,0.339643210501002,0.0917439118177132,10000003.8601382,10.5847897877282,0.000127518162830164
25,2,-0.187872146520016,0.429194460569602,0.227272727272727,0.0375107134506201,0.0375107134506201,0.0266225234561323,4.67196864392916,4.23193783196364,0.109736811037987,0.291745409979959,0.436267057647566,0.372661049975952,0.0904583630749701,9090913.42855407,10.0472605928374,0.000127518162830164
25,2,-0.206577339148433,0.470213702784797,0.25,-0.0354537786946767,0.0354537786946767,0.0270640862180595,4.37549107772064,4.23911549425149,0.099240101603016,0.282120144561112,0.478529075137679,0.404027997477154,0.0859389952577634,8333338.14922221,9.57461313324433,0.000127518162830164
25,2,-0.233785179743214,0.519735592966355,0.272727272727273,-0.0558470291484281,0.0558470291484281,0.0285032333645779,6.73742487546108,4.36403096331197,0.0935889137969422,0.272693583022903,0.520478354693225,0.433826597603296,0.0813495464181748,7692312.95966867,9.35636788264562,0.000127518162830164
25,2,-0.256707078224902,0.564971541034819,0.295454545454545,-0.00473128599657802,0.00473128599657802,0.0273146359961779,0.570978180550873,4.17437832417391,0.0948347976596917,0.263800643754743,0.56210678552962,0.412135267723131,0.0797305723319262,7142862.78716753,8.72884004678171,0.000127518162830164
25,2,-0.27317858698348,0.603757099380174,0.318181818181818,-0.137360261298502,0.137360261298502,0.0328169172612941,14.6876493422605,4.70004187507824,0.0980578000358023,0.255513501568796,0.603407896326946,0.441528504336975,0.076573873999885,6666672.61456081,9.12609399981363,0.000127518162830164
25,2,-0.291023816890265,0.643916378873736,0.340909090909091,-0.0535988880419129,0.0535988880419129,0.0338560158003251,5.64208133410237,4.74714384802945,0.0886113952440351,0.247168396252558,0.644376950107521,0.469452079120126,0.0726458472546253,6250006.28147765,8.90834320820668,0.000127518162830164
25,2,-0.312451670751528,0.687658282321776,0.363636363636364,-0.0634320774576209,0.0634320774576209,0.0353348188831899,6.53625014229724,4.83659916274284,0.0885183171432523,0.239235892297092,0.685011229091171,0.49597947516412,0.069508671153127,5882359.51769055,8.76880832197671,0.000127518162830164
25,2,-0.334467950294748,0.731988611451773,0.386363636363636,-0.0597442599815108,0.0597442599815108,0.0365552909381059,6.04571420045596,4.89705491462849,0.099711434509607,0.232259669407718,0.725310495117202,0.521180501405914,0.0670554284790537,5555562.32387108,8.61752531522556,0.000127518162830164
25,2,-0.35560625349858,0.775440964242382,0.409090909090909,-0.0994723139378886,0.0994723139378886,0.039701142088095,9.59607395191567,5.13200586649285,0.122055194041182,0.226749445639391,0.765277597744799,0.545121476335618,0.0636929282964325,5263164.73803653,8.66902787505135,0.000127518162830164
25,2,-0.378571675478688,0.820720435809267,0.431818181818182,-0.0536815426570132,0.0536815426570132,0.0404001621165409,5.11306263626202,5.13105870498131,0.160509767633441,0.223437461739094,0.804919190080264,0.567865402518837,0.0622425692337685,5000006.81264223,8.49122961311188,0.000127518162830164
25,2,-0.397321455081464,0.861784264998819,0.454545454545455,-0.143449217738135,0.143449217738135,0.0455526148976206,12.5478613157899,5.50189883552174,0.217430718830615,0.22313712459367,0.844246502389781,0.589472132392895,0.0597869123463772,4761911.46914337,8.68440255133465,0.000127518162830164
25,2,-0.415784602170238,0.90256146167437,0.477272727272727,-0.0716949018101083,0.0716949018101083,0.046859729243245,6.15449157263446,5.53452847237738,0.280030029432718,0.225981769835622,0.883276116199832,0.609998525773251,0.0585094159938462,4545461.11013892,8.56940659775737,0.000127518162830164
25,2,-0.441767973323151,0.973172932000837,0.522727272727273,-0.222626956066558,0.222626956066558,0.057434578798847,16.0615563502544,6.13386584920868,11.8743963811604,0.826704935497998,0.960539485091704,0.648023669510359,0.0604582010975025,4166672.75596414,8.81914904093764,0.000127518162830164
25,2,-0.433986889676354,0.987705897940817,0.545454545454545,-0.337569764478696,0.337569764478696,0.0714413380828394,19.301218368335,6.792233475165,14.1670013906948,1.49371975825784,0.998838898351751,0.665622486034841,0.0632816398198146,4000005.84854903,9.23843181403354,0.000127518162830164
25,2,-0.416018731557119,0.992051789408359,0.568181818181818,-0.361354783878527,0.361354783878527,0.0859370103726238,17.3026601723109,7.3177548100223,14.1670013906948,2.12738383987969,1.03697250322012,0.682341361733099,0.0668087987928383,3846159.47247355,9.54859444319805,0.000127518162830164
25,2,-0.396419949483365,0.994767056921381,0.590909090909091,-0.318631341964012,0.318631341964012,0.0975717269521932,13.7468117034835,7.63920765469535,14.1670013906948,2.72936471742044,1.07499099860712,0.698224293646444,0.0716339235719155,3703709.12425552,9.70408397135677,0.000127518162830164
25,2,-0.374874123529813,0.995535280554606,0.613636363636364,-0.340816344993182,0.340816344993182,0.109733957854243,13.3385600146135,7.92417527269126,14.1670013906948,3.30124655108416,1.11295176596164,0.713313078964122,0.0763074829093599,3571433.8009102,9.83388668718737,0.000127518162830164
25,2,-0.352965896322875,0.995941102934445,0.636363636363636,-0.374450501130573,0.374450501130573,0.122969785018059,13.3019537073256,8.19306419442298,14.1670013906948,3.84453429306469,1.15091810467527,0.727647425015916,0.0807074944778969,3448280.91365766,9.95347520512317,0.000127518162830164
25,2,-0.331491263814042,0.996780520012389,0.659090909090909,-0.335661475477816,0.335661475477816,0.133604369541047,11.1620774898171,8.34151485919269,14.1670013906948,4.3606576479462,1.18895813024001,0.74126505376512,0.0856263982567202,3333338.21888862,9.9937619479463,0.000127518162830164
25,2,-0.309399160722481,0.997002466507604,0.681818181818182,-0.346609477933338,0.346609477933338,0.144254624960662,10.834008106543,8.4661395215602,14.1670013906948,4.85097483508363,1.22714334905424,0.754201801076864,0.0904668373711213,3225811.18184662,10.0208666627397,0.000127518162830164
25,2,-0.287249202138301,0.997166557510202,0.704545454545455,-0.358194794022642,0.358194794022642,0.154951633413761,10.5588490282719,8.57077499689579,14.1670013906948,5.31677616286418,1.26554694065213,0.766491711023021,0.0951377353397237,3125004.58461974,10.0376786116626,0.000127518162830164
25,2,-0.26545563704558,0.997687042004258,0.727272727272727,-0.308256229423322,0.308256229423322,0.162616863214239,8.73739574389916,8.57910603424596,14.1670013906948,5.75928742425571,1.30424179430533,0.77816712547187,0.0998957382316485,3030307.47813389,9.99827610051828,0.000127518162830164
25,2,-0.24314993823623,0.997695392781684,0.75,-0.323326238470079,0.323326238470079,0.170652331977031,8.80641363853698,8.59047141446051,14.1670013906948,6.17967312257767,1.3432983616159,0.789258769198276,0.104426346286691,2941180.78967661,9.96322132222471,0.000127518162830164
25,2,-0.220890344556863,0.997749848689094,0.772727272727273,-0.330863843712989,0.330863843712989,0.178662907563828,8.67067968689934,8.59448182808245,14.1670013906948,6.57903953598352,1.38278239914581,0.799795830738362,0.108722869495208,2857147.05484547,9.92629156121542,0.000127518162830164
25,2,-0.198600068152709,0.997773621871718,0.795454545454545,-0.342380608743436,0.342380608743436,0.186848792622809,8.635759638881,8.59654571862237,14.1670013906948,6.95843762871909,1.42275268466094,0.809806039201444,0.112893343826182,2777781.86083828,9.89044345226168,0.000127518162830164
25,2,-0.176780644291231,0.998268247597016,0.818181818181818,-0.271133313445765,0.271133313445765,0.191063018663957,6.68738919823932,8.50108789260322,14.1670013906948,7.31886581681787,1.46325879667935,0.819315737241372,0.117133009029165,2702706.67731796,9.80387441836919,0.000127518162830164
25,2,-0.154407995957338,0.9982096488499,0.840909090909091,-0.286396834827421,0.286396834827421,0.19582970947213,6.89723917016218,8.42089545648117,14.1670013906948,7.66127259551172,1.50433904932451,0.828349950379303,0.121121158439225,2631582.81924608,9.72738401710058,0.000127518162830164
25,2,-0.131921317605613,0.998037020084952,0.863636363636364,-0.323693775550441,0.323693775550441,0.202222912776045,7.57243916354545,8.37847264183439,14.1670013906948,7.98655903527087,1.54601867278398,0.836932452860338,0.12469670887355,2564106.33851122,9.67212902085558,0.000127518162830164
25,2,-0.109743662646576,0.998173414712692,0.886363636363636,-0.308265545322308,0.308265545322308,0.207525044403359,7.03434797462735,8.31126640847403,14.1670013906948,8.29558115304207,1.58830832392939,0.845085830217321,0.128027201960803,2500003.68181311,9.60618449469987,0.000127518162830164
25,2,-0.0877587063716694,0.998502508024562,0.909090909090909,-0.255029050238286,0.255029050238286,0.209900244695105,5.72619731734808,8.18201295391773,14.1670013906948,8.5891521649247,1.63120300201556,0.852831538706455,0.131071611499633,2439027.98397831,9.51155066110592,0.000127518162830164
25,2,-0.0655123333718673,0.998570184611537,0.931818181818182,-0.245361277838166,0.245361277838166,0.211673296352258,5.43001523042983,8.04441306774334,14.1670013906948,8.86804462621321,1.67468143117601,0.860189961771133,0.133768403142721,2380955.89080232,9.41437124608983,0.000127518162830164
25,2,-0.0431552839425864,0.998527184769033,0.954545454545455,-0.255295575947505,0.255295575947505,0.21385441033202,5.56449320723747,7.92041707471804,14.1670013906948,9.13299246443729,1.71870595516195,0.867180463682576,0.136026039596171,2325584.82521591,9.32483919867465,0.000127518162830164
25,2,-0.0208102474467002,0.998496197859923,0.977272727272727,-0.263758874721884,0.263758874721884,0.216349633551513,5.65898994312276,7.80734571813828,14.1670013906948,9.38469291075016,1.76322297107493,0.873821440498447,0.137465520309983,2272730.62624706,9.24152444286666,0.000127518162830164
25,2,0.000331373970262949,0.999668626029737,1,-0.057328982763206,0.057328982763206,0.208398601012098,1.22968741650608,7.47846280305667,14.1670013906948,9.6238083347474,1.80816390847637,0.880130368473525,0.134784823751016,2222225.50278793,9.06348362005864,0.000127518162830164
25,3,0.0181818181818182,0,0,0,0,0,0,0,0,0,0,0,0.731699687431422,100000000,0,0.000125988734718819
25,3,0.0109317271876351,0.0295641405809599,0.0227272727272727,-0.100455586744727,0.100455586744727,0.00502277933723634,22.4170217495774,1.12085108747887,5.42891369588017,0.271445684794008,0.044438549233765,0.05,0.407008671410225,50000000.0920995,11.2085108747887,0.000125988734718819
25,3,-0.0110227078276091,0.073832625182981,0.0454545454545454,-0.0407807274671783,0.0407807274671783,0.00681067674373344,8.74947429959186,1.50228224808452,2.49532638809765,0.382639719959191,0.0889849741981156,0.0975,0.283696060507514,33333333.528316,10.3888320163898,0.000125988734718819
25,3,-0.0357116123334019,0.120835579275551,0.0681818181818182,-0.104948442799425,0.104948442799425,0.011717565046518,18.3480889687525,2.34457258411792,0.819433185484149,0.404479393235439,0.133605813328342,0.142625,0.216071366610427,25000000.451326,12.3786462544804,0.000125988734718819
25,3,-0.0644412197593497,0.171879236288275,0.0909090909090909,-0.0715935495359363,0.0715935495359363,0.0147113642709889,11.6432006330125,2.80950398656265,0.41239561474574,0.404875204310954,0.178264675235495,0.18549375,0.175163849562006,20000000.846032,12.2315571301868,0.000125988734718819
25,3,-0.0913935763282138,0.221145642443916,0.113636363636364,-0.0592987422929041,0.0592987422929041,0.0169407331720847,9.22852805786204,3.13045519012762,0.220360591329573,0.395649473661885,0.222921992083709,0.2262190625,0.149088078642257,16666668.1280294,11.7310522847994,0.000125988734718819
25,3,-0.118609888368717,0.270676004071197,0.136363636363636,-0.0390041137847792,0.0390041137847792,0.0180439022027194,5.96416561651396,3.27214071144693,0.155661528022777,0.383650076379929,0.267534947436139,0.264908109375,0.132488533796863,14285716.456053,10.9072113321872,0.000125988734718819
25,3,-0.147869670663925,0.322249835953181,0.159090909090909,-0.0791511770613185,0.0791511770613185,0.0210992659456494,11.3084203682697,3.67395469428807,0.118231997525579,0.370379172437212,0.312057620152079,0.30166270390625,0.11636235246603,12500002.9562898,10.9573624616975,0.000125988734718819
25,3,-0.174772550859789,0.371466765735822,0.181818181818182,-0.0429994185463389,0.0429994185463389,0.0221942735756839,6.03353721988662,3.791933820568,0.111275213443451,0.357423974487524,0.356441374667375,0.336579568710937,0.106182346527038,11111114.7374495,10.410270768163,0.000125988734718819
25,3,-0.198047154928404,0.417055419391214,0.204545454545455,-0.0061093625938331,0.0061093625938331,0.0213900280265913,0.857359362095837,3.64520509764439,0.113614163277262,0.345233483927011,0.40063551460212,0.319750590275391,0.100995754449618,10000004.1438765,9.45497962755624,0.000125988734718819
25,3,-0.225747383922361,0.467069697971948,0.227272727272727,-0.127738146017322,0.127738146017322,0.0267074339261279,15.6006769598807,4.24297869075621,0.099852978441184,0.332964458652719,0.444588201768951,0.353763060761621,0.0941280030662754,9090913.76849902,10.0136793850403,0.000125988734718819
25,3,-0.252302751341756,0.515939114978119,0.25,-0.0899250589243108,0.0899250589243108,0.029868315176037,10.3793199455366,4.54979575349522,0.0937769770063928,0.321005084570403,0.488247627039478,0.38607490772354,0.0869546824941159,8333338.50975728,10.0441494317483,0.000125988734718819
25,3,-0.277203078838909,0.563153492062049,0.272727272727273,-0.0234552899983282,0.0234552899983282,0.0295476639171516,2.69872686878369,4.45724230925965,0.0946676236739253,0.309688211525579,0.531563403950183,0.371319548157553,0.0835124346230627,7692313.28310468,9.47911692690488,0.000125988734718819
25,3,-0.300631318990475,0.608895781800392,0.295454545454545,-0.0768404327869407,0.0768404327869407,0.031912302360641,8.5185697484474,4.66030868121903,0.0967426098568109,0.299040931442141,0.574488141187147,0.402753570749675,0.0784857554703667,7142863.0726477,9.41050641415791,0.000125988734718819
25,3,-0.323283300749169,0.653861813145863,0.318181818181818,-0.0656144514087154,0.0656144514087154,0.0335974098130447,7.09229373802294,4.78190793405923,0.0876425879429813,0.288471014267183,0.616979136947926,0.432615892212191,0.0744723684322247,6666672.96180305,9.25595890241558,0.000125988734718819
25,3,-0.34677821959588,0.699670781579351,0.340909090909091,-0.0397662966833767,0.0397662966833767,0.0339058541565613,4.26128226739287,4.75587665072591,0.0903378928777902,0.278564358197713,0.659000127340437,0.460985097601582,0.0722950662361387,6250006.59353736,8.94379161272666,0.000125988734718819
25,3,-0.367815404140194,0.743022015710442,0.363636363636364,-0.00314709542988378,0.00314709542988378,0.0323679162202275,0.337386424271765,4.5349521394032,0.103997196876844,0.269836000131669,0.700523013045507,0.437935842721503,0.0720209506644502,5882359.7124848,8.43753248399402,0.000125988734718819
25,3,-0.388624781118111,0.786145442275136,0.386363636363636,-0.116046136453904,0.116046136453904,0.0365518272319113,11.5821207178499,4.88731056832554,0.128626180929156,0.262775509171544,0.741529483915563,0.466039050585428,0.0680605038022332,5555562.38259492,8.61223183031934,0.000125988734718819
25,3,-0.406389510892523,0.826224221636324,0.409090909090909,-0.0929263826778275,0.0929263826778275,0.0393705550042071,8.90384972864057,5.08813752634129,0.166273337898961,0.257950400607915,0.78201246032794,0.492737098056156,0.0647465025986647,5263164.67899484,8.6275801407573,0.000125988734718819
25,3,-0.426031364205068,0.868180124535647,0.431818181818182,-0.0753528608999239,0.0753528608999239,0.0411696702989929,7.04223614679719,5.18584245736408,0.223473021377836,0.256226531646411,0.821977273108759,0.518100243153348,0.0627469787967465,5000006.66878575,8.5483129410593,0.000125988734718819
25,3,-0.444532057285023,0.908994867202379,0.454545454545455,-0.0820529373291579,0.0820529373291579,0.0432138336505012,7.45593791621375,5.29934723030657,0.290912314128358,0.257960820770508,0.861442510664829,0.542195230995681,0.0612135746946466,4761911.27681795,8.49629508273332,0.000125988734718819
25,3,-0.464694622543906,0.951471482048038,0.477272727272727,-0.0983591341072212,0.0983591341072212,0.0459710986733372,8.60470515231613,5.46461512640704,0.704659836928566,0.280295771578411,0.900440472399113,0.565085469445897,0.0603047977948545,4545460.82874097,8.5012228131689,0.000125988734718819
25,3,-0.459700436897007,0.991105395574693,0.522727272727273,-0.312218892880774,0.312218892880774,0.0723196917324092,17.1754149366836,6.78724005738975,14.1670013906948,1.63209415689641,0.977231923849504,0.607489636174922,0.0664722175274472,4166672.43223755,9.38268790195367,0.000125988734718819
25,3,-0.439392735893655,0.993111744158118,0.545454545454545,-0.368879407096807,0.368879407096807,0.0871476775006291,17.0845233919413,7.30210422411732,14.1670013906948,2.25883951858633,1.01515630771607,0.627115154366176,0.0705173895899407,4000005.53777151,9.69076132155317,0.000125988734718819
25,3,-0.419195263118658,0.995228320969898,0.568181818181818,-0.328797425279985,0.328797425279985,0.0992301648895969,13.7257517571715,7.62328660077003,14.1670013906948,2.85424761219176,1.05287283951549,0.645759396647867,0.0755581401085994,3846159.17364901,9.84595326138465,0.000125988734718819
25,3,-0.397942130236184,0.9962892376742,0.590909090909091,-0.303433650897433,0.303433650897433,0.109440339189989,11.7637351643122,7.83030902894714,14.1670013906948,3.41988530111691,1.09047305477622,0.663471426815474,0.0810286084774573,3703708.83649855,9.91698222075233,0.000125988734718819
25,3,-0.375925762207442,0.996586919232235,0.613636363636364,-0.321742793939209,0.321742793939209,0.12005546192745,11.6085105014766,8.01921910257361,14.1670013906948,3.9572411055958,1.12805524398931,0.6802978554747,0.0862940137818068,3571433.52343027,9.97739394506391,0.000125988734718819
25,3,-0.353778355170448,0.996753561782018,0.636363636363636,-0.346517498775577,0.346517498775577,0.131378563769856,11.6317121897234,8.1998437569311,14.1670013906948,4.46772911985075,1.16572184076899,0.696282962700965,0.0911327037506583,3448280.645746,10.0344394017763,0.000125988734718819
25,3,-0.331908657147628,0.997197913345975,0.659090909090909,-0.326707084174497,0.326707084174497,0.141144989790088,10.3659657956003,8.30814985886456,14.1670013906948,4.95269273339295,1.20357655307696,0.711468814565917,0.0961729156752695,3333337.95990735,10.0454902815704,0.000125988734718819
25,3,-0.309735708942362,0.997339014727486,0.681818181818182,-0.334826183704806,0.334826183704806,0.150829049485824,10.0750107358084,8.39649290271176,14.1670013906948,5.41340816625805,1.24172133172195,0.725895373837621,0.100869035298297,3225810.93121959,10.0464425542878,0.000125988734718819
25,3,-0.287507093260114,0.997424448632015,0.704545454545455,-0.347073396289637,0.347073396289637,0.160641266826015,9.9212032372659,8.47272841943946,14.1670013906948,5.85108782747988,1.28025327991121,0.73960060514574,0.105485310428426,3125004.3418248,10.0425288256309,0.000125988734718819
25,3,-0.265728633841131,0.997960038799809,0.727272727272727,-0.284468940201868,0.284468940201868,0.166832650494807,7.87912326208152,8.44304816157156,14.1670013906948,6.26688350564063,1.31926161315933,0.752620574888453,0.110222026419947,3030307.24269637,9.97697108128088,0.000125988734718819
25,3,-0.243192147378286,0.997737601923741,0.75,-0.330690532202253,0.330690532202253,0.17502554458018,8.80180773356613,8.46098614017129,14.1670013906948,6.66188939989334,1.35882478004366,0.76498954614403,0.114486416230463,2941180.56116373,9.94240745340692,0.000125988734718819
25,3,-0.220904583093597,0.997764087225829,0.772727272727273,-0.341747478476814,0.341747478476814,0.183361641275011,8.74569179780122,8.47522142305279,14.1670013906948,7.03714499943341,1.39900785100861,0.776740068836829,0.118539876846028,2857146.83286153,9.90821557753247,0.000125988734718819
25,3,-0.198667410118174,0.997840963837183,0.795454545454545,-0.343325846938957,0.343325846938957,0.191359851558209,8.46934472045464,8.47492758792288,14.1670013906948,7.39363781899648,1.43986027473097,0.787903065394988,0.122348485426811,2777781.64502056,9.86824694261364,0.000125988734718819
25,3,-0.176564884326501,0.998052487632286,0.818181818181818,-0.318285619829948,0.318285619829948,0.197706139971796,7.6238552227471,8.43237396966409,14.1670013906948,7.73230599758139,1.48141408972365,0.798507912125238,0.126175671325127,2702706.46733315,9.80758770694158,0.000125988734718819
25,3,-0.154036812336241,0.997838465228803,0.840909090909091,-0.367814797781228,0.367814797781228,0.206211572862267,8.49093661194056,8.43530210177791,14.1670013906948,8.05404076723706,1.52368266331595,0.808582516518976,0.129679686052572,2631582.61478719,9.77293899391524,0.000125988734718819
25,3,-0.131812287745695,0.997927990225033,0.863636363636364,-0.365062515276787,0.365062515276787,0.214154119982993,8.14699548459365,8.4208867709187,14.1670013906948,8.35968879840995,1.56666001150748,0.818153390693028,0.132903421638111,2564106.13929486,9.73124813470186,0.000125988734718819
25,3,-0.109855197857342,0.998284949923457,0.886363636363636,-0.306989223196193,0.306989223196193,0.218795875143653,6.69885833396963,8.33478534907124,14.1670013906948,8.65005442802419,1.61032073219078,0.827245721158376,0.136057350916486,2500003.48757716,9.65543838968356,0.000125988734718819
25,3,-0.0873718779038727,0.998115679556765,0.909090909090909,-0.345951532749454,0.345951532749454,0.225153658023943,7.3462104506256,8.28535660414896,14.1670013906948,8.92590177615772,1.65462056172206,0.835883435100457,0.138895052570611,2439027.79447982,9.59911575702361,0.000125988734718819
25,3,-0.0652579512697143,0.998315802509384,0.931818181818182,-0.314097704465192,0.314097704465192,0.229600860346006,6.5293433200603,8.19755593994453,14.1670013906948,9.18795675688457,1.69949754170644,0.844089263345435,0.141394347523888,2380955.7058157,9.52602593709591,0.000125988734718819
25,3,-0.0432235096403515,0.998595410466798,0.954545454545455,-0.263221388338941,0.263221388338941,0.231281886745652,5.39424778550595,8.0573905322226,14.1670013906948,9.43690898857509,1.74487376010088,0.851884800178163,0.14346369177911,2325584.6445313,9.42993807310545,0.000125988734718819
25,3,-0.0210894539186468,0.99877540433187,0.977272727272727,-0.229491990971096,0.229491990971096,0.231192391956925,4.65413729496971,7.88722787035995,14.1670013906948,9.67341360868107,1.7906576092607,0.859290560169255,0.144724098296201,2272730.44966892,9.32139714632963,0.000125988734718819
25,3,0,1,1,-0.00152601530729202,0.00152601530729202,0.219709073124443,0.0309633252383544,7.49441464310387,14.1670013906948,9.89809299778176,1.8367464842487,0.816326032160792,0.141890663697588,2222225.33013376,9.11494306141649,0.000125988734718819
27,1,0.0181818181818182,0,0,0,0,0,0,0,0,0,0,0,0.731855155270015,100000000,0,0.000277777777777778
27,1,0.00313777505189961,0.0373580927166954,0.0227272727272727,0.206936686144437,0.206936686144437,0.0103468343072219,28.4752749381508,1.42376374690754,14.7714938292027,0.738574691460133,0.0205086877484189,0.05,0.372700885375501,50000000.033849,14.2376374690754,0.000277777777777778
27,1,0.0034775941716656,0.0593323231837063,0.0454545454545454,-0.0982576144495644,0.0982576144495644,0.014742373314339,12.4372205436311,1.97443658674372,3.57875295604494,0.880583604689374,0.0409530808873874,0.0975,0.262392771206923,33333333.4490416,13.6374984939273,0.000277777777777778
27,1,0.00262816361895132,0.0824958033231974,0.0681818181818182,-0.0793863889204252,0.0793863889204252,0.0179745740946433,9.58102790953599,2.35476615288334,2.03646185448293,0.938377517179052,0.0612947946244953,0.142625,0.204102054281891,25000000.2095432,12.6233808478295,0.000277777777777778
27,1,0.00254930416834888,0.104888712360577,0.0909090909090909,0.0078126434268917,0.0078126434268917,0.0174664775612557,0.942948891041175,2.28417528979123,0.994476913352246,0.941182486987711,0.0814997492316049,0.13549375,0.17022646918519,20000000.3687453,10.2872944564718,0.000277777777777778
27,1,0.00207596425693918,0.127676101858763,0.113636363636364,-0.0313168580498684,0.0313168580498684,0.0181589965856864,3.75493246162735,2.35771314838303,0.765134892776532,0.932380107277152,0.101538880690782,0.164218503641214,0.144813449457581,16666667.1917809,9.19856745733109,0.000277777777777778
27,1,0.00152004006130335,0.150546075641176,0.136363636363636,-0.0528372653851013,0.0528372653851013,0.0198929100256571,6.21481478107949,2.55056823001786,0.568238395292617,0.914173021677925,0.121388647232666,0.206007578459153,0.124265119414425,14285714.9872158,8.77231707500943,0.000277777777777778
27,1,0.00286834341676268,0.171511821872494,0.159090909090909,-0.0319869674490665,0.0319869674490665,0.0204976128968276,3.73785883986428,2.60993276051018,0.417913291883147,0.889360035188187,0.141031325346202,0.233844866658505,0.109834507487687,12500000.9129189,8.14300979561629,0.000277777777777778
27,1,0.00446557422813335,0.1922286406479,0.181818181818182,-0.0113439674792977,0.0113439674792977,0.0200399306259511,1.32510542383038,2.54569139367619,0.296027911272626,0.859693428992409,0.160455097608705,0.222152623325579,0.100402886200805,11111112.2979346,7.38546486541785,0.000277777777777778
27,1,0.00739601890494151,0.211612245557868,0.204545454545455,-0.0592816428022798,0.0592816428022798,0.0220020162347675,6.76771711160189,2.75679267957247,0.23636466381903,0.82852699073374,0.179653943024714,0.2610449921593,0.0913427635077881,10000001.4912162,7.32369009003626,0.000277777777777778
27,1,0.00906264177973079,0.232259672269856,0.227272727272727,-0.00329769480748388,0.00329769480748388,0.0210668001634033,0.376633440935024,2.6377847176406,0.203714004354057,0.797286341414755,0.198627348113723,0.247992742551335,0.0856523624645904,9090910.89281859,6.69213948557251,0.000277777777777778
27,1,0.0104626149930845,0.253173748643279,0.25,-0.0173805098336874,0.0173805098336874,0.0208824856469175,1.98213560778393,2.60500226214777,0.1755100384802,0.766197526268028,0.217379863435521,0.235593105423769,0.0806556182812174,8333335.45989036,6.29963916242346,0.000277777777777778
27,1,0.0133880304805903,0.27256238274255,0.272727272727273,-0.0363832009771698,0.0363832009771698,0.0216575214134302,4.116031099505,2.68055370401563,0.153840081473635,0.735579654028308,0.235920535328349,0.27381345015258,0.0751239271827489,7692310.15530314,6.13166931142973,0.000277777777777778
27,1,0.0155639228330357,0.292700539976882,0.295454545454545,-0.0288408793573121,0.0288408793573121,0.0220166893106242,3.24714549963242,2.70888329379647,0.136016684204462,0.705601505537116,0.254262246167128,0.285874271177676,0.070743539682316,7142859.95507001,5.92563189630135,0.000277777777777778
27,1,0.0184569689733693,0.312121543423325,0.318181818181818,-0.0527393641398897,0.0527393641398897,0.0235528230520875,5.83866717912206,2.86537248806275,0.123224784154151,0.676482669467967,0.272420998309367,0.321580557618792,0.0662782100098718,6666669.83241538,5.9198342484894,0.000277777777777778
27,1,0.0216051091575492,0.331287452825922,0.340909090909091,-0.0562812267701895,0.0562812267701895,0.0251892432379926,6.11618792515829,3.02791325991752,0.11490767082278,0.648403919535708,0.290415177047342,0.355501529737852,0.0627081116616167,6250003.51180437,5.93210635328121,0.000277777777777778
27,1,0.0235071012130193,0.351699510357229,0.363636363636364,-0.0441141252015851,0.0441141252015851,0.0261354873361722,4.74212820132587,3.11362400698794,0.110724103263738,0.621519928722109,0.308264826369059,0.38772645325096,0.0591077766849675,5882356.7776663,5.8621076384603,0.000277777777777778
27,1,0.0254522857518916,0.372068375405133,0.386363636363636,-0.00268415602987115,0.00268415602987115,0.0249629207708572,0.288670588218172,2.97237633604945,0.111346107711685,0.596011237671588,0.325990968267131,0.368340130588412,0.0575826725178554,5555559.67785181,5.55247224678018,0.000277777777777778
27,1,0.0271698173146168,0.392664893429185,0.409090909090909,-0.0460218883323109,0.0460218883323109,0.0260158691489299,4.89233131784399,3.06837408513918,0.116873002653389,0.572054325920678,0.343614991914433,0.399923124058991,0.0549075733857589,5263162.2504015,5.51772798736249,0.000277777777777778
27,1,0.031507077548304,0.410641682782275,0.431818181818182,-0.0419345417964978,0.0419345417964978,0.0268118027813083,4.41634980397575,3.13577287108101,0.115897354513334,0.549246477350311,0.361158133499805,0.429926967856042,0.0521959350739484,5000004.56929766,5.46265907819315,0.000277777777777778
27,1,0.0348299102008598,0.429632899716495,0.454545454545455,-0.0584868735560771,0.0584868735560771,0.0283955563200467,6.04885408096872,3.28142693157539,0.109446266760462,0.527256466820818,0.378641061186095,0.458430619463239,0.0502327590050005,4761909.54870747,5.49057312594437,0.000277777777777778
27,1,0.0372852758276367,0.449491583676496,0.477272727272727,-0.0627969145224911,0.0627969145224911,0.0301156242301689,6.36487838231241,3.43559950411225,0.103862603739631,0.506086773666759,0.396083572850465,0.485509088490077,0.0485717311025198,4545459.55231642,5.5303142739611,0.000277777777777778
27,1,0.0428733657509518,0.488531592926734,0.522727272727273,-0.00273592824473301,0.00273592824473301,0.0283379031753425,0.276913151106108,3.21784204656042,0.0963441272982126,0.46630575066313,0.430921163322722,0.438171952362295,0.0461796859642092,4166672.10585296,5.17166633992167,0.000277777777777778
27,1,0.0457378020417231,0.50798120622274,0.545454545454545,0.00421495969174357,0.00421495969174357,0.0271317560011625,0.426785842322975,3.07828923634855,0.0942974288879867,0.447705334574373,0.448350313564398,0.41626335474418,0.0457556605939402,4000005.64580856,4.98187112001773,0.000277777777777778
27,1,0.0494521135819612,0.526580944269278,0.568181818181818,-0.0142433817741749,0.0142433817741749,0.0264873372898132,1.44143580352907,2.99644656470758,0.0934017255098483,0.429990154121146,0.46580729747126,0.395450187006971,0.0448197905645638,3846159.68660209,4.84570053092201,0.000277777777777778
27,1,0.0513574563571715,0.546989651080845,0.590909090909091,-0.0420439390814402,0.0420439390814402,0.0272651673793945,4.21893599751774,3.05757103634809,0.093615012431307,0.413171397036654,0.483306670299972,0.425677677656622,0.0433268949125103,3703709.72347044,4.82248702968481,0.000277777777777778
27,1,0.0539355524481645,0.566725604576629,0.613636363636364,-0.0388600743896657,0.0388600743896657,0.0278449127299081,3.87204275078953,3.09829462207016,0.0950099623646555,0.397263325303054,0.500862284907025,0.454393793773791,0.0418449066883265,3571434.75210407,4.78854259115284,0.000277777777777778
27,1,0.0566952474997521,0.586279959111818,0.636363636363636,-0.0157177732002638,0.0157177732002638,0.0272385557534259,1.56499264177224,3.02162952305526,0.0975383511518933,0.382277076595496,0.518487480455788,0.431674104085102,0.0409597937229074,3448282.18314798,4.67738569634661,0.000277777777777778
27,1,0.0602585053668512,0.605030750831496,0.659090909090909,0.000946103239610974,0.000946103239610974,0.0259239331277351,0.0942486501132442,2.87526047940816,0.0981381010904972,0.368070127820246,0.536195252729823,0.410090398880847,0.0405214638299561,3333339.78336713,4.52461446147217,0.000277777777777778
27,1,0.0649490888352376,0.622654216949886,0.681818181818182,0.00261140054693865,0.00261140054693865,0.0247583064986953,0.26026312875541,2.74451061187552,0.0927672634047697,0.354304984599473,0.553998382389598,0.389585878936804,0.0401292618018663,3225813.04131221,4.38705474106195,0.000277777777777778
27,1,0.0687075092123003,0.641209846159601,0.704545454545455,-0.092959591713567,0.092959591713567,0.0281683707594389,8.895112137294,3.05204068814645,0.0890328662132733,0.341041378680163,0.57190950060763,0.420106584989964,0.0398477107267606,3125006.73476518,4.5279315346942,0.000277777777777778
27,1,0.0718544249431172,0.66037698001556,0.727272727272727,-0.0222018880574053,0.0222018880574053,0.0278700466243372,2.12073088852895,3.00547519816557,0.0872936031241587,0.328353989902362,0.589941075854231,0.399101255740466,0.038833330349835,3030309.9081236,4.45498606056798,0.000277777777777778
27,1,0.0736635132436873,0.680881941301767,0.75,-0.0585406532610993,0.0585406532610993,0.0294035769561753,5.50906651886166,3.13065476420038,0.0877680420789504,0.316324692511192,0.608105310954195,0.429146192953442,0.0379303156312371,2941183.48122787,4.48598842698838,0.000277777777777778
27,1,0.0751014530171618,0.70175805111507,0.772727272727273,-0.0420059522045517,0.0420059522045517,0.0300336957185941,3.92444438231422,3.17034424510607,0.0907412724075706,0.305045521506011,0.626413945613957,0.45768888330577,0.0368745404119334,2857149.98234547,4.46994431142626,0.000277777777777778
27,1,0.0779019019403955,0.721271651778613,0.795454545454545,0.0268098352305173,0.0268098352305173,0.0298725026941903,2.49815471597985,3.13673476864976,0.0957769156211181,0.294582091211766,0.644877966110838,0.452559695953542,0.0370273472240729,2777784.9950839,4.41517237821942,0.000277777777777778
27,1,0.0787687587011907,0.742718844604594,0.818181818181818,-0.0594077221165858,0.0594077221165858,0.03134926366531,5.45537587415661,3.2526668239251,0.10390083635728,0.285048028469042,0.663507230400116,0.479931711155865,0.0360665253279969,2702709.98506979,4.44328598621772,0.000277777777777778
27,1,0.079657124292081,0.764144528600481,0.840909090909091,-0.0784627408968719,0.0784627408968719,0.0337049375268881,7.02848166076891,3.44145756576729,0.114654740546694,0.276528364072924,0.682310023184458,0.505935125598072,0.0356634350754108,2631586.2676163,4.51131745133749,0.000277777777777778
27,1,0.0811334427544325,0.784982259724906,0.863636363636364,-0.0156958098557651,0.0156958098557651,0.032804481143332,1.4053023196587,3.33964980346186,0.127560005225872,0.269079946130572,0.701292561167019,0.480638369318168,0.0350379782456633,2564109.89766326,4.4316760377047,0.000277777777777778
27,1,0.0833637503168054,0.80506600174931,0.886363636363636,-0.0256030010278412,0.0256030010278412,0.0324444071375574,2.28746762443945,3.28704069451074,0.143269885200622,0.262789443084074,0.720458473464381,0.469610391906752,0.0343123354313289,2500007.32471753,4.37807082737307,0.000277777777777778
27,1,0.083364402029055,0.827379399623837,0.909090909090909,-0.0366216889376201,0.0366216889376201,0.0326532712275606,3.25615523737884,3.28549642165414,0.167301529897175,0.258015047424729,0.739808285720685,0.496129872311415,0.0335132092127777,2439031.68209592,4.35070703249516,0.000277777777777778
27,1,0.0842447667526548,0.848813084487015,0.931818181818182,0.00942623060249526,0.00942623060249526,0.0314919191963073,0.838241997870195,3.16313370046495,0.194516926833363,0.254840141395161,0.759338938627435,0.471323378695844,0.033257479111068,2380959.62159223,4.26707691262314,0.000277777777777778
27,1,0.0859481839662447,0.869423716860202,0.954545454545455,0.00677982488536566,0.00677982488536566,0.0302563144807602,0.603098282803401,3.03513192958187,0.224789519377346,0.25333761029427,0.779043372168082,0.447757209761052,0.0328186169078038,2325588.57105767,4.18186810727849,0.000277777777777778
27,1,0.086030304924404,0.891655645488819,0.977272727272727,0.0229258267189008,0.0229258267189008,0.0298897900926672,2.03614983359018,2.98518282478228,0.261831082016909,0.253762283880402,0.798910205900141,0.427833233993081,0.0321289622628526,2272734.37215309,4.13310178287649,0.000277777777777778
27,1,0.0847257101972634,0.915274289802737,1,0.209846062794196,0.209846062794196,0.0388876037277437,16.0622386760128,3.63903561734381,0.307917362919754,0.25647003783237,0.818923542965456,0.456441572293427,0.0337216004678022,2222229.23605245,4.39819371383507,0.000277777777777778
27,2,0.0181818181818182,0,0,0,0,0,0,0,0,0,0,0,0.731733373084746,100000000,0,0.000125460522220049
27,2,0.00660822482792049,0.0338876429406745,0.0227272727272727,-0.0770923821960068,0.0770923821960068,0.00385461910980034,19.313433103558,0.965671655177899,4.93589926875275,0.246794963437638,0.0445316648955157,0.05,0.381616102032683,50000000.1012987,9.65671655177899,0.000125460522220049
27,2,-0.015140477863488,0.0779503952188599,0.0454545454545454,-0.116397607560072,0.116397607560072,0.00948176853231391,21.4430043722074,1.98953829102937,2.03231019284623,0.336070724908067,0.0889477567708883,0.0975,0.257256525036872,33333333.5648827,13.5854791585885,0.000125460522220049
27,2,-0.0419543747169792,0.127078341659128,0.0681818181818182,-0.0630943752580264,0.0630943752580264,0.0121623988685995,10.9145543401085,2.43578909348333,0.763061038021942,0.357420240563761,0.133202099653679,0.142625,0.198241194815215,25000000.5012898,12.9177479539685,0.000125460522220049
27,2,-0.0679120118942107,0.175350028423136,0.0909090909090909,-0.112153778561349,0.112153778561349,0.017161967853237,16.5429722344329,3.14114825053081,0.387768692510949,0.35893766316112,0.177255051394983,0.18549375,0.161730474280632,20000000.9168033,13.6427928100614,0.000125460522220049
27,2,-0.0915679745341424,0.221320040649845,0.113636363636364,-0.0781953172373226,0.0781953172373226,0.0202136353224413,10.840535919451,3.52611763397682,0.219858319461033,0.351983695976116,0.221073440225948,0.2262190625,0.134985754819001,16666668.1887333,13.1757499949596,0.000125460522220049
27,2,-0.115436907880782,0.267503023583262,0.136363636363636,-0.0552999075983367,0.0552999075983367,0.0219679489362361,7.4541455610865,3.7225190303323,0.158873224020813,0.342328172378351,0.264630261243036,0.264908109375,0.117838213784275,14285716.4895324,12.3583779329778,0.000125460522220049
27,2,-0.137696704928278,0.312076870217534,0.159090909090909,-0.0745610332707005,0.0745610332707005,0.0245976031529593,9.58267526892031,4.0155268422617,0.123147806063583,0.331369154062612,0.307904183737843,0.30166270390625,0.10323721888094,12500002.9433813,12.0114150999706,0.000125460522220049
27,2,-0.164871522824207,0.36156573770024,0.181818181818182,-0.0458626140218183,0.0458626140218183,0.0256608536964022,5.7973212535394,4.10461656282559,0.110431351751817,0.320322263947073,0.35087892704558,0.336579568710937,0.0943724713727274,11111114.7336055,11.3209602281449,0.000125460522220049
27,2,-0.189019398185723,0.408027662648533,0.204545454545455,-0.0707598625798882,0.0707598625798882,0.0279158041405765,8.61081064136746,4.32992626675268,0.116799830207509,0.310146142260094,0.393542565992895,0.369750590275391,0.0856116898616914,10000004.1164106,11.0499452694672,0.000125460522220049
27,2,-0.211219144588533,0.452541458638119,0.227272727272727,-0.0825022171038197,0.0825022171038197,0.0306451247887387,9.57340684008467,4.59210029541928,0.103069539325492,0.299792312113364,0.435886826977809,0.401263060761621,0.0782057201484008,9090913.71511759,10.9157145031597,0.000125460522220049
27,2,-0.236606396931653,0.500242760568017,0.25,-0.030949206459121,0.030949206459121,0.0306603288722578,3.57011480905146,4.54100102110089,0.0949704425105994,0.289551218633226,0.477906432280864,0.415251901657087,0.0747136945814484,8333338.44965711,10.3035811953173,0.000125460522220049
27,2,-0.258561865504947,0.544512278728087,0.272727272727273,-0.0448806370160102,0.0448806370160102,0.0313713442794454,5.11163335209971,4.56953263765083,0.0935248218873845,0.279749898795934,0.519598543622655,0.444489306574233,0.0713001424236164,7692313.23755646,9.90420059199287,0.000125460522220049
27,2,-0.282559804165939,0.590824266975856,0.295454545454545,-0.0491864157884039,0.0491864157884039,0.0322620978548933,5.51882418302127,4.61699721491935,0.0983145026727284,0.270678128989774,0.560962346638863,0.472264841245521,0.0684183011461345,7142863.01854809,9.59095941992348,0.000125460522220049
27,2,-0.308917632365129,0.639496144761823,0.318181818181818,-0.0503384155296365,0.0503384155296365,0.0331659137386305,5.56278763780972,4.66428673606387,0.0892897601860354,0.261608710549587,0.601998806364659,0.498651599183245,0.0661904725186979,6666672.89727772,9.32241463444922,0.000125460522220049
27,2,-0.333479502766091,0.686372064749562,0.340909090909091,-0.0407947530660482,0.0407947530660482,0.0335473557050014,4.46520363517468,4.65433258101941,0.0883110312214908,0.252943826583182,0.642710610639704,0.523719019224083,0.0646879476490057,6250006.54892372,9.01883894699457,0.000125460522220049
27,2,-0.35490197287042,0.730108584440668,0.363636363636364,-0.0407316740053099,0.0407316740053099,0.0339065716200168,4.41680740074904,4.64245632200589,0.0988317912180627,0.245238224814926,0.683102304274709,0.547533068262879,0.0633375604274623,5882359.70005772,8.74813120898012,0.000125460522220049
27,2,-0.375970438779578,0.773491099936602,0.386363636363636,-0.0711759153388054,0.0711759153388054,0.0357700388059562,7.50152788379451,4.78540990009532,0.12024869855464,0.238988748501912,0.723180602615162,0.570156414849735,0.0610875039413465,5555562.40094886,8.67887546869203,0.000125460522220049
27,2,-0.401721795678592,0.821556506422393,0.409090909090909,-0.0912922962414333,0.0912922962414333,0.0385461516777301,9.20923750612524,5.00660128039682,0.160976149810765,0.235088118567354,0.762954859558413,0.591648594107248,0.0587249930172686,5263164.70679894,8.70678926013589,0.000125460522220049
27,2,-0.421768517835685,0.863917278166264,0.431818181818182,-0.078333970906622,0.078333970906622,0.0405355426391747,7.6699313276914,5.13976778276155,0.217048437823763,0.234186134530175,0.802437652857076,0.612066164401886,0.0569479249753189,5000006.70182232,8.65494636351366,0.000125460522220049
27,2,-0.442813641483852,0.907276451401207,0.454545454545455,-0.0473890150766172,0.0473890150766172,0.0408782162610468,4.59310306788121,5.11243454701753,0.286030208275415,0.236778338217437,0.841645439338277,0.631462856181791,0.0567774072151356,4761911.31107527,8.46152525419783,0.000125460522220049
27,2,-0.461492146470504,0.948269005974637,0.477272727272727,-0.139504176264253,0.139504176264253,0.0458095142612071,12.4376820895913,5.47869692414622,0.657123740846692,0.257795608348899,0.880599225049838,0.649889713372702,0.0549587570817181,4545460.86610745,8.64225965580662,0.000125460522220049
27,2,-0.458769063672243,0.990174022349929,0.522727272727273,-0.31600783126967,0.31600783126967,0.069717281356427,18.3857296380069,6.76251084553954,14.1670013906948,1.56214777522569,0.957855211866941,0.684025466318863,0.0607828588168377,4166672.46672597,9.47647709449165,0.000125460522220049
27,2,-0.439805821754505,0.993524830018968,0.545454545454545,-0.314972558959997,0.314972558959997,0.0819800452366055,15.8614822807998,7.21745941730255,14.1670013906948,2.19239045599914,0.99622721423814,0.69982419300292,0.0654748065677804,4000005.57088039,9.73187730194398,0.000125460522220049
27,2,-0.418628951640454,0.994662009491694,0.568181818181818,-0.350539662367397,0.350539662367397,0.0954080260931451,15.4195208017783,7.62756248652634,14.1670013906948,2.79112100273393,1.03448531243629,0.714832983352774,0.0701040910780983,3846159.20548447,9.95063282116837,0.000125460522220049
27,2,-0.397393399828001,0.995740507266017,0.590909090909091,-0.34466944408188,0.34466944408188,0.107871096992582,13.6767968408345,7.93002420424174,14.1670013906948,3.35991502213197,1.07267968628901,0.729091334185135,0.075325675977418,3703708.86715492,10.0886388959708,0.000125460522220049
27,2,-0.375754720188229,0.996415877213022,0.613636363636364,-0.337822913415636,0.337822913415636,0.119368687813735,12.3472311923935,8.15088455364933,14.1670013906948,3.90026934056011,1.11086616268336,0.742636767475879,0.0805721474016107,3571433.55299177,10.1693029065573,0.000125460522220049
27,2,-0.353857656360933,0.996832862972503,0.636363636363636,-0.33573395380742,0.33573395380742,0.130186951113419,11.4447728559087,8.3155789687623,14.1670013906948,4.41360594306684,1.14910548359972,0.755504929102085,0.0856481582938061,3448280.67428814,10.2132846289488,0.000125460522220049
27,2,-0.33140041409965,0.996689670297997,0.659090909090909,-0.398710678227338,0.398710678227338,0.143613137469115,12.492325347991,8.52441628772373,14.1670013906948,4.90127571544824,1.18746225678605,0.76772968264698,0.0901473357693441,3333337.98749809,10.2892526529168,0.000125460522220049
27,2,-0.309799265711942,0.997402571497066,0.681818181818182,-0.335264899849343,0.335264899849343,0.153195725588126,9.97333651028832,8.59686229885196,14.1670013906948,5.36456199921057,1.22600360187743,0.779343198514632,0.0949956113383778,3225810.95792029,10.2790618096062,0.000125460522220049
27,2,-0.265955139529997,0.998186544488674,0.727272727272727,-0.252599556147566,0.252599556147566,0.166226983383357,7.01732323404856,8.5463032771456,14.1670013906948,6.22279983988028,1.30391104105303,0.800857236659455,0.105226363321918,3030307.26777886,10.147374965864,0.000125460522220049
27,2,-0.242932692030957,0.997478146576412,0.75,-0.374717974730734,0.374717974730734,0.176651532950726,9.89231951135554,8.6136040888561,14.1670013906948,6.62000991742101,1.34340818115639,0.810814374826482,0.109577495022999,2941180.58550849,10.139873334849,0.000125460522220049
27,2,-0.22090981990912,0.997769324041351,0.772727272727273,-0.346163925304733,0.346163925304733,0.185127152568426,8.78332557308906,8.62209016306775,14.1670013906948,6.9973594910847,1.38334782709033,0.820273656085158,0.113850669929884,2857146.85651073,10.1011148273702,0.000125460522220049
27,2,-0.19875885828799,0.997932412006998,0.795454545454545,-0.331806550855323,0.331806550855323,0.192461122482771,8.13944096322736,8.59795770307573,14.1670013906948,7.3558415860652,1.42378158366793,0.8292599732809,0.117854397517193,2777781.66801283,10.0466238866995,0.000125460522220049
27,2,-0.176379655454295,0.997867258760081,0.818181818181818,-0.355472166054794,0.355472166054794,0.200611674661372,8.41014188385614,8.58856691211475,14.1670013906948,7.69639957629668,1.46475169809763,0.837796974616855,0.121797327691526,2702706.48970401,10.0023946433794,0.000125460522220049
27,2,-0.154208572353256,0.998010225245818,0.840909090909091,-0.341567105584001,0.341567105584001,0.207659446207504,7.83322636544614,8.55079988478132,14.1670013906948,8.01992966701659,1.50628914150776,0.845907125886012,0.125509358889488,2631582.63656934,9.94531126764436,0.000125460522220049
27,2,-0.131760049763241,0.997875752242579,0.863636363636364,-0.378788736351676,0.378788736351676,0.216215910714712,8.38043064738798,8.54228142291165,14.1670013906948,8.32728325320049,1.54841193635422,0.853611769591712,0.128941164024719,2564106.1605185,9.90518612353522,0.000125460522220049
27,2,-0.109827951221981,0.998257703288097,0.886363636363636,-0.315951028732122,0.315951028732122,0.221202666615583,6.82868135860893,8.45660141969652,14.1670013906948,8.61926916007521,1.5911238113912,0.860931181112126,0.13220120729256,2500003.5082702,9.82827350441206,0.000125460522220049
27,2,-0.0875098592666577,0.99825366091955,0.909090909090909,-0.322455274923692,0.322455274923692,0.226265297030988,6.80918160789855,8.37423042910662,14.1670013906948,8.89665577160619,1.63441325629327,0.86788462205652,0.135141382054968,2439027.81466816,9.75463711669222,0.000125460522220049
27,2,-0.0654375878665381,0.998495439106207,0.931818181818182,-0.280037166547607,0.280037166547607,0.228953890506819,5.8155040730024,8.24629411130141,14.1670013906948,9.16017305256062,1.67825303491425,0.874490390953694,0.137739227984634,2380955.72552336,9.66084823469961,0.000125460522220049
27,2,-0.0431134689996968,0.998485369826143,0.954545454545455,-0.28461479806864,0.28461479806864,0.23173693588491,5.81276263084642,8.12461753727866,14.1670013906948,9.41051446946733,1.72260020004846,0.880765871406009,0.139902879473545,2325584.66378065,9.5713578718193,0.000125460522220049
27,2,-0.0211198820811177,0.998805832494341,0.977272727272727,-0.224201248156654,0.224201248156654,0.231360151498497,4.53388166083557,7.9450807434565,14.1670013906948,9.6483388155287,1.76739663406084,0.886727577835709,0.141253030369724,2272730.46848078,9.45686977611512,0.000125460522220049
27,2,0,1,1,0.0116591880027115,0.0116591880027115,0.220375103323708,0.23588788281849,7.5596211004246,14.1670013906948,9.874271944287,1.81257011963038,0.842391198943923,0.138488960763976,2222225.34852758,9.2519590673752,0.000125460522220049
27,3,0.0181818181818182,0,0,0,0,0,0,0,0,0,0,0,0.73173541038602,100000000,0,0.000126577691822272
27,3,0.00102733478464524,0.0394685329839498,0.0227272727272727,-0.0353929997793414,0.0353929997793414,0.00176964998896707,10.5555957424398,0.527779787121988,6.03481752854222,0.301740876427111,0.0436960854168286,0.05,0.376201773261878,50000000.0828525,5.27779787121988,0.000126577691822272
27,3,-0.0229958563699945,0.0858057737253664,0.0454545454545454,-0.121588729527704,0.121588729527704,0.00776060396590394,23.8385257927298,1.69331708740238,1.72174820056781,0.372741242634146,0.0874466413613017,0.0975,0.2520227614303,33333333.58217,11.4647071783899,0.000126577691822272
27,3,-0.0519415624479234,0.137065529390072,0.0681818181818182,-0.043222828486555,0.043222828486555,0.0095337151919365,8.1892210243425,2.01811228424939,0.67785815527287,0.387997088266082,0.131218401045909,0.142625,0.200104493108904,25000000.5554362,10.645835639878,0.000126577691822272
27,3,-0.0770772768387596,0.184515293367685,0.0909090909090909,-0.0815398560454299,0.0815398560454299,0.0131340222346112,13.8866290349407,2.61153812178395,0.335938504591679,0.385394159082362,0.174976277002581,0.18549375,0.162197585426294,20000001.0396961,11.2939943188906,0.000126577691822272
27,3,-0.103617335028393,0.233369401144096,0.113636363636364,-0.0436268183548902,0.0436268183548902,0.0146586620406251,7.23632991417684,2.8427777114036,0.201862952220264,0.376217598739257,0.218683106013406,0.2262190625,0.140747605422109,16666668.3587227,10.6177169181049,0.000126577691822272
27,3,-0.126799001542583,0.278865117245063,0.136363636363636,0.0036501552091277,0.0036501552091277,0.0141082366990502,0.60563887028997,2.73092076934791,0.14779115871096,0.364796276737842,0.26229954409049,0.214908109375,0.130353594525912,14285716.702663,9.18742005413137,0.000126577691822272
27,3,-0.155819159560413,0.330199324849669,0.159090909090909,-0.072683839373012,0.072683839373012,0.0170370168327483,11.2731157470197,3.1580305182315,0.115216850993134,0.352317305450607,0.30578415302138,0.25416270390625,0.115855966194204,12500003.1997409,9.44813201574241,0.000126577691822272
27,3,-0.182049217592529,0.378743432468562,0.181818181818182,-0.0172276089563752,0.0172276089563752,0.0170465464389297,2.66380255808853,3.13331912022435,0.112593273704385,0.340331103863296,0.349093709370095,0.241454568710937,0.108292824280418,11111114.9421613,8.69431763155865,0.000126577691822272
27,3,-0.205681957831907,0.424690222294717,0.204545454545455,-0.0976499053127595,0.0976499053127595,0.0210767143826212,13.6310723257324,3.65820678049976,0.1109532536957,0.328862211354916,0.392183754076213,0.279381840275391,0.0987092039552302,10000004.3492257,9.18799310097602,0.000126577691822272
27,3,-0.22612332138663,0.467445635436216,0.227272727272727,0.00190442555884918,0.00190442555884918,0.0201180999414326,0.265964756954574,3.4885946793225,0.0998451164856529,0.317411356611453,0.435009386560768,0.265412748261621,0.0946734487046983,9090913.95525174,8.37689961515589,0.000126577691822272
27,3,-0.248442781425997,0.512079145062361,0.25,-0.102709284750067,0.102709284750067,0.0242476591818643,13.068367820728,3.96758333639277,0.0939963520134427,0.306240606381552,0.477526292244499,0.30214211084854,0.0878081777513717,8333338.67887332,8.76785529895356,0.000126577691822272
27,3,-0.269614886135972,0.555565299359112,0.272727272727273,-0.0578612653928534,0.0578612653928534,0.0259283394924138,7.17371551986946,4.12788994556661,0.094082582325223,0.295632705178736,0.51969197737474,0.337035005306113,0.0819823823568263,7692313.4442646,8.64522916210094,0.000126577691822272
27,3,-0.2916397277154,0.599904190525318,0.295454545454545,-0.071791735676451,0.071791735676451,0.0282215093016156,8.57187857886502,4.35008937723153,0.0999774465220258,0.2858499422459,0.561467170816515,0.370183255040807,0.0767419972889317,7142863.19840684,8.63998983472695,0.000126577691822272
27,3,-0.315257072088933,0.645835584485627,0.318181818181818,-0.0994750567489642,0.0994750567489642,0.031784186673983,11.123723614957,4.6887710891178,0.0884096367008285,0.275977926968647,0.602817339739013,0.401674092288767,0.0720518218285053,6666673.07257866,8.80557208674228,0.000126577691822272
27,3,-0.339561868574684,0.692454430558155,0.340909090909091,-0.104029397568255,0.104029397568255,0.0353964472186967,10.922522817466,5.00045867553521,0.0891261525474866,0.266635338247589,0.64371425560577,0.431590387674329,0.0679959446483921,6250006.70679569,8.93788150741251,0.000126577691822272
27,3,-0.361743616920914,0.736950228491162,0.363636363636364,-0.0443090844655734,0.0443090844655734,0.0358420790810405,4.60492650700325,4.98068206710861,0.101467356917091,0.258376939181064,0.684137539144986,0.460010868290612,0.0659516670944926,5882359.83318338,8.68300180150609,0.000126577691822272
27,3,-0.383010162293941,0.780530823450965,0.386363636363636,-0.113255134404253,0.113255134404253,0.0397127318472011,11.0358162208323,5.28343877479479,0.124771609111853,0.251696672677603,0.72407610849915,0.487010324876081,0.062458162101237,5555562.50993118,8.81371371369088,0.000126577691822272
27,3,-0.404400024374134,0.824234735117936,0.409090909090909,-0.109582629277268,0.109582629277268,0.0432062267187044,10.1213168742399,5.52533267976705,0.163965489031384,0.247310113495292,0.763529453846185,0.512659808632277,0.0591821150801097,5263164.8040845,8.88253493266714,0.000126577691822272
27,3,-0.431127262557811,0.87327602288839,0.431818181818182,-0.047482996951711,0.047482996951711,0.0434200652303547,4.34619948779476,5.46637602016843,0.231248479322041,0.24650703178663,0.802508664597406,0.537026818200663,0.0587922341265565,5000006.78009792,8.65571816042352,0.000126577691822272
27,3,-0.451201178350868,0.915663988268223,0.454545454545455,-0.0904304311970971,0.0904304311970971,0.0457705835286919,8.01123686217181,5.5936190622686,0.316548797975377,0.250009120096067,0.841037141786473,0.56017547729063,0.0576482373048477,4761911.36957281,8.62502857479249,0.000126577691822272
27,3,-0.469301432750441,0.956078292254573,0.477272727272727,-0.0929429815087683,0.0929429815087683,0.0481292034276957,7.97188290582185,5.71253225444626,0.849765311987087,0.279996929690618,0.87915093826841,0.582166703426099,0.0572131277856461,4545460.90626475,8.59534013529382,0.000126577691822272
27,3,-0.470751249680293,0.979842158771202,0.5,-0.375824414265792,0.375824414265792,0.0645139639696005,22.579599560866,6.55588561976725,14.1670013906948,0.974347152740827,0.916898682480542,0.603058368254794,0.0591219335588738,4347832.17427874,9.20335141466652,0.000126577691822272
27,3,-0.459079413477526,0.990484372155212,0.522727272727273,-0.35113182581404,0.35113182581404,0.0788448570618225,17.555420579059,7.10586236773184,14.1670013906948,1.63397986463853,0.954341057256662,0.622905449842054,0.0628804209485382,4166672.50329156,9.55135429651621,0.000126577691822272
27,3,-0.440142454373116,0.993861462637579,0.545454545454545,-0.32695998455921,0.32695998455921,0.0912506134366919,14.5271632474324,7.47692741171686,14.1670013906948,2.26063094094134,0.991549822879501,0.641760177349952,0.0677634386609099,4000005.60598336,9.75038665455286,0.000126577691822272
27,3,-0.419146537388815,0.995179595240055,0.568181818181818,-0.33183724644299,0.33183724644299,0.103279945087007,13.3683076331886,7.77149642279045,14.1670013906948,2.85594946342901,1.02860639244976,0.659672168482454,0.073069142629091,3846159.23923733,9.88953746142346,0.000126577691822272
27,3,-0.398207821124646,0.996554928562663,0.590909090909091,-0.277954691100864,0.277954691100864,0.1120136823877,10.5600872386093,7.91092596358139,14.1670013906948,3.4215020597923,1.06559998691846,0.676688560058331,0.0789563135964893,3703708.89965768,9.91437263835627,0.000126577691822272
27,3,-0.375640192130531,0.996301349155324,0.613636363636364,-0.351322292433771,0.351322292433771,0.123979112890003,12.3021877296605,8.13048905188534,14.1670013906948,3.95877702633742,1.1026254159167,0.692854132055415,0.0840540559868076,3571433.58433371,9.99965174875999,0.000126577691822272
27,3,-0.353875037996936,0.996850244608506,0.636363636363636,-0.336440948603962,0.336440948603962,0.134602204675701,11.0446931257854,8.27619925558034,14.1670013906948,4.46918824455529,1.13978054797343,0.708211425452644,0.0892788697986502,3448280.70454932,10.0356876583126,0.000126577691822272
27,3,-0.332061968717555,0.997351224915902,0.659090909090909,-0.306566056828706,0.306566056828706,0.143200397283351,9.59437339697831,8.34210796265024,14.1670013906948,4.95407890186227,1.17716354903165,0.722800854180012,0.0946278738034695,3333338.01675056,10.0209771829348,0.000126577691822272
27,3,-0.309987065396475,0.997590371181599,0.681818181818182,-0.296933362646587,0.296933362646587,0.150887045551513,8.92000337752386,8.37100273339392,14.1670013906948,5.41472502630389,1.21486998063451,0.736660811471011,0.0996652017711357,3225810.98622914,9.98546189888927,0.000126577691822272
27,3,-0.287249535908506,0.997166891280406,0.704545454545455,-0.381598337263383,0.381598337263383,0.162422610137107,10.7818851059045,8.49154685201945,14.1670013906948,5.85233884452344,1.25298985814668,0.749827770897461,0.103890093878887,3125004.39511531,10.0103501241085,0.000126577691822272
27,3,-0.265403833546274,0.997635238504951,0.727272727272727,-0.336115935599705,0.336115935599705,0.171107276410236,9.09967037686226,8.52195302826159,14.1670013906948,6.26807197183201,1.29160477443977,0.762336382352588,0.108370889302277,3030307.29437202,9.98275376813134,0.000126577691822272
27,3,-0.243108393971159,0.997653848516614,0.75,-0.351348652175692,0.351348652175692,0.180119345198509,9.11308326743405,8.55150954022021,14.1670013906948,6.66301844277515,1.33078519530639,0.774219563234958,0.112819571984681,2941180.61131951,9.95717522399318,0.000126577691822272
27,3,-0.221032085572238,0.99789158970447,0.772727272727273,-0.327643978341874,0.327643978341874,0.187495576855677,8.21088307325012,8.53447821687171,14.1670013906948,7.03821759017113,1.3705880293588,0.78550858507321,0.117127961792082,2857146.88158428,9.90728116254338,0.000126577691822272
27,3,-0.198889380965164,0.998062934684173,0.795454545454545,-0.309426553206152,0.309426553206152,0.193592125673201,7.53478112877506,8.48449336246688,14.1670013906948,7.39465678019731,1.41105456738844,0.79623315581955,0.1212939950826,2777781.6923899,9.84137838382759,0.000126577691822272
27,3,-0.17662216581132,0.998109769117105,0.818181818181818,-0.309726367656343,0.309726367656343,0.199398837772358,7.33978506747353,8.42725794771721,14.1670013906948,7.73327401072219,1.45220887436849,0.806421498028572,0.125239594313099,2702706.51342224,9.77376775365586,0.000126577691822272
27,3,-0.154464331142094,0.998265984034656,0.840909090909091,-0.289317285567169,0.289317285567169,0.203894760162099,6.70366536569809,8.34107831861625,14.1670013906948,8.05496037972082,1.49405670191035,0.816100423127144,0.129034307942292,2631582.65966341,9.69297558555171,0.000126577691822272
27,3,-0.132093076286825,0.998208778766164,0.863636363636364,-0.305323718664832,0.305323718664832,0.208966208087235,6.90717666057917,8.2693832357144,14.1670013906948,8.36056243026951,1.53658497062976,0.825295401970787,0.132511588481014,2564106.18302041,9.62154484388575,0.000126577691822272
27,3,-0.109817428167335,0.998247180233451,0.886363636363636,-0.304765959896764,0.304765959896764,0.213756195677712,6.7395300202546,8.19289057494141,14.1670013906948,8.65088437829078,1.57976185126739,0.834030631872247,0.135672531998107,2500003.53020956,9.54949447329497,0.000126577691822272
27,3,-0.0877018806003911,0.998445682253283,0.909090909090909,-0.273386645170734,0.273386645170734,0.216737718152363,5.94093810534476,8.08029295146157,14.1670013906948,8.92669022891098,1.6235374513748,0.842329100278635,0.13851718971118,2439027.83607242,9.46148090334496,0.000126577691822272
27,3,-0.0653400108061313,0.998397862045801,0.931818181818182,-0.285851496255025,0.285851496255025,0.220193407057496,6.09826126628513,7.98119136720275,14.1670013906948,9.18870578700017,1.66784509181608,0.850212645264703,0.141023434984719,2380955.74641799,9.38140424531973,0.000126577691822272
27,3,-0.042839280279253,0.998211181105699,0.954545454545455,-0.326605007407955,0.326605007407955,0.225513987075019,6.80771402179213,7.92251749993222,14.1670013906948,9.4376205671849,1.7126031351778,0.857702013001468,0.143099764912172,2325584.68418935,9.32155098430746,0.000126577691822272
27,3,-0.0209518953024583,0.998637845715682,0.977272727272727,-0.250080150734724,0.250080150734724,0.226742295258004,5.14573823148321,7.78367853650977,14.1670013906948,9.6740896083604,1.75771730733757,0.864816912351395,0.144367222674,2272730.48842565,9.226646149016,0.000126577691822272
27,3,0.00049711351478976,0.99950288648521,1,-0.0900841356169098,0.0900841356169098,0.219909387275949,1.85134982292268,7.48706210083042,14.1670013906948,9.89873519747712,1.80308343477994,0.871576066733825,0.141542512488205,2222225.36802923,9.06275067510282,0.000126577691822272
29,1,0.0181818181818182,0,0,0,0,0,0,0,0,0,0,0,0.731877853419985,100000000,0,0.000277777777777778
29,1,0.00531675654094797,0.0351791112276471,0.0227272727272727,0.247775636393123,0.247775636393123,0.0123887818196561,29.326613400917,1.46633067004585,16.3408344010303,0.817041720051515,0.0205648790077374,0.05,0.373260790155109,50000000.0305982,14.6633067004585,0.000277777777777778
29,1,0.00555567914440903,0.0572542382109629,0.0454545454545454,0.0335352291838675,0.0335352291838675,0.0134461041878667,3.94025259933351,1.59002676651023,3.80984524907973,0.966681896502926,0.0410416743438086,0.091733185763258,0.263335418820733,33333333.4412248,11.0889553334168,0.000277777777777778
29,1,0.00613384506724318,0.0789901218749056,0.0681818181818182,-0.094915854537581,0.094915854537581,0.0175195917053524,10.5220345554696,2.0366271559582,2.2508042462963,1.03088801399259,0.0613920734215442,0.137146526475095,0.205815193389111,25000000.19199,10.94722513893,0.000277777777777778
29,1,0.00637855016316602,0.10105946636576,0.0909090909090909,-0.000651744256596754,0.000651744256596754,0.0166761993329146,0.0722860170057835,1.93841009901058,1.0360859157514,1.03114790908053,0.0815825558155195,0.13028920015134,0.169702716466383,20000000.3466262,8.77223731454519,0.000277777777777778
29,1,0.0048266626080576,0.124925403507645,0.113636363636364,-0.0512512136242083,0.0512512136242083,0.0184049500474793,5.59739844287105,2.12135951620361,0.790091036328198,1.01909506544292,0.101585092554393,0.173774740143773,0.142192146981425,16666667.166468,8.2430975025995,0.000277777777777778
29,1,0.00554944289416356,0.146516672808316,0.136363636363636,-0.0469627633287275,0.0469627633287275,0.0198328407115417,5.06534172332703,2.26855862655978,0.600694594598504,0.998175041900697,0.121377631423831,0.215086003136585,0.121937230023285,14285714.9519353,7.78913239127486,0.000277777777777778
29,1,0.00728508455766269,0.167095080731593,0.159090909090909,-0.0565124398682717,0.0565124398682717,0.0216668206693782,5.98807374533241,2.45453438249841,0.447029574712318,0.970617768541278,0.140944362298265,0.254331702979755,0.107880023044813,12500000.862567,7.56400006053206,0.000277777777777778
29,1,0.00779416061998894,0.188900054256044,0.181818181818182,0.00575026349169017,0.00575026349169017,0.0208709928104938,0.609491148792405,2.36228222081311,0.313845716881331,0.93777916595828,0.160275765491192,0.241615117830768,0.0999101374112325,11111112.2318683,6.79127684811654,0.000277777777777778
29,1,0.010619413130274,0.208388851332536,0.204545454545455,-0.022752571763919,0.022752571763919,0.0209650717581651,2.4058408305458,2.36446015129974,0.24208856368422,0.902994635844577,0.179368454640341,0.231316140537335,0.0917639476611726,10000001.4217534,6.35273324635947,0.000277777777777778
29,1,0.0117490136378238,0.229573300411763,0.227272727272727,-0.040355571622861,0.040355571622861,0.0219345967513999,4.23092046166489,2.457783166818,0.207624120207376,0.868226110062717,0.198224833364807,0.269750333510469,0.0842307299249707,9090910.8212664,6.15984117502359,0.000277777777777778
29,1,0.0134083742578022,0.250227989378561,0.25,-0.0217722631086272,0.0217722631086272,0.0219264800692612,2.27783665486642,2.44878584122042,0.179176342940222,0.833773621706592,0.216852591527385,0.256262816834945,0.0788169953363572,8333335.38458536,5.83634079834383,0.000277777777777778
29,1,0.0160341111626394,0.269916302060501,0.272727272727273,-0.00376448944442753,0.00376448944442753,0.0210183805380196,0.394011256522188,2.34604711198551,0.156579345888929,0.799913907915709,0.235264072144265,0.243449675993198,0.0751820517898617,7692310.07704328,5.41770006435755,0.000277777777777778
29,1,0.0191947299005001,0.289069732909417,0.295454545454545,-0.0616933126325243,0.0616933126325243,0.0230521271427448,6.32963921503297,2.54522671713788,0.138849848241168,0.766860704931982,0.253475543611176,0.281277192193538,0.070273019177709,7142859.8716848,5.48283857512008,0.000277777777777778
29,1,0.0231741915978521,0.307404320798842,0.318181818181818,-0.0516635619356238,0.0516635619356238,0.0244826988823887,5.23021583298762,2.67947617293037,0.12592802001153,0.734814070685959,0.271506413840637,0.317213332583861,0.0660616689848081,6666669.74297544,5.46599705897792,0.000277777777777778
29,1,0.0280593514393642,0.324833210544107,0.340909090909091,-0.00451782127475875,0.00451782127475875,0.0234844550020072,0.457547412285235,2.56837973489811,0.117253781262033,0.703936056214763,0.289378423090178,0.301352665954668,0.063315204185622,6250003.41707132,5.15296895605962,0.000277777777777778
29,1,0.0314164568268537,0.343790154743394,0.363636363636364,0.0141873745757968,0.0141873745757968,0.0230196009806967,1.43607809806565,2.51176465305649,0.111781307654434,0.674328318786746,0.307114850747992,0.286285032656935,0.0621185473251485,5882356.68348122,4.93432831735409,0.000277777777777778
29,1,0.033508490701238,0.364012170455787,0.386363636363636,-0.00206441277616909,0.00206441277616909,0.0219718415704703,0.20906451551813,2.39662964617957,0.110527525820526,0.646138279138435,0.324739768250244,0.271970781024088,0.0607882955361744,5555559.59259448,4.67181366169654,0.000277777777777778
29,1,0.0374273382390401,0.382407372504762,0.409090909090909,-0.0375894142161055,0.0375894142161055,0.0227527202027521,3.78128485653127,2.46586240669716,0.113507184895554,0.619506724426291,0.342277365824616,0.308372241972883,0.0580527749478293,5263162.18298504,4.62494372458258,0.000277777777777778
29,1,0.0388082718277704,0.403340488502808,0.431818181818182,-0.0752346213792694,0.0752346213792694,0.025376815261578,7.36381021818656,2.71075979727163,0.118652174041382,0.594463996907046,0.359751375140459,0.342953629874239,0.0558730667925033,5000004.49523556,4.76188704926278,0.000277777777777778
29,1,0.0430630281042136,0.421399781813142,0.454545454545455,-0.0940668662956803,0.0940668662956803,0.0288113178132831,8.84408539977042,3.01742607739657,0.112098611681931,0.57034572764579,0.377184603499495,0.375805948380527,0.0549599683781601,4761909.46787754,4.956277446906,0.000277777777777778
29,1,0.043825471632408,0.442951387871724,0.477272727272727,-0.0556860231131595,0.0556860231131595,0.0301550530782769,5.16775368392944,3.12494245772321,0.105573588182645,0.547107120672633,0.394598588258934,0.407015650961501,0.0528066101072712,4545459.46806793,4.96589000313434,0.000277777777777778
29,1,0.0508226526045742,0.480582306073112,0.522727272727273,-0.0485237019357161,0.0485237019357161,0.0301171536182923,4.46058689823354,3.08746954508368,0.0975001239077591,0.503441997850718,0.429447400854987,0.417331624992755,0.0497226581248694,4166672.01849685,4.77667768685814,0.000277777777777778
29,1,0.0522535771980588,0.501465431066404,0.545454545454545,-0.0223282080196974,0.0223282080196974,0.0297277063383625,2.04925209578717,3.03555867261886,0.0948566740714849,0.483012731661756,0.446917511406814,0.396576098938776,0.0484029924138751,4000005.5594458,4.66758066321531,0.000277777777777778
29,1,0.0538572310458484,0.522175826805391,0.568181818181818,-0.025754246049126,0.025754246049126,0.0295290333239007,2.35828656169268,3.00169506707255,0.0935198435363198,0.463538087255484,0.464439027501238,0.390346687886034,0.0471525071490566,3846159.60304088,4.57876165931059,0.000277777777777778
29,1,0.0577409646793887,0.540606142758628,0.590909090909091,-0.0924297835551275,0.0924297835551275,0.032674070835462,8.17973344627873,3.26059698603285,0.0934146062951756,0.445031913207469,0.482025907272558,0.420829353491732,0.0465353094037199,3703709.64385285,4.71213098475385,0.000277777777777778
29,1,0.0597321035722861,0.560929053452507,0.613636363636364,0.0146555912963655,0.0146555912963655,0.0317731468585072,1.29652975222754,3.16239362434259,0.094475619017306,0.427504098497961,0.499690939066069,0.399787885817145,0.0460121246820853,3571434.67745601,4.59014522644934,0.000277777777777778
29,1,0.0637081531762019,0.579267053435368,0.636363636363636,0.0331863528405836,0.0331863528405836,0.031843807157611,2.9247611600859,3.15051200112975,0.096494085255911,0.410953597835858,0.517445952727274,0.422658148378979,0.0460771928057474,3448282.11489993,4.53271818967819,0.000277777777777778
29,1,0.0682945381784545,0.596994718019892,0.659090909090909,-0.0306383884562633,0.0306383884562633,0.0317835362225437,2.69175160600402,3.12757398137347,0.0994164695682448,0.395376741422478,0.535302021496458,0.434353541968941,0.0448991217347054,3333339.71302645,4.47135263688905,0.000277777777777778
29,1,0.0700236100611054,0.617579695724018,0.681818181818182,-0.000655367015482966,0.000655367015482966,0.0302271277621906,0.0576063259705785,2.97407559860332,0.0941300566385926,0.380314407183283,0.553269630163738,0.412635864870494,0.0444253428413622,3225812.96820622,4.32897372363362,0.000277777777777778
29,1,0.0790446055145154,0.653186799444162,0.727272727272727,-0.00331445540977748,0.00331445540977748,0.0298161127156677,0.288849490073739,2.90502819443934,0.0877036415495963,0.351892471830473,0.589579069751046,0.419903868045621,0.0424092067211391,3030309.83428309,4.2070919623765,0.000277777777777778
29,1,0.0811205228222023,0.673424931723252,0.75,0.0333182615181462,0.0333182615181462,0.0299912201557917,2.8929044089226,2.9044220051635,0.087310044106068,0.338663350444253,0.607939571172797,0.442287656998246,0.0426491805247128,2941183.411317,4.16843938727491,0.000277777777777778
29,1,0.0814050286212968,0.695454475510935,0.772727272727273,-0.00015058206333407,0.00015058206333407,0.0284991882511688,0.0130810381762746,2.75985495681414,0.08957007748874,0.326208686796477,0.626448775629712,0.420173274148334,0.0425566630332458,2857149.91854916,4.04971486301495,0.000277777777777778
29,1,0.0817757930053868,0.717397760713621,0.795454545454545,-0.0583504867517619,0.0583504867517619,0.0299917531761984,5.00744763479964,2.87223459071342,0.0946239948178417,0.314629452197546,0.645114329612797,0.449164610440917,0.0414389279490747,2777784.93659346,4.07631855112008,0.000277777777777778
29,1,0.0850629737354487,0.736424629570336,0.818181818181818,-0.0539529550042896,0.0539529550042896,0.031189813267603,4.58346544975253,2.95779613366537,0.10124271201441,0.303960115188389,0.66394273561474,0.476706379918871,0.040555955333789,2702709.9349897,4.09002522405609,0.000277777777777778
29,1,0.086346811105332,0.75745484178723,0.840909090909091,-0.0230191958617056,0.0230191958617056,0.0307812823973081,1.95279420101962,2.90754603703308,0.11095682450663,0.294309950654301,0.682938975033756,0.455702540693422,0.0397760801676492,2631586.22650351,4.03378230239724,0.000277777777777778
29,1,0.0866223142208621,0.779493388258477,0.863636363636364,-0.0353780740384133,0.0353780740384133,0.0310111219793634,2.98929411947135,2.911633441155,0.12393826154312,0.285791366198742,0.702106080040783,0.482917413658751,0.0389430162338175,2564109.86347864,4.00700055411709,0.000277777777777778
29,1,0.0864794959667421,0.801950256099374,0.886363636363636,-0.0283260970921178,0.0283260970921178,0.0308768707350011,2.38779388530527,2.88544146336251,0.14030184873956,0.278516890325783,0.721444678058994,0.482496334677064,0.038211451657848,2500007.29507892,3.96652038739679,0.000277777777777778
29,1,0.0854571806190653,0.825286621033827,0.909090909090909,0.0118371402349808,0.0118371402349808,0.0299248842100001,0.997832925132495,2.79106103645101,0.164754172816334,0.27282875445031,0.740952536127565,0.458371517943211,0.0380916427249054,2439031.65543428,3.89411337612205,0.000277777777777778
29,1,0.0842295528905896,0.84882829834908,0.931818181818182,-0.0202695234644752,0.0202695234644752,0.0294421161727238,1.7070182346426,2.73685889636059,0.194537826581961,0.268914208056893,0.760624134666804,0.435452942046051,0.0375400159518503,2380959.59555224,3.8420396822773,0.000277777777777778
29,1,0.083555242267712,0.871816658558734,0.954545454545455,0.0352164280054024,0.0352164280054024,0.0297308317643578,2.95429346321341,2.74773062470323,0.228371362266318,0.266887065767364,0.780450300880788,0.463680294943748,0.0374919942059874,2325588.54400062,3.82139442136884,0.000277777777777778
29,1,0.0854610318186794,0.892224918594544,0.977272727272727,0.0114130132404751,0.0114130132404751,0.0288149408381636,0.957473460316513,2.65821776648389,0.262848089361919,0.266685116947092,0.800417931151881,0.440496280196561,0.0367758142538377,2272734.34537513,3.75630530861765,0.000277777777777778
29,1,0.0846823433769605,0.91531765662304,1,0.216433893014421,0.216433893014421,0.0381958884469765,15.7521615652113,3.31291495642027,0.308303797293145,0.268766050964394,0.820509829301468,0.468471466186733,0.0383558850949121,2222229.2097791,4.02287989209751,0.000277777777777778
29,2,0.0181818181818182,0,0,0,0,0,0,0,0,0,0,0,0.731756071234715,100000000,0,0.000125131069036685
29,2,-0.000604016025185304,0.0410998837937803,0.0227272727272727,-0.044173041506407,0.044173041506407,0.00220865207532035,12.7829847217156,0.639149236085781,4.31989677449486,0.215994838724743,0.0447719482843661,0.05,0.383742264377097,50000000.1157435,6.39149236085781,0.000125131069036685
29,2,-0.0223474829045569,0.0851574002599288,0.0454545454545454,-0.0980156213668821,0.0980156213668821,0.00699900053989844,21.1207317695425,1.66322836275862,1.64444585117948,0.28741738934748,0.0893752620603449,0.0975,0.261279199046023,33333333.6131982,11.3012388304194,0.000125131069036685
29,2,-0.0424087092632885,0.127532676205437,0.0681818181818182,-0.116426146899194,0.116426146899194,0.0124703578578632,19.6599914664156,2.56306651794147,0.746122841287864,0.310352661944499,0.133763879444823,0.142625,0.202681605764577,25000000.5449641,13.3909269894184,0.000125131069036685
29,2,-0.0646557113350924,0.172093727864018,0.0909090909090909,-0.0862415740797395,0.0862415740797395,0.016158918668957,13.2331466606473,3.09657052507676,0.407950258285031,0.315232541761526,0.177899365062525,0.18549375,0.163824044429645,20000000.9262271,13.3593709236642,0.000125131069036685
29,2,-0.0917418872193865,0.221493953335089,0.113636363636364,-0.0374734179450327,0.0374734179450327,0.0172246436327608,5.66000347084754,3.2247421723653,0.219824238944846,0.310462126620692,0.221750818053828,0.2262190625,0.142276469745454,16666668.1967041,12.0761430148614,0.000125131069036685
29,2,-0.11853137879264,0.270597494495119,0.136363636363636,-0.0135133224734956,0.0135133224734956,0.0170390775747975,2.03783560599283,3.16539684404667,0.155877796381553,0.302732910108735,0.265294517852859,0.214908109375,0.129980658774747,14285716.5136438,10.6420990993088,0.000125131069036685
29,2,-0.139391675965243,0.313771841254499,0.159090909090909,-0.0976324784792375,0.0976324784792375,0.0210687476200195,13.3528908791104,3.67477154579986,0.122129434587548,0.293702736332675,0.30851335988863,0.25416270390625,0.115625238303904,12500002.9729426,10.980948071784,0.000125131069036685
29,2,-0.164146474911099,0.360840689787132,0.181818181818182,-0.0573375129890188,0.0573375129890188,0.0228821858884695,7.61492321122041,3.87177912907089,0.110415592779912,0.284538379155037,0.351396140559449,0.291454568710938,0.103797882543531,11111114.7600258,10.6069453094991,0.000125131069036685
29,2,-0.189462902617386,0.408471167080196,0.204545454545455,-0.0785564268433601,0.0785564268433601,0.025665897936214,9.91216422158118,4.1737983836964,0.11659966869792,0.276141443632181,0.393936754632512,0.326881840275391,0.0935331141929737,10000004.1416586,10.5374672007073,0.000125131069036685
29,2,-0.210391039934691,0.451713353984278,0.227272727272727,0.00336631028048373,0.00336631028048373,0.0245509185534275,0.424931526649426,3.98635504084405,0.103326064926253,0.267500674696885,0.436133368515561,0.310537748261621,0.0900843284132697,9090913.73588058,9.61814577579299,0.000125131069036685
29,2,-0.231064316283373,0.494700679919737,0.25,-0.0901891389789466,0.0901891389789466,0.0278328295747035,10.7163558746833,4.32285508253601,0.0955340129226311,0.258902341608172,0.477987629697678,0.34501086084854,0.0828749477735563,8333338.46351355,9.70966328403384,0.000125131069036685
29,2,-0.257266592627723,0.543217005850864,0.272727272727273,-0.0213180358942875,0.0213180358942875,0.0275070898906827,2.5261965009682,4.23302215345762,0.0934798638500913,0.250631217720268,0.519503966292272,0.327760317806113,0.0799985300786491,7692313.25074258,9.15708891610572,0.000125131069036685
29,2,-0.275322359490379,0.583586822300296,0.295454545454545,-0.0802810760382462,0.0802810760382462,0.0301457891980608,9.11420460391912,4.4770812759807,0.0971667484255238,0.242957994255531,0.560689021423955,0.361372301915807,0.0745296803189916,7142863.03937429,9.15402575094953,0.000125131069036685
29,2,-0.298791667572508,0.629370179969202,0.318181818181818,-0.0394684324923209,0.0394684324923209,0.0306119213627738,4.43865967971953,4.47516019616764,0.0911653857076075,0.235368363828135,0.601551255705458,0.393303686820017,0.0718508783525,6666672.90135437,8.83966801286753,0.000125131069036685
29,2,-0.323079284637351,0.675971846620822,0.340909090909091,-0.109641058978968,0.109641058978968,0.0345633782435836,11.4929224703641,4.82604830987746,0.0874466095539078,0.227972276114423,0.642100737885249,0.423638502479016,0.0677250941934868,6250006.55974154,9.00549641646107,0.000125131069036685
29,2,-0.34032681791761,0.715533429487858,0.363636363636364,-0.0117481397117079,0.0117481397117079,0.0334226163169898,1.2311592224318,4.64630385550518,0.0940678348775155,0.221277054052578,0.682349129624222,0.402456577355065,0.0666025767193696,5882359.74038182,8.54818246387111,0.000125131069036685
29,2,-0.360935072430277,0.758455733587302,0.386363636363636,-0.137345217732111,0.137345217732111,0.0386187463877458,13.1055490568926,5.06926611557455,0.111774942857477,0.215801948492823,0.722309856038694,0.432333748487312,0.0639006421357453,5555562.47405778,8.80136949681675,0.000125131069036685
29,2,-0.378919218499266,0.798753929243068,0.409090909090909,-0.0498562397695599,0.0498562397695599,0.0391806210568365,4.70667228775882,5.05113642418376,0.137682356094531,0.211895968872908,0.761998439892526,0.460717061062946,0.061978020646315,5263164.83137551,8.58585911739265,0.000125131069036685
29,2,-0.399700916103341,0.841849676433919,0.431818181818182,-0.0607235259482639,0.0607235259482639,0.0402577663014079,5.64339528588884,5.08074936726902,0.185668807618235,0.210584610810175,0.80143296486911,0.487681208009799,0.0606095215329965,5000006.85910345,8.43873592581746,0.000125131069036685
29,2,-0.418480610931904,0.882943420849259,0.454545454545455,-0.10330596792592,0.10330596792592,0.0434101763826335,9.1909732215643,5.28626055998378,0.2481884591188,0.212464803225606,0.840634622874798,0.513297147609309,0.058429930218272,4761911.48625073,8.47455674942445,0.000125131069036685
29,2,-0.433570718830067,0.920347578334199,0.477272727272727,-0.108149502838963,0.108149502838963,0.04664714270545,9.2094280639595,5.48241893518257,0.345991648710762,0.219141145499864,0.879628292391128,0.537632290228844,0.0564326009092821,4545461.09552311,8.50795999099422,0.000125131069036685
29,2,-0.446621741787146,0.978026700464832,0.522727272727273,-0.375599943666646,0.375599943666646,0.0650907028265747,22.1879894649786,6.4062844478054,14.1670013906948,0.962466295192303,0.957112835151245,0.582713141931531,0.0583329057140327,4166672.70896543,9.02960489099092,0.000125131069036685
29,2,-0.436372693017873,0.990091701282336,0.545454545454545,-0.344175242829411,0.344175242829411,0.0790449298267165,17.1079141434276,6.94136593258651,14.1670013906948,1.62269304996743,0.995676371410844,0.603577484834955,0.0619111129648657,4000005.80343028,9.35273726108839,0.000125131069036685
29,2,-0.41625362182809,0.99228667967933,0.568181818181818,-0.423395355167442,0.423395355167442,0.0962624510937528,17.5263980628964,7.470617539102,14.1670013906948,2.2499084670038,1.03417768978222,0.623398610593207,0.0655150803612013,3846159.42909014,9.6671088303887,0.000125131069036685
29,2,-0.396275942696875,0.994623050134891,0.590909090909091,-0.390739562374081,0.390739562374081,0.110986306657769,14.405959288032,7.81738462654851,14.1670013906948,2.84576311318835,1.07266581152927,0.642228680063547,0.0700131612227497,3703709.08247889,9.84262181030141,0.000125131069036685
29,2,-0.375536375370889,0.996197532395682,0.613636363636364,-0.328041825643572,0.328041825643572,0.121839082607059,11.3013222700244,7.9915815087223,14.1670013906948,3.41182502706367,1.11119439627709,0.660117246060369,0.0753984598702034,3571433.76062559,9.89471825529152,0.000125131069036685
29,2,-0.35400155206099,0.99697675867256,0.636363636363636,-0.293760117361483,0.293760117361483,0.130435134344781,9.64309283841904,8.07415707520714,14.1670013906948,3.94958384524522,1.14982105601559,0.677111383757351,0.0810772144337194,3448280.87476218,9.88604151677868,0.000125131069036685
29,2,-0.331300989988427,0.996590246186774,0.659090909090909,-0.379757216736893,0.379757216736893,0.142901238464386,11.6024805031301,8.25057324660329,14.1670013906948,4.4604547225177,1.18860637034791,0.693255814569483,0.08603452128813,3333338.18128966,9.94325614965706,0.000125131069036685
29,2,-0.309841326188668,0.997444631973792,0.681818181818182,-0.30695240637807,0.30695240637807,0.15110379686007,8.99520857326063,8.28780501293615,14.1670013906948,4.94578205592656,1.22761261443451,0.708593023841009,0.0913622363356197,3225811.14546053,9.9126739697733,0.000125131069036685
29,2,-0.265249278720267,0.997480683678945,0.727272727272727,-0.346798547999345,0.346798547999345,0.168886197669623,9.32082146683946,8.37239071530289,14.1670013906948,5.84485094106646,1.30653606377001,0.737005204016511,0.101394847719204,3030307.44395301,9.86651167971426,0.000125131069036685
29,2,-0.243178282080182,0.997723736625637,0.75,-0.329733395772428,0.329733395772428,0.176928557574763,8.53735934306477,8.38063914669099,14.1670013906948,6.26095846354788,1.34657148735841,0.750154943815685,0.106094625324944,2941180.75650106,9.82741896393045,0.000125131069036685
29,2,-0.22137127463215,0.998230778764381,0.772727272727273,-0.262497668058126,0.262497668058126,0.181207013098931,6.64795266484668,8.29400482259877,14.1670013906948,6.65626060990522,1.38706037358331,0.762647196624901,0.110943930459187,2857147.02261779,9.73657706967092,0.000125131069036685
29,2,-0.198471044689637,0.997644598408645,0.795454545454545,-0.369286418972108,0.369286418972108,0.19061098339259,8.972577911442,8.32793347704093,14.1670013906948,7.0317976489447,1.42804710213532,0.774514836793656,0.11502730513996,2777781.82950581,9.71535487083123,0.000125131069036685
29,2,-0.176598023982159,0.998085627287944,0.818181818181818,-0.308815231066694,0.308815231066694,0.196521195776295,7.3040666817598,8.27674013727687,14.1670013906948,7.38855783603221,1.46956662234147,0.785789094953973,0.119143455899467,2702706.64683232,9.65018491977524,0.000125131069036685
29,2,-0.154285285907205,0.998086938799767,0.840909090909091,-0.317536645721488,0.317536645721488,0.202571968273555,7.31055315887906,8.22843078835698,14.1670013906948,7.72748001376534,1.51164267841116,0.796499640206275,0.12307080474146,2631582.78956269,9.58861566290955,0.000125131069036685
29,2,-0.132091318329717,0.998207020809055,0.863636363636364,-0.304391513323646,0.304391513323646,0.20766294552606,6.84518686912399,8.15926859239533,14.1670013906948,8.04945608261181,1.55428627919544,0.806674658195961,0.126648544258133,2564106.30958894,9.51827133486377,0.000125131069036685
29,2,-0.109750258754185,0.998180010820301,0.886363636363636,-0.316490371543812,0.316490371543812,0.213104316826947,6.94688132303181,8.09864922892715,14.1670013906948,8.35533334801596,1.59749449145943,0.816340925286163,0.12996331965519,2500003.65361388,9.45398658456797,0.000125131069036685
29,2,-0.0875601354450309,0.998303937097923,0.909090909090909,-0.300392547047279,0.300392547047279,0.217468728337964,6.45781737482911,8.01660763622225,14.1670013906948,8.6459167501499,1.64124962614555,0.825523879021855,0.132955875972227,2439027.95646688,9.38090928676946,0.000125131069036685
29,2,-0.0652570777474106,0.99831492898708,0.931818181818182,-0.303920196490787,0.303920196490787,0.221791301745605,6.40158037754973,7.93585627328862,14.1670013906948,8.92197098217714,1.68551887411463,0.834247685070762,0.135603964520724,2380955.86394592,9.30997288416899,0.000125131069036685
29,2,-0.0427913395097322,0.998163240336179,0.954545454545455,-0.339847051456186,0.339847051456186,0.227694089231134,6.9850022263974,7.88831357094406,14.1670013906948,9.18422250260303,1.73025443188821,0.842535300817224,0.137815904576992,2325584.79898407,9.25590379910454,0.000125131069036685
29,2,-0.0208357162325646,0.998521666645788,0.977272727272727,-0.276219457147375,0.276219457147375,0.230120357626946,5.59061154340161,7.77342846956694,14.1670013906948,9.43336144700761,1.77539413961188,0.850408535776363,0.139212550449823,2272730.6006114,9.17260170238401,0.000125131069036685
29,2,0.000208109047080129,0.99979189095292,1,-0.0382760436461562,0.0382760436461562,0.220528141927906,0.774852311603305,7.42349966166876,14.1670013906948,9.67004344419197,1.82086263357259,0.857888108987545,0.136494329245627,2222225.47772196,8.98598504925555,0.000125131069036685
29,3,0.0181818181818182,0,0,0,0,0,0,0,0,0,0,0,0.73175810853599,100000000,0,0.000124867576455236
29,3,-0.00550872346964689,0.0460045912382419,0.0227272727272727,-0.0309833958845855,0.0309833958845855,0.00154916979422928,9.36316195016119,0.468158097508059,4.30813779377238,0.215406889688619,0.0444169503726655,0.0341865979708092,0.400470438346192,50000000.1160594,4.68158097508059,0.000124867576455236
29,3,-0.0174892102072911,0.080299127562663,0.0454545454545454,-0.153213325979259,0.153213325979259,0.00913237760348075,26.1175901150212,1.75062969838372,1.04211778801973,0.256742434605175,0.0888365806322412,0.0824772680722688,0.27302758311519,33333333.7305678,11.8269173550608,0.000124867576455236
29,3,-0.0397666101494212,0.12489057709157,0.0681818181818182,-0.00577938596991512,0.00577938596991512,0.00896472802180247,0.985200552690037,1.71235824109903,0.792135760075171,0.283512100878675,0.133225429097711,0.0783534046686553,0.219685229492964,25000000.6135283,9.1164881544681,0.000124867576455236
29,3,-0.0630693993105122,0.170507415839438,0.0909090909090909,-0.0968291145562881,0.0968291145562881,0.0133579473485267,14.6385508597916,2.35866787203366,0.393682149856961,0.289020603327589,0.17754924993219,0.124435734435223,0.176328153933024,20000000.9988467,10.2209006955328,0.000124867576455236
29,3,-0.0877439067291991,0.217495972844902,0.113636363636364,-0.086016045724183,0.086016045724183,0.0169908522673096,12.0318280504731,2.84232588095563,0.223514109198629,0.285745278621141,0.22177272576142,0.168213947713461,0.147325111801268,16666668.244704,10.5227219213562,0.000124867576455236
29,3,-0.113035860338757,0.265101976041236,0.136363636363636,-0.0416572179127455,0.0416572179127455,0.0182241705495814,5.73326498966533,2.98687283639112,0.160923164571453,0.279504172918656,0.265859311586471,0.209803250327788,0.13011724194302,14285716.5260528,9.8385137882575,0.000124867576455236
29,3,-0.136644741907572,0.311024907196828,0.159090909090909,-0.0383921923049106,0.0383921923049106,0.0192325716373478,5.21418507272787,3.09823844820796,0.123574753341114,0.271707701939779,0.309771253163275,0.249313087811399,0.11752210332771,12500002.9718297,9.2604726988163,0.000124867576455236
29,3,-0.161308042053558,0.358002256929591,0.181818181818182,-0.0523639563537674,0.0523639563537674,0.0208891408731688,6.94174819216818,3.29041393540597,0.110399039843113,0.263642268834946,0.353469812637985,0.286847433420829,0.106669180662793,11111114.7591875,9.00283664252206,0.000124867576455236
29,3,-0.187001181816645,0.406009446279455,0.204545454545455,-0.106130061966811,0.106130061966811,0.0251511869278509,12.8598914203932,3.76888780965533,0.117131732246694,0.256316742005533,0.396915721660288,0.322505061749787,0.0977422473383547,10000004.1370083,9.38854212030917,0.000124867576455236
29,3,-0.212241217344801,0.453563531394388,0.227272727272727,-0.0767428821845306,0.0767428821845306,0.0277307716906849,8.92540101159441,4.02671346975228,0.102680779789818,0.248634943894748,0.440069868084018,0.356379808662298,0.0888826453799953,9090913.73718222,9.34643838315328,0.000124867576455236
29,3,-0.231966844706082,0.495603208342445,0.25,-0.0793752234524208,0.0793752234524208,0.0303129942787717,8.86575212800209,4.26866540266477,0.095380333120414,0.240972213356031,0.482894207426459,0.388560818229183,0.0817767088942832,8333338.46611217,9.30638119522402,0.000124867576455236
29,3,-0.257714062469235,0.543664475692375,0.272727272727273,-0.0763066164304855,0.0763066164304855,0.0326126753863574,8.23318796377685,4.46689153072037,0.0935171601494737,0.233599460695703,0.52535287526405,0.419132777317724,0.0760450861302291,7692313.25281313,9.22382786972808,0.000124867576455236
29,3,-0.281213565545362,0.589478028355279,0.295454545454545,-0.0854069743085266,0.0854069743085266,0.0352523903324658,8.85117671602954,4.68610578998583,0.0982077839277757,0.226829876857307,0.567413462474291,0.448176138451838,0.0708510048186859,7142863.03350449,9.19720993017819,0.000124867576455236
29,3,-0.308789324522291,0.639367836918985,0.318181818181818,-0.0547181871477727,0.0547181871477727,0.0362256801732312,5.58440526850035,4.73102076391156,0.08925287475799,0.219951026752341,0.609048402447011,0.475767331529246,0.0681475212521314,6666672.91154559,8.95635628606633,0.000124867576455236
29,3,-0.32842538980506,0.681317951788531,0.340909090909091,-0.0338965623141521,0.0338965623141521,0.0361092242802772,3.44058503478785,4.66649897745537,0.0878221432247361,0.213344582575961,0.650236408776137,0.497634722095114,0.0664685664991845,6250006.56623961,8.61162058286143,0.000124867576455236
29,3,-0.348070166085395,0.723276777655643,0.363636363636364,-0.0758632826083683,0.0758632826083683,0.0380969271966818,7.48522642072225,4.80743534961872,0.0966696730668695,0.207510837100506,0.690963894102465,0.522752985990359,0.0636114809050881,5882359.72966704,8.54536210273559,0.000124867576455236
29,3,-0.364796063531954,0.762316724688979,0.386363636363636,-0.0459865400543351,0.0459865400543351,0.0384914078395644,4.49357246772743,4.79174220552415,0.11386577065727,0.202828583778344,0.731226296179765,0.546615336690841,0.0618678188367741,5555562.45481167,8.32026267856847,0.000124867576455236
29,3,-0.385308460011078,0.80514317075488,0.409090909090909,-0.0487145776577003,0.0487145776577003,0.0390025663304712,4.70941521925356,4.78762585621062,0.144028739224689,0.199888591550662,0.77102923620215,0.569284569856299,0.0606911666964374,5263164.79629836,8.13021807544663,0.000124867576455236
29,3,-0.407086987831735,0.849235748162313,0.431818181818182,-0.0751741181641719,0.0751741181641719,0.0408111439221563,7.08609249591159,4.90254918819567,0.197173878847332,0.199752855915495,0.81038943711459,0.590820341363484,0.059190202992822,5000006.81006673,8.07801179646988,0.000124867576455236
29,3,-0.423946748657033,0.888409558574388,0.454545454545455,-0.0871768308777905,0.0871768308777905,0.043129428269938,7.95707721472925,5.05527558952235,0.260045259193948,0.202767476079418,0.849335336009665,0.61127932429531,0.0575119182958548,4761911.43080091,8.07225300686319,0.000124867576455236
29,3,-0.438605047792401,0.925381907296534,0.477272727272727,-0.101964344013064,0.101964344013064,0.0460711740570942,8.93228489591956,5.24912605484221,0.404191163385256,0.21283866044471,0.887907334593718,0.630715358080544,0.0559417953385552,4545461.02367709,8.11134536545666,0.000124867576455236
29,3,-0.443537595899049,0.974942554576735,0.522727272727273,-0.243766270751147,0.243766270751147,0.0605253408053377,16.8339019473979,6.13003491958736,12.8706812448173,0.898051442913792,0.964149701577695,0.666720610667691,0.0568161951403061,4166672.63997658,8.62014895361928,0.000124867576455236
29,3,-0.434695488126947,0.98841449639141,0.545454545454545,-0.343870509549107,0.343870509549107,0.0746925992425261,18.9949733713468,6.77328184217533,14.1670013906948,1.56149894030284,1.00195713479481,0.683384580134306,0.0599422839720697,4000005.73720098,9.03514193032838,0.000124867576455236
29,3,-0.416646249144428,0.992679306995668,0.568181818181818,-0.343280787447901,0.343280787447901,0.0881220086527948,16.2686621268976,7.24805085641145,14.1670013906948,2.19177406282244,1.03966230628514,0.699215351127591,0.0640096895278439,3846159.36540812,9.31335424558105,0.000124867576455236
29,3,-0.396464589878708,0.994811697316724,0.590909090909091,-0.324324840723995,0.324324840723995,0.0999321502563549,13.8294772887351,7.57712217802763,14.1670013906948,2.79053542921606,1.07735444304465,0.714254583571212,0.068779500644175,3703709.02115547,9.48061806199416,0.000124867576455236
29,3,-0.37506658092146,0.995727737946253,0.613636363636364,-0.330212338619484,0.330212338619484,0.111446159674511,12.8683954191466,7.84168584008358,14.1670013906948,3.35935872728999,1.1151274115459,0.728541854392651,0.0737996177680779,3571433.7014923,9.60161011046389,0.000124867576455236
29,3,-0.353611266513847,0.996586473125417,0.636363636363636,-0.305253953919408,0.305253953919408,0.121136549386756,11.1389176830171,8.00654743223026,14.1670013906948,3.89974086046023,1.1530771977646,0.742114761673018,0.0789567545477722,3448280.81766796,9.654620716414,0.000124867576455236
29,3,-0.331310775915847,0.996600032114194,0.659090909090909,-0.348899888393015,0.348899888393015,0.132524716337069,11.8154146729977,8.19699079426863,14.1670013906948,4.41310388697196,1.1912991719748,0.755009023589368,0.0838527248063811,3333338.12609858,9.72664718163346,0.000124867576455236
29,3,-0.309476403398324,0.997079709183448,0.681818181818182,-0.330690448571357,0.330690448571357,0.142433002948783,10.5610482310612,8.31519366610825,14.1670013906948,4.9007987621581,1.22988522969988,0.767258572409899,0.088780653701741,3225811.09204981,9.75356334451822,0.000124867576455236
29,3,-0.287419779802178,0.997337135174079,0.704545454545455,-0.32601116743006,0.32601116743006,0.151611911172847,9.8938489996897,8.39412643278732,14.1670013906948,5.36410889358494,1.2689209089605,0.778895643789404,0.0938326437758824,3125004.49762908,9.75794727124233,0.000124867576455236
29,3,-0.265195721948987,0.997427126907664,0.727272727272727,-0.337758464440162,0.337758464440162,0.160919238836213,9.75530312188885,8.4621852672424,14.1670013906948,5.80425351844043,1.30848258876005,0.789950861599934,0.0984618662160275,3030307.39377931,9.75786714550435,0.000124867576455236
29,3,-0.243142992667702,0.997688447213157,0.75,-0.319423651187604,0.319423651187604,0.168844459453783,8.8606184194233,8.48210692485145,14.1670013906948,6.22239091205315,1.34863487429638,0.800453318519937,0.103109112231118,2941180.70780305,9.7314774770902,0.000124867576455236
29,3,-0.220571769732709,0.99743127386494,0.772727272727273,-0.37990305310469,0.37990305310469,0.179397389136328,10.002243675027,8.55811376236022,14.1670013906948,6.61962143598523,1.38942827057495,0.810430652593941,0.107248419637323,2857146.97531115,9.73921365417411,0.000124867576455236
29,3,-0.198811574113911,0.997985127832919,0.795454545454545,-0.307454292653788,0.307454292653788,0.185800234312201,7.84561822373935,8.52248898542918,14.1670013906948,6.99699043372071,1.43089723800049,0.819909119964244,0.111494366737595,2777781.78351324,9.68661378110648,0.000124867576455236
29,3,-0.176532479239292,0.998020082545077,0.818181818181818,-0.311289141993501,0.311289141993501,0.192074679696266,7.7077589013918,8.48175248122731,14.1670013906948,7.35549098156941,1.47305871140939,0.828913663966031,0.115662568871229,2702706.60208279,9.63313121678986,0.000124867576455236
29,3,-0.154250918612588,0.99805257150515,0.840909090909091,-0.314972461693912,0.314972461693912,0.198219568796148,7.57565000570223,8.43644735745105,14.1670013906948,7.69606650202568,1.51591114831651,0.83746798076773,0.119384583774098,2631582.74599079,9.57898697439282,0.000124867576455236
29,3,-0.131949574413272,0.998065276892611,0.863636363636364,-0.32173755280454,0.32173755280454,0.204395467996568,7.52012806377456,8.39063139276723,14.1670013906948,8.01961324645914,1.55943415349594,0.845594581729343,0.122843771332567,2564106.26713427,9.5261957202744,0.000124867576455236
29,3,-0.109687767837403,0.998117519903519,0.886363636363636,-0.321048089499649,0.321048089499649,0.210228099071722,7.30471880203061,8.3363357632304,14.1670013906948,8.32698265367092,1.60358870613197,0.853314852642876,0.126105585016993,2500003.61222058,9.47065879731831,0.000124867576455236
29,3,-0.0872124903777769,0.997956292030669,0.909090909090909,-0.360729001466177,0.360729001466177,0.217753144191445,7.94807031342876,8.31692249074032,14.1670013906948,8.61898359052211,1.64831799351085,0.860649110010733,0.129146239798516,2439027.91608316,9.4335224928332,0.000124867576455236
29,3,-0.0654321770263449,0.998490028266014,0.931818181818182,-0.268712585788153,0.268712585788153,0.22030111627128,5.82233304930837,8.19219301866872,14.1670013906948,8.89638448053075,1.69354883248361,0.867616654510196,0.131873809686838,2380955.82452372,9.34754179179689,0.000124867576455236
29,3,-0.0431510459229386,0.998522946749385,0.954545454545455,-0.265027849207538,0.265027849207538,0.222537452918093,5.65282706994608,8.06522472123259,14.1670013906948,9.15991532603895,1.7391936376545,0.874235821784686,0.13416155287546,2325584.76047867,9.26161819361432,0.000124867576455236
29,3,-0.0207293426541704,0.998415293067394,0.977272727272727,-0.288202679975459,0.288202679975459,0.225820714270961,6.03708644885683,7.9638178076138,14.1670013906948,9.41026962927174,1.78515287436307,0.880524030695452,0.135631215548943,2272730.56298112,9.18833338123346,0.000124867576455236
29,3,0.000461181272230715,0.999538818727769,1,-0.0826465356540109,0.0826465356540109,0.218662005340114,1.7295008948259,7.6521019619744,14.1670013906948,9.64810621734289,1.83131791590111,0.886497829160679,0.133001143258149,2222225.44092791,9.02258154820218,0.000124867576455236
31,2,0.0181818181818182,0,0,0,0,0,0,0,0,0,0,0,0.731765517787646,100000000,0,0.000277777777777778
31,2,0.00936980373143204,0.031126064037163,0.0227272727272727,0.116229997772087,0.116229997772087,0.00581149988860434,23.9767176019387,1.19883588009693,14.836361300486,0.741818065024299,0.0205710427317631,0.05,0.39176310492807,50000000.033701,11.9883588009693,0.000277777777777778
31,2,0.008257852227555,0.0545520651278169,0.0454545454545454,-0.00445046885916023,0.00445046885916023,0.00574344833713214,0.918145248038908,1.18480134849403,3.99323431259246,0.904388877402707,0.0410405199487646,0.0475,0.264110863387436,33333333.4392752,8.2982876166592,0.000277777777777778
31,2,0.007638450123938,0.0774855168182108,0.0681818181818182,-0.0167035702416762,0.0167035702416762,0.00629145443235934,3.42741131374218,1.29693184675644,2.39098035550537,0.978718451307841,0.0613877601831843,0.045125,0.201000624851906,25000000.184016,7.08056854092994,0.000277777777777778
31,2,0.00690754618125203,0.100530470347674,0.0909090909090909,0.0107197342902023,0.0107197342902023,0.00651286842525149,2.19537687096735,1.34185409796699,1.04190660055222,0.981877858770059,0.0815960763357578,0.04286875,0.169553292466953,20000000.3391686,6.10353020693743,0.000277777777777778
31,2,0.00562200335751895,0.124130062758184,0.113636363636364,-0.0896680796248259,0.0896680796248259,0.0106706289852302,15.8862856094785,2.06907567354256,0.795330060676977,0.972550468865405,0.101652703609008,0.0907253125,0.147037609779646,16666667.1588638,7.73398944069428,0.000277777777777778
31,2,0.0081961699992176,0.143869945703262,0.136363636363636,-0.03052694390894,0.03052694390894,0.0116634447314157,5.33357403491793,2.23230059161133,0.622871820787284,0.955066536461499,0.121548607581553,0.118578589823582,0.126941419350463,14285714.9369499,7.3910729541548,0.000277777777777778
31,2,0.00835235498323003,0.166027810306026,0.159090909090909,-0.0180562403537081,0.0180562403537081,0.0119830845125303,3.1407039672585,2.27772076039369,0.455139843613217,0.930070201819085,0.141278186979735,0.112649660332403,0.113021106905635,12500000.844472,6.85977683079276,0.000277777777777778
31,2,0.0093891196392519,0.187305095236781,0.181818181818182,-0.0368966934141826,0.0368966934141826,0.0132287649576129,6.29261460184894,2.47846545246645,0.322169816735174,0.899675182564889,0.16083889918853,0.157017177315783,0.100719328075638,11111112.2066366,6.79675880535456,0.000277777777777778
31,2,0.0113075616433493,0.207700702819461,0.204545454545455,0.0306338811461488,0.0306338811461488,0.0140990207670397,5.15714677740027,2.61239951871314,0.243348766381969,0.866858861755743,0.180230838453452,0.181976874143493,0.0962791277983126,10000001.3969058,6.63279760255913,0.000277777777777778
31,2,0.0118067364655786,0.229515577584008,0.227272727272727,-0.0543379527720713,0.0543379527720713,0.0161109673672913,8.79145365779989,2.92135222566748,0.207671778373678,0.83389950758664,0.199456297004641,0.222878030436319,0.0877446610803277,9090910.79857714,6.82903906212647,0.000277777777777778
31,2,0.013370633348699,0.250265730287665,0.25,-0.103345870086911,0.103345870086911,0.0204727125032723,14.7872406113059,3.5146466449494,0.178971474551302,0.801153105934873,0.218519338009057,0.261734128914503,0.0846701129885913,8333335.36431926,7.49222252455809,0.000277777777777778
31,2,0.0135721939596192,0.272378219263521,0.272727272727273,-0.00590045387785265,0.00590045387785265,0.0197440995720013,0.844387528707198,3.38113368913729,0.154069220159438,0.768798911646101,0.237425406430212,0.248647422468778,0.0799294233591418,7692310.06634002,6.98085060180033,0.000277777777777778
31,2,0.0166280493371554,0.291636413472762,0.295454545454545,-0.0750964649740258,0.0750964649740258,0.0225117178421025,10.1797570550079,3.72106485743082,0.136787202431462,0.737198326185369,0.256180999722793,0.286215051345339,0.076083791337475,7142859.86950326,7.20934391988659,0.000277777777777778
31,2,0.0195341660747102,0.311044346321984,0.318181818181818,0.0131414549150946,0.0131414549150946,0.0220432046957521,1.77946699243765,3.62398496418116,0.123846747324006,0.706530747242301,0.274793415050965,0.271904298778072,0.0734556910086702,6666669.74983608,6.84735212472332,0.000277777777777778
31,2,0.0211009203059895,0.331791641677481,0.340909090909091,-0.0273102254674571,0.0273102254674571,0.0223065557343374,3.67482463422474,3.62652694768334,0.114758398250699,0.676942129792721,0.293270583684395,0.278034380955141,0.0699870443208798,6250003.43509377,6.64906915656716,0.000277777777777778
31,2,0.0243763057496398,0.350830305820608,0.363636363636364,-0.0430759992856053,0.0430759992856053,0.0233450279119008,5.70402447972833,3.73040182428559,0.110803625807843,0.648635204593477,0.311620996722759,0.314132661907384,0.0659218429937791,5882356.70508681,6.5934782932237,0.000277777777777778
31,2,0.0266142253017038,0.370906435855321,0.386363636363636,-0.061192132920393,0.061192132920393,0.0252373831623254,7.85301969277505,3.93653271771006,0.111189693563385,0.621762929041972,0.329853719675972,0.348426028812015,0.0631104286143802,5555559.61000639,6.663452815421,0.000277777777777778
31,2,0.0295014738013304,0.390333236942471,0.409090909090909,0.0287218590923191,0.0287218590923191,0.0254116069588251,3.66300556158509,3.92285635990382,0.115978015147062,0.596473683347227,0.347978487036391,0.356287637183694,0.0623701417885407,5263162.18960205,6.50553453890332,0.000277777777777778
31,2,0.0307824850011857,0.411366275329393,0.431818181818182,-0.0316363211375323,0.0316363211375323,0.0257228426677604,4.00422387070474,3.92692473544386,0.11563764843447,0.572431881601589,0.366005862160269,0.375230425157313,0.0600878146203706,5000004.51250708,6.38046900549339,0.000277777777777778
31,2,0.0329465977433994,0.431516212173956,0.454545454545455,-0.0484108543155108,0.0484108543155108,0.026857243250148,6.01840036232719,4.03149851678803,0.10886768240226,0.549253671641622,0.38394744283869,0.406468903899448,0.0573683398723438,4761909.49693352,6.36322764153309,0.000277777777777778
31,2,0.0361648618246786,0.450611997679454,0.477272727272727,-0.0482430637175826,0.0482430637175826,0.0279265342735197,5.89534497871054,4.12469083988415,0.10358555999613,0.526970266059348,0.401816089148637,0.436145458704475,0.0551646755467068,4545459.50406632,6.34196024776843,0.000277777777777778
31,2,0.0429412655687647,0.488463693108921,0.522727272727273,0.0111088915790396,0.0111088915790396,0.0271999205680467,1.34839887549713,3.96490702597956,0.0963532603036756,0.485132623475003,0.437393645778741,0.423662914846397,0.0521128379428451,4166672.06343103,6.02311491641525,0.000277777777777778
31,2,0.0429531398253671,0.510765868439096,0.545454545454545,0.018238268836392,0.018238268836392,0.026751837981464,2.20945864532336,3.87713460694675,0.09409726908814,0.46558085575566,0.455136428375914,0.402479769104077,0.0521379593776613,4000005.60598582,5.87056866557157,0.000277777777777778
31,2,0.0458479265593205,0.530185131291919,0.568181818181818,-0.0341800253391704,0.0341800253391704,0.0271232473493493,4.10768093908318,3.88866192355357,0.0933478496949277,0.446969205452623,0.472874215525938,0.429127533952694,0.0504980990401828,3846159.64854866,5.80276529147587,0.000277777777777778
31,2,0.0488533203779905,0.549493787060026,0.590909090909091,-0.0147460440332021,0.0147460440332021,0.0265043871835419,1.77025382110823,3.78274151843131,0.0937250737913333,0.429306998869559,0.490628558173786,0.407671157255059,0.0492414401634109,3703709.6863618,5.65341301479558,0.000277777777777778
31,2,0.0517958747900623,0.568865282234731,0.613636363636364,-0.0184851036644686,0.0184851036644686,0.0261034230075883,2.21478398215756,3.70434364161762,0.0952271124847641,0.412603004550319,0.508422677973942,0.387287599392306,0.0479978636621949,3571434.71546356,5.53060483505851,0.000277777777777778
31,2,0.0527607785803363,0.590214428031234,0.636363636363636,-0.0822345526181332,0.0822345526181332,0.0289099794881155,9.41115194692194,3.98968405688283,0.0982048034452482,0.396883094495066,0.526281181272191,0.417923219422691,0.04727427922469,3448282.14537176,5.66441680443311,0.000277777777777778
31,2,0.0572963253155865,0.607992930882761,0.659090909090909,-0.0132347789495979,0.0132347789495979,0.0281262194611896,1.51364599829884,3.86588215395363,0.0971100851736551,0.381894444028995,0.544229644599438,0.397027058451556,0.0459593957300312,3333339.75044575,5.52605777756197,0.000277777777777778
31,2,0.0584274306157548,0.629175875169369,0.681818181818182,-0.0461679114736979,0.0461679114736979,0.029028304061815,5.2106027700173,3.93311818475682,0.0912216457930869,0.3673608041172,0.562294076166333,0.427175705528979,0.0445440068799747,3225813.01534461,5.51588180957666,0.000277777777777778
31,2,0.0638604817063679,0.66837092325231,0.727272727272727,-0.0314118248098039,0.0314118248098039,0.0295730968739221,3.49500053501548,3.92629702225659,0.0871881120638267,0.340089034911723,0.598873037468732,0.468899400262753,0.0420420876218958,3030309.88760969,5.41630387481828,0.000277777777777778
31,2,0.0649885628983511,0.689556891647103,0.75,-0.117586821257172,0.117586821257172,0.0339737830930846,12.0945136894047,4.33470785561399,0.0887086009763878,0.327520013214956,0.617435443492952,0.495454430249615,0.0422590549602563,2941183.45776423,5.61272181054141,0.000277777777777778
31,2,0.0676721290333396,0.709187375098892,0.772727272727273,-0.0399325879258154,0.0399325879258154,0.0342717233347212,4.07509891279151,4.32172740847287,0.0924064765821284,0.315764336383315,0.636207907794355,0.520681708737134,0.0413156090711032,2857149.95387818,5.56878972774855,0.000277777777777778
31,2,0.0684609927845524,0.730712560934456,0.795454545454545,-0.00509528793749103,0.00509528793749103,0.0328129015648597,0.52016116423398,4.13164909626092,0.0990118235404468,0.304926710741172,0.655207376117938,0.494647623300278,0.0408434845629797,2777784.95793167,5.4285500454287,0.000277777777777778
31,2,0.0695850937776741,0.751902509528111,0.818181818181818,-0.0281707917307714,0.0281707917307714,0.0325807960731553,2.86546540097505,4.06833991149663,0.108146846012284,0.295087717504727,0.6744464966491,0.493028595406017,0.0400826769179981,2702709.93870883,5.3592774874705,0.000277777777777778
31,2,0.0720309540832959,0.771770698809266,0.840909090909091,-0.0414172612353112,0.0414172612353112,0.033022619331263,4.1780225664808,4.07382404424584,0.119088982964408,0.286287780777711,0.693932873990114,0.518377165635717,0.0390804113034644,2631586.21392919,5.32819183165498,0.000277777777777778
31,2,0.0723441803357161,0.793771522143623,0.863636363636364,-0.0370422225066944,0.0370422225066944,0.0332235994900346,3.71269855860538,4.05576776996381,0.13383325971955,0.278665054724803,0.713668433348899,0.542458307353931,0.0381279530121354,2564109.8359306,5.28676892721781,0.000277777777777778
31,2,0.0719992744562667,0.816430477609849,0.886363636363636,-0.0591824870650055,0.0591824870650055,0.0345215438687832,5.83292653793708,4.14462570836248,0.155013420278389,0.272482473002482,0.733648929868244,0.565335391986234,0.0374880709918343,2500007.25130869,5.30042286748579,0.000277777777777778
31,2,0.0713222062713269,0.839421595381565,0.909090909090909,-0.0437387204744204,0.0437387204744204,0.034982402699065,4.27340861309923,4.15106485359932,0.182170548846668,0.267966876794692,0.753863633719555,0.587068622386923,0.0367218312004418,2439031.59857827,5.27537373933002,0.000277777777777778
31,2,0.0718146680262632,0.861243183213406,0.931818181818182,-0.0348150979956348,0.0348150979956348,0.0349740374638935,3.3837063135575,4.11269692659722,0.212463001970499,0.265191683053482,0.774295215714509,0.606987230620469,0.0359806042491897,2380959.52972407,5.23033403871639,0.000277777777777778
31,2,0.0713617016483037,0.884010199178143,0.954545454545455,-0.0175051894586402,0.0175051894586402,0.0341005950636308,1.69973354049599,3.99204875729216,0.248583477403551,0.264361272770985,0.794919850975054,0.576637869089446,0.0351536395633816,2325588.47142336,5.14822705038568,0.000277777777777778
31,2,0.0699619285978287,0.907724021815395,0.977272727272727,0.0264313430127396,0.0264313430127396,0.0337171324610863,2.55931359569204,3.92041199921216,0.286081844193179,0.265447301342095,0.815707549936853,0.564071105606389,0.0345488460421552,2272734.26742518,5.08938810823356,0.000277777777777778
31,2,0.0672900426767011,0.932709957323299,1,0.210714243828062,0.210714243828062,0.0425669880294351,17.1504451000232,4.58191365425271,0.422795073686514,0.273314689959316,0.836622716986787,0.58586755032607,0.035783108857957,2222229.11404266,5.35741159693999,0.000277777777777778
31,3,0.0181818181818182,0,0,0,0,0,0,0,0,0,0,0,0.73176755508892,100000000,0,0.000128563377054455
31,3,0.00372289566642824,0.0367729721021668,0.0227272727272727,-0.0568677760548795,0.0568677760548795,0.00284338880274397,15.6381633233503,0.781908166167515,5.59049842796362,0.279524921398181,0.0440011252771726,0.05,0.367392129431307,50000000.0894375,7.81908166167515,0.000128563377054455
31,3,-0.0227852133609411,0.0855951307163129,0.0454545454545454,-0.0722804156362975,0.0722804156362975,0.00631524014442165,16.8343738585021,1.58453145078424,1.76231603679146,0.353664477167845,0.0879528690889538,0.0975,0.257764838226951,33333333.5821033,10.8241790606175,0.000128563377054455
31,3,-0.0487213911465375,0.133845358088686,0.0681818181818182,-0.0476949645728468,0.0476949645728468,0.00838422636584291,10.485182332783,2.02956399488418,0.7048351070786,0.371223008663383,0.131823146652401,0.142625,0.203444219778001,25000000.5412704,10.7394298786588,0.000128563377054455
31,3,-0.0758961923243396,0.183334208853265,0.0909090909090909,-0.0120469850251239,0.0120469850251239,0.00856736429880696,2.64046139410736,2.06010886484534,0.345197474582381,0.369921731959333,0.175580134018579,0.13549375,0.17686235581312,20000001.0123948,9.11963618174854,0.000128563377054455
31,3,-0.101458735847989,0.231210801963691,0.113636363636364,-0.111652822724865,0.111652822724865,0.0137216372201099,19.3596993380242,2.92508838850428,0.204432844208364,0.361647287571784,0.219191940600522,0.1787190625,0.150180322044098,16666668.3255927,10.8263133744612,0.000128563377054455
31,3,-0.12885267692957,0.280918792632049,0.136363636363636,-0.0210708456399109,0.0210708456399109,0.0140890976410999,3.63116443170397,2.96039219066427,0.145905077419815,0.350860177064186,0.262626391514145,0.169783109375,0.135004263198183,14285716.686761,9.79843495406727,0.000128563377054455
31,3,-0.157564184847915,0.331944350137171,0.159090909090909,-0.0675265673797596,0.0675265673797596,0.0167609711280329,10.9257691063034,3.35866103644622,0.114647236037931,0.339049530012873,0.305850963783928,0.21129395390625,0.119773502040064,12500003.1912169,9.93935172309678,0.000128563377054455
31,3,-0.181098133008407,0.37779234788444,0.181818181818182,-0.0727758051266081,0.0727758051266081,0.0195617128279617,11.0397563505923,3.74271580215353,0.112427495602028,0.327718428292331,0.348832910564892,0.250729256210937,0.106597486721448,11111114.9360396,10.0616189039296,0.000128563377054455
31,3,-0.206773859447716,0.425782123910526,0.204545454545455,-0.0724791641378495,0.0724791641378495,0.022207585393456,10.3896039528808,4.07506020968989,0.110621286553037,0.316863571205366,0.391539595435273,0.288192793400391,0.0960609109685022,10000004.3464208,10.0944174088247,0.000128563377054455
31,3,-0.232558754347059,0.473881068396645,0.227272727272727,-0.0341006602532232,0.0341006602532232,0.0228022391364444,4.83318246606236,4.11296632250851,0.0986217193020957,0.305951478610202,0.433939045144623,0.320242446065896,0.0903650328753964,9090913.96399659,9.61612332311907,0.000128563377054455
31,3,-0.256191451207485,0.519827814843849,0.25,-0.0452436172515336,0.0452436172515336,0.0239243080421989,6.28761517212362,4.22169876498927,0.0936026917312912,0.295334039266257,0.476000714667406,0.354230323762601,0.0852253281453911,8333338.69061799,9.33874764386944,0.000128563377054455
31,3,-0.284070907627326,0.570021320850466,0.272727272727273,-0.124981884883672,0.124981884883672,0.0289771868842725,15.2296493995662,4.77209629671811,0.0953837135058044,0.285336522978234,0.517696443769516,0.386518807574471,0.080442679468268,7692313.44395277,9.79189393276919,0.000128563377054455
31,3,-0.304492881685773,0.61275734449569,0.295454545454545,-0.024765895363267,0.024765895363267,0.0287666223082222,3.00568504791211,4.68377573427781,0.0955593441269628,0.275847664035671,0.559001570314222,0.376901116657428,0.0773358166153801,7142863.2311491,9.30716472670797,0.000128563377054455
31,3,-0.325607727985476,0.656186240382171,0.318181818181818,-0.0425218060605839,0.0425218060605839,0.0294543814958403,5.09571790552475,4.70437284284016,0.0874903806295609,0.266429799865365,0.599896152960445,0.408056060824557,0.074553915074365,6666673.11106102,9.02640160529575,0.000128563377054455
31,3,-0.347600104975147,0.700492666958618,0.340909090909091,-0.076999803514505,0.076999803514505,0.0318316525967736,8.86215445396005,4.91226192339615,0.0905134539545783,0.257633982569826,0.640366245424572,0.437653257783329,0.0707544036840017,6250006.73212479,9.01613615833727,0.000128563377054455
31,3,-0.368911472960058,0.744118084530306,0.363636363636364,-0.0967955477165638,0.0967955477165638,0.0350798473527631,10.5122031595361,5.19225898520315,0.104593383265993,0.249981952604634,0.680405156678177,0.465770594894162,0.0666487637484254,5882359.83969594,9.10414009958426,0.000128563377054455
31,3,-0.389095183482378,0.786615844639403,0.386363636363636,-0.0887541880689553,0.0887541880689553,0.0377635643885727,9.22431528957945,5.39386180042196,0.1288743055167,0.243926570250238,0.720014626804973,0.492482065149454,0.0632049214366029,5555562.5019072,9.11081649902844,0.000128563377054455
31,3,-0.408034734776903,0.827869445520705,0.409090909090909,-0.105279703313931,0.105279703313931,0.0411393713348406,10.3449532016985,5.64141637048579,0.168270461831865,0.240143764829319,0.759205847061589,0.517857961891982,0.0599626194315657,5263164.7882707,9.17577106232687,0.000128563377054455
31,3,-0.429841145086394,0.871989905416973,0.431818181818182,-0.0771917805573352,0.0771917805573352,0.0429419917959653,7.37927334837124,5.72830921938006,0.229503327077097,0.239611742941708,0.798000255134432,0.541965063797383,0.0582364997576481,5000006.76671893,9.08594617662908,0.000128563377054455
31,3,-0.448770240311578,0.913233050228934,0.454545454545455,-0.0960997200800686,0.0960997200800686,0.0455998782101705,8.82613889352122,5.88320070308712,0.306144347429765,0.242938373166111,0.836430042642391,0.564866810607513,0.0565880351646266,4761911.36194341,9.073574401243,0.000128563377054455
31,3,-0.464440308433037,0.951217167937169,0.477272727272727,-0.105447159101331,0.105447159101331,0.0485922422547285,9.2643448336189,6.05225790961371,0.700665307554607,0.265824719885535,0.874538321411406,0.586623470077138,0.0554340037310593,4545460.91036484,9.08224578453281,0.000128563377054455
31,3,-0.458750613956465,0.990155572634151,0.522727272727273,-0.357307691318366,0.357307691318366,0.0758800381378605,19.2161876047121,7.38138155604515,14.1670013906948,1.61701264471579,0.950015697710167,0.626927681744617,0.0612452385215336,4166672.50706835,9.96677646354718,0.000128563377054455
31,3,-0.439228020549305,0.992947028813768,0.545454545454545,-0.392340410691653,0.392340410691653,0.0917030567655501,17.5578386159852,7.89020440904215,14.1670013906948,2.24451208201474,0.987521627972297,0.645581297657386,0.0653208123330951,4000005.60960908,10.2704189496447,0.000128563377054455
31,3,-0.419079011281143,0.995112069132383,0.568181818181818,-0.350745229447372,0.350745229447372,0.104655165399641,14.0653136734809,8.19895987226409,14.1670013906948,2.84063654744874,1.02497722583516,0.663302232774517,0.070377662588478,3846159.2427236,10.416376439023,0.000128563377054455
31,3,-0.397592437592077,0.995939545030094,0.590909090909091,-0.352322416484669,0.352322416484669,0.117038527953893,12.9049952194371,8.43426163962274,14.1670013906948,3.40695478961104,1.06246878195424,0.680137121135791,0.0758254855875504,3703708.90301482,10.5085475049643,0.000128563377054455
31,3,-0.375573727998059,0.996234885022852,0.613636363636364,-0.385088100882759,0.385088100882759,0.130441006600336,12.8871646953652,8.65690679240986,14.1670013906948,3.94495711966523,1.10008618817747,0.696130265079001,0.080968586528374,3571433.58757096,10.5934981189072,0.000128563377054455
31,3,-0.35434249339497,0.99731770000654,0.636363636363636,-0.298353549052139,0.298353549052139,0.138836633722926,9.52556309282305,8.70033960743052,14.1670013906948,4.45605933321671,1.13792050418315,0.711323751825051,0.0865458646356046,3448280.70767494,10.5566727731801,0.000128563377054455
31,3,-0.331568016965297,0.996857273163644,0.659090909090909,-0.39176203097907,0.39176203097907,0.151482903585733,11.6360887469015,8.84712706440407,14.1670013906948,4.94160643609061,1.17606132987007,0.725757564233799,0.0913249632544082,3333338.019772,10.5926533056375,0.000128563377054455
31,3,-0.309996547377441,0.997599853162565,0.681818181818182,-0.317124478727405,0.317124478727405,0.159764982342817,9.03141068561191,8.85634124546446,14.1670013906948,5.40287618382082,1.21459407236239,0.739469686022109,0.096634766802419,3225810.98915311,10.5422906404754,0.000128563377054455
31,3,-0.287667608680068,0.997584964051969,0.704545454545455,-0.338261009617446,0.338261009617446,0.168689783706548,9.21946881726117,8.8744976240543,14.1670013906948,5.84108244416452,1.25359720481211,0.752496201721003,0.101598337028143,3125004.39794791,10.5009524584999,0.000128563377054455
31,3,-0.26546304929383,0.997694454252508,0.727272727272727,-0.339572151368512,0.339572151368512,0.177233902089646,8.88667812884718,8.87510664929394,14.1670013906948,6.25737839149104,1.29313961862511,0.764871391634953,0.106355027062637,3030307.29711878,10.4520350545711,0.000128563377054455
31,3,-0.243409235382072,0.997954689927526,0.75,-0.311740929764584,0.311740929764584,0.183959253473393,7.90337513563271,8.82652007361088,14.1670013906948,6.65285954145122,1.33327817101643,0.776627822053206,0.111155102486218,2941180.61398547,10.3770744687199,0.000128563377054455
31,3,-0.220986781058214,0.997846285190446,0.772727272727273,-0.341818883770455,0.341818883770455,0.191852234988246,8.36166613769934,8.8032773768153,14.1670013906948,7.0285666339134,1.37405552581177,0.787796430950545,0.115649406183249,2857146.88417408,10.3194913735479,0.000128563377054455
31,3,-0.198787795753483,0.997961349472491,0.795454545454545,-0.334554360765377,0.334554360765377,0.198987341277103,7.92664686175376,8.75944585106222,14.1670013906948,7.38548837175247,1.41549837723651,0.798406609403018,0.119868728104975,2777781.69490776,10.2530234704425,0.000128563377054455
31,3,-0.176447884294321,0.997935487600107,0.818181818181818,-0.35086854805471,0.35086854805471,0.206581401615983,8.0437667947607,8.72366189824715,14.1670013906948,7.72456402269959,1.45761613433822,0.808486278932867,0.123774801053043,2702706.51587205,10.1933138305592,0.000128563377054455
31,3,-0.154498926302144,0.998300579194706,0.840909090909091,-0.293477551046844,0.293477551046844,0.210926209087526,6.58391448497176,8.61667452758338,14.1670013906948,8.04668589109935,1.50040012811671,0.818061964986224,0.127601742084743,2631582.66204875,10.0983296372543,0.000128563377054455
31,3,-0.13223372882182,0.998349431301159,0.863636363636364,-0.289266312695198,0.289266312695198,0.21484321426791,6.36001672609652,8.50384163750903,14.1670013906948,8.35270166607912,1.54382338498651,0.827158866736913,0.131110083770133,2564106.18534459,10.0024754600451,0.000128563377054455
31,3,-0.109928088065189,0.998357840131304,0.886363636363636,-0.292153752314832,0.292153752314832,0.218708741170256,6.29797060553935,8.39354808591055,14.1670013906948,8.6434166523099,1.58784098960379,0.835800923400067,0.134301122212493,2500003.53247564,9.90986283868249,0.000128563377054455
31,3,-0.0876469282509735,0.998390729903866,0.909090909090909,-0.290391008833754,0.290391008833754,0.222292854553431,6.14376341222796,8.28105885222642,14.1670013906948,8.91959588922915,1.63239103818557,0.844010877230064,0.137175077493406,2439027.83828322,9.81800675511043,0.000128563377054455
31,3,-0.0654274289489419,0.998485280188611,0.931818181818182,-0.276315561519593,0.276315561519593,0.224993989901739,5.75134788895517,8.15457330406286,14.1670013906948,9.18196616430243,1.67739616113326,0.85181033336856,0.139709962430856,2380955.74857616,9.72118154401149,0.000128563377054455
31,3,-0.0431791989427599,0.998551099769206,0.954545454545455,-0.266706368884167,0.266706368884167,0.22707960885086,5.47038102902122,8.02036369031077,14.1670013906948,9.43121792562205,1.72276557196882,0.859219816700132,0.141814385940745,2325584.68629733,9.62232571808149,0.000128563377054455
31,3,-0.0210023475241146,0.998688297937338,0.977272727272727,-0.242648210728775,0.242648210728775,0.227858038944756,4.91881089094275,7.86528605034237,14.1670013906948,9.66800709887568,1.76839757921262,0.866258825865126,0.143109477223354,2272730.49048572,9.51542765382833,0.000128563377054455
31,3,0,1,1,-0.017083011983333,0.017083011983333,0.217319287596685,0.346448487108513,7.48934417218068,14.1670013906948,9.89295681346664,1.8141824797316,0.822945884571869,0.140313431263194,2222225.37004352,9.31167256123456,0.000128563377054455
33,1,0.0181818181818182,0,0,0,0,0,0,0,0,0,0,0,0.731883400541974,100000000,0,0.000277777777777778
33,1,0.0108258937063222,0.0296699740622729,0.0227272727272727,0.102244507342159,0.102244507342159,0.00511222536710796,22.6129746272207,1.13064873136103,15.0376244504319,0.751881222521597,0.0208805560827772,0.05,0.400884746375846,50000000.0332499,11.3064873136103,0.000277777777777778
33,1,0.0102296537806786,0.0525802635746933,0.0454545454545454,-0.046632206262391,0.046632206262391,0.00718822441187211,9.80957978378895,1.56459528398243,4.10710011267009,0.919642167029022,0.0416239071159802,0.0975,0.279162336004942,33333333.4366602,10.8075181370032,0.000277777777777778
33,1,0.0117493738525303,0.0733745930896184,0.0681818181818182,-0.0932651277380625,0.0932651277380625,0.0114920695781816,16.6774119587587,2.32023611772124,2.60229442061822,1.00377477970848,0.062192438423857,0.142625,0.227253688414854,25000000.1735642,12.2749915924421,0.000277777777777778
33,1,0.0117859664738168,0.0956520500551088,0.0909090909090909,0.00312113462144126,0.00312113462144126,0.0110735228303446,0.558304885269461,2.23213955609865,1.2894246467004,1.01805727305808,0.0825543491561487,0.13549375,0.185329161660918,20000000.2939593,9.93165425100755,0.000277777777777778
33,1,0.0123533227437983,0.117398743371904,0.113636363636364,-0.0269865071036084,0.0269865071036084,0.0118691720440078,4.77436693036858,2.35925092481215,0.864529748345946,1.01038089682247,0.102684316848979,0.147169877868537,0.15526499638671,16666667.1044158,9.07210636423439,0.000277777777777778
33,1,0.0117277570466244,0.140338358655855,0.136363636363636,-0.0636439963186275,0.0636439963186275,0.0144579132577388,10.6120591121656,2.77189133417982,0.651146227780745,0.992419163370385,0.122563926251272,0.18981138397511,0.136134355914221,14285714.8803212,9.29209961393884,0.000277777777777778
33,1,0.0122240149196172,0.162156150369639,0.159090909090909,-0.0661789702032167,0.0661789702032167,0.0170439661050127,10.4232903641434,3.154461285678,0.481136911267351,0.966855050765233,0.142181857648219,0.230320814776355,0.122625114166096,12500000.7800823,9.43349845771441,0.000277777777777778
33,1,0.0122471230009064,0.184447091875127,0.181818181818182,-0.0682213161321861,0.0682213161321861,0.0196028336063713,10.1782662291301,3.5056515328506,0.338071971217264,0.935415896787834,0.161533839374917,0.268804774037537,0.112019065264262,11111112.1331787,9.51625043231616,0.000277777777777778
33,1,0.0130331682868075,0.205975096176002,0.204545454545455,-0.0360681558806015,0.0360681558806015,0.0204260997200829,5.30750182466729,3.59574404744144,0.246249452806355,0.90095757458876,0.180622378189717,0.30536453533566,0.100983793108236,10000001.3259531,9.09537557155127,0.000277777777777778
33,1,0.0137110374743384,0.227611276575248,0.227272727272727,-0.0937901641143215,0.0937901641143215,0.0240943029397948,12.6545039889735,4.04868204451804,0.210490935947727,0.866434242656709,0.199456289294273,0.340096308568877,0.0955017462106426,9090910.7282118,9.41893270040784,0.000277777777777778
33,1,0.0158091782575421,0.247827185378822,0.25,-0.0118517084504774,0.0118517084504774,0.0234821732153289,1.59783138187868,3.92613951138607,0.182238659473905,0.832224463497569,0.218050054716362,0.323091493140433,0.0887708582392837,8333335.29146998,8.76717425719707,0.000277777777777778
33,1,0.0179380183729685,0.268012394850172,0.272727272727273,-0.0361955403294125,0.0361955403294125,0.0241178415710331,4.82510733159078,3.97108790239631,0.158522735604746,0.798539377102928,0.236423044240784,0.356936918483411,0.0823392306422109,7692309.98506793,8.46393833984274,0.000277777777777778
33,1,0.0211311075565095,0.287133355253408,0.295454545454545,-0.0406081430001244,0.0406081430001244,0.0249423566424877,5.33831548267535,4.03944928141026,0.140461392583583,0.76563547787696,0.254598636881522,0.389090072559241,0.0765480030664246,7142859.78037694,8.24067956433079,0.000277777777777778
33,1,0.0232758334867692,0.307302678909925,0.318181818181818,-0.0125219125244946,0.0125219125244946,0.024321334436588,1.64471566581323,3.91971260063041,0.126015281698296,0.733654468068027,0.272603282911095,0.369635568931279,0.0729347185024716,6666669.65738818,7.80094863776295,0.000277777777777778
33,1,0.0224642842419594,0.330428277741512,0.340909090909091,-0.0327816169294901,0.0327816169294901,0.0247443485612331,4.26849589544611,3.93715176537119,0.115197087757642,0.702731599052508,0.290465546659689,0.392419998868534,0.0694857411397916,6250003.34634985,7.58017034136815,0.000277777777777778
33,1,0.0252345853792172,0.349972026191031,0.363636363636364,-0.044378134579111,0.044378134579111,0.025726037862127,5.68710796391364,4.02464957529832,0.110891503623978,0.673139594281081,0.308215168709373,0.422798998925107,0.0654044687936765,5882356.62114242,7.46881373092965,0.000277777777777778
33,1,0.0282206160992046,0.36930004505782,0.386363636363636,-0.0294934256801431,0.0294934256801431,0.0259144072530278,3.75475614062065,4.01115490356443,0.11098192773662,0.645031710953858,0.325882182860425,0.429979622522723,0.0622040264676777,5555559.53166095,7.2624771981347,0.000277777777777778
33,1,0.0302221420306756,0.389612568713126,0.409090909090909,-0.0374386721449489,0.0374386721449489,0.0264906204976239,4.71532478644587,4.0463633977085,0.115741203199233,0.618567185566127,0.343496118533884,0.458480641396586,0.0591862512978464,5263162.11630856,7.12841654488792,0.000277777777777778
33,1,0.0350587649094237,0.407089995421155,0.431818181818182,-0.044612065244424,0.044612065244424,0.0273966927349639,5.53483355524586,4.12078690558537,0.117221699324926,0.593499911254067,0.361085313357451,0.485556609326757,0.0566255187059691,5000004.43703532,7.04873739540582,0.000277777777777778
33,1,0.0367029059622835,0.427759903955072,0.454545454545455,0.00252358681407694,0.00252358681407694,0.0261530374389195,0.313232225126887,3.93040917156245,0.110051956880742,0.5693275135354,0.378676353872035,0.461278778860419,0.0554877285348316,4761909.42034874,6.72799905396397,0.000277777777777778
33,1,0.0406025018962242,0.446174357607908,0.477272727272727,0.00486044160825827,0.00486044160825827,0.0250884076473865,0.603478879719602,3.7640626569703,0.104728363958701,0.546097556056565,0.396293654941094,0.438214839917398,0.0545513876010309,4545459.42617432,6.44961177331649,0.000277777777777778
33,1,0.0453292265520389,0.486075732125647,0.522727272727273,-0.0609807940344433,0.0609807940344433,0.0272713808292547,7.31151390778805,3.95726732407276,0.0966746635632375,0.502440285243705,0.431692304226877,0.48649702103854,0.0510708492324296,4166671.98801782,6.38751429342397,0.000277777777777778
33,1,0.0481288576606228,0.50559015060384,0.545454545454545,-0.0596845772992647,0.0596845772992647,0.0288920406527552,6.98294036947898,4.10855097634307,0.0944830751419127,0.482042424738615,0.449509790407219,0.512172169986613,0.0498043623777448,4000005.53185335,6.41133133646617,0.000277777777777778
33,1,0.0515113016663964,0.524521756184843,0.568181818181818,-0.0138972326353115,0.0138972326353115,0.028142300251883,1.62460546826768,3.9843537009393,0.0934497992326289,0.462612793463316,0.46742589234541,0.486563561487282,0.048319946542491,3846159.57681794,6.22722649538161,0.000277777777777778
33,1,0.0534889094057561,0.54485819803226,0.590909090909091,-0.0371282561865653,0.0371282561865653,0.0285915980486171,4.3021413971526,4.00024308574997,0.0935340153111846,0.444158854555709,0.485452532108289,0.512235383412918,0.0466049878007807,3703709.61809497,6.15592704729906,0.000277777777777778
33,1,0.0545224846291537,0.56613867239564,0.613636363636364,-0.0542006997619304,0.0542006997619304,0.0298720531342828,6.16302157468543,4.10838201019674,0.0949532657394827,0.426698575114898,0.503599544960282,0.536623614242272,0.0452783739044538,3571434.65071645,6.15618042327714,0.000277777777777778
33,1,0.0558687907164925,0.587106415895078,0.636363636363636,-0.0230313590308593,0.0230313590308593,0.0295300184291116,2.61119891855967,4.03352285561489,0.0976708874671499,0.41024719073251,0.521874958399071,0.512671799793384,0.04407344622097,3448282.08477676,6.03393968173516,0.000277777777777778
33,1,0.056316160663009,0.608973095535338,0.659090909090909,-0.0682351460508261,0.0682351460508261,0.0314652748101973,7.51815885525316,4.2077546555968,0.0967532596489702,0.394572494178333,0.540285278617572,0.537038209803715,0.0431333072043931,3333339.69313651,6.08341365418576,0.000277777777777778
33,1,0.0597607214657484,0.627842584319375,0.681818181818182,-0.0112702115529588,0.0112702115529588,0.0304555216473354,1.24141728832639,4.05943778723328,0.0915274950723246,0.379420244223033,0.558835757998412,0.510186299313529,0.0421762076780363,3225812.95870238,5.92722022302901,0.000277777777777778
33,1,0.0614982026595705,0.64841915271233,0.704545454545455,-0.0783139150952228,0.0783139150952228,0.0328484413197297,8.32609216901833,4.27277050632253,0.0881304666137797,0.36485575534257,0.577530619915643,0.534676984347852,0.0416090720024878,3125006.65833087,6.00218497134117,0.000277777777777778
33,1,0.0646715159729732,0.667559888985705,0.727272727272727,-0.0948279093103435,0.0948279093103435,0.0359474147192604,9.6098197601967,4.53962296901624,0.0871823228058648,0.350972083715735,0.596373221105448,0.55794313513046,0.041648938193217,3030309.83444857,6.11150723767013,0.000277777777777778
33,1,0.0658915439141746,0.68865391063128,0.75,-0.0284388151058499,0.0284388151058499,0.0355719847385899,2.87150712563653,4.45621717684725,0.0885758931094694,0.337852274185422,0.615366136949473,0.554214541782795,0.040512294713212,2941183.40666342,6.01621311672796,0.000277777777777778
33,1,0.0665044264080979,0.710355077724133,0.772727272727273,-0.0601032619368724,0.0601032619368724,0.036798548598504,5.96282904008065,4.53154777000892,0.0927034794710791,0.325594834449705,0.634511160913396,0.576503814693655,0.0396248757822948,2857149.9032468,6.01468785739518,0.000277777777777778
33,1,0.0683988350648601,0.730774718654148,0.795454545454545,0.0206235744568679,0.0206235744568679,0.0359897998914222,2.04280750594665,4.40711075680581,0.0990348016709563,0.314266832810767,0.653809215781574,0.547678623958972,0.0396089885169063,2777784.90864163,5.90435784763272,0.000277777777777778
33,1,0.0677414628048852,0.7537461405009,0.818181818181818,0.00266761243968894,0.00266761243968894,0.0343236905188355,0.264355481589416,4.19997299304499,0.109053049102633,0.30400614362536,0.673260180883171,0.520294692761023,0.0396274098594233,2702709.88867426,5.75192535125317,0.000277777777777778
33,1,0.069054052061866,0.774747600830696,0.840909090909091,-0.0518199136065567,0.0518199136065567,0.0351985016732216,5.07132895353993,4.24354079106974,0.120933422143583,0.294852507551272,0.692862645865204,0.544279958122972,0.0386057411993364,2631586.16184106,5.73401491973441,0.000277777777777778
33,1,0.0689431231871688,0.79717257929217,0.863636363636364,-0.057846788566291,0.057846788566291,0.0363309160178751,5.57525567283123,4.31012653515781,0.136389882011211,0.286929376274269,0.71261360739136,0.567065960216824,0.0378467410147073,2564109.78158673,5.72994416981381,0.000277777777777778
33,1,0.0697346375538788,0.818695114512237,0.886363636363636,-0.0292619699781556,0.0292619699781556,0.0359774687158891,2.8105046527123,4.23514544103553,0.157369492193743,0.280451382070242,0.732508130115953,0.566121992828642,0.0369923782159567,2500007.19590886,5.65695818188627,0.000277777777777778
33,1,0.0708802349112977,0.839863566741595,0.909090909090909,-0.031043609494132,0.031043609494132,0.0357307757548012,2.96993109485883,4.1718847237267,0.182665985538343,0.275562112243647,0.752538997124672,0.572239552612926,0.0361231495230984,2439031.54416652,5.59142093586121,0.000277777777777778
33,1,0.071804432528938,0.861253418710731,0.931818181818182,0.023563226817426,0.023563226817426,0.0351223983079325,2.24969880268612,4.07577542767467,0.212309147574608,0.272399464010195,0.772696377527276,0.548600908909154,0.0360560160914565,2380959.47668905,5.51185612316657,0.000277777777777778
33,1,0.0734613777621871,0.881910523064259,0.954545454545455,-0.0240606642945229,0.0240606642945229,0.034569311607262,2.29229469582166,3.98660139108202,0.245058934279512,0.271032437523661,0.792967539877134,0.528102612654731,0.0352638374538027,2325588.42096723,5.43698260160041,0.000277777777777778
33,1,0.0713564873749505,0.906329463038273,0.977272727272727,0.0433192415864472,0.0433192415864472,0.0350068081062213,4.09439563232951,3.99199110314439,0.282851639045356,0.271623397599746,0.81333663949724,0.551697482021995,0.03493563663616,2272734.21902303,5.4064692613897,0.000277777777777778
33,1,0.0727630071155747,0.927236992884425,1,0.257090427376951,0.257090427376951,0.0461109890697577,19.2739267616924,4.75608788607179,0.377300471511906,0.276907251295354,0.833784605608587,0.574112607920895,0.0359930548241297,2222229.0730538,5.71463498361865,0.000277777777777778
33,2,0.0181818181818182,0,0,0,0,0,0,0,0,0,0,0,0.731761618356703,100000000,0,0.000128099634615689
33,2,0.0144580895818959,0.0260377781866991,0.0227272727272727,-0.120313071635556,0.120313071635556,0.0060156535817778,24.3241748688976,1.21620874344488,5.08588395018283,0.254294197509142,0.0444050328170617,0.05,0.429964740031979,50000000.0983113,12.1620874344488,0.000128099634615689
33,2,-0.00565658372045959,0.0684665010758315,0.0454545454545454,-0.0780999384343026,0.0780999384343026,0.00961986782440404,14.132322577345,1.86201443513989,2.67076897113686,0.375117936190528,0.0885392468940086,0.0975,0.286909503566311,33333333.5236822,12.8188324820809,0.000128099634615689
33,2,-0.0353685822971723,0.120492549239321,0.0681818181818182,-0.0296188680567293,0.0296188680567293,0.0106198178360203,5.28679914200124,2.03325367048295,0.832337812873053,0.397978930024654,0.132359777323563,0.121439441168226,0.228197491009912,25000000.4431205,10.935824147061,0.000128099634615689
33,2,-0.0579470683714783,0.165385084900404,0.0909090909090909,-0.086089416579612,0.086089416579612,0.0143932977731999,13.8266848239565,2.62292522815663,0.453585697135041,0.400759268380173,0.175833376804955,0.165367469109814,0.182960509012293,20000000.7954274,11.5139962824401,0.000128099634615689
33,2,-0.0779895215316336,0.207741587647336,0.113636363636364,-0.0516402180334392,0.0516402180334392,0.0162556437862119,8.02627150243429,2.89309254187051,0.242749372070007,0.392858773564665,0.218936224482113,0.207099095654324,0.155029412973609,16666668.016102,10.9327088191058,0.000128099634615689
33,2,-0.102344092348229,0.254410208050708,0.136363636363636,-0.0787046375441651,0.0787046375441651,0.0193780934741095,11.4138941559773,3.31913262257585,0.173608624009884,0.381896266086926,0.261653434840145,0.246744140871607,0.133292323125568,14285716.2652421,11.001449581516,0.000128099634615689
33,2,-0.127275791410908,0.301655956700164,0.159090909090909,-0.117627936404749,0.117627936404749,0.0242905856206415,15.0193004210435,3.90414101249923,0.129357892708496,0.369269347418004,0.303978321268161,0.284406933828027,0.120907421431634,12500002.6983982,11.5036809364569,0.000128099634615689
33,2,-0.14983004318061,0.346524258056643,0.181818181818182,-0.0470239797942518,0.0470239797942518,0.025427255329322,5.90170823625821,4.00401937368718,0.111316284523321,0.35637169427327,0.34591147679014,0.320186587136626,0.108718647008537,11111114.5078441,10.8812395253237,0.000128099634615689
33,2,-0.172125923648367,0.391134188111177,0.204545454545455,-0.00342902275097146,0.00342902275097146,0.0243273437004045,0.43053228293527,3.82534501914959,0.116275175465636,0.344366868332889,0.387459738915424,0.304177257779794,0.103009456008396,10000003.9170885,9.83616880108489,0.000128099634615689
33,2,-0.19125246084532,0.432574774894907,0.227272727272727,-0.0688448825822174,0.0688448825822174,0.0265532206444951,8.34184837853432,4.05117018711882,0.108496808137628,0.332573365323125,0.428635106442543,0.338968394890805,0.0943118818894138,9090913.48979509,9.70032148994393,0.000128099634615689
33,2,-0.217756015132155,0.481392378768518,0.25,-0.0961568986260808,0.0961568986260808,0.0300334045435744,10.9375699035379,4.39549017293978,0.0973436124151043,0.320811877677724,0.469453673414025,0.372019975146264,0.0871204146315726,8333338.22171948,9.80342552441009,0.000128099634615689
33,2,-0.240101400983627,0.526051814206767,0.272727272727273,-0.0850742868230241,0.0850742868230241,0.0327854486575469,9.25762270791713,4.63859679968864,0.0934086132668798,0.309441714457182,0.509934639484494,0.403418976388951,0.0807850332974569,7692313.02817574,9.76144069237217,0.000128099634615689
33,2,-0.260314655529581,0.568579118339499,0.295454545454545,-0.0438873881851505,0.0438873881851505,0.033340545633927,4.72450493817426,4.64289220661293,0.0952079003861853,0.298730023753632,0.550099447105816,0.433248027569503,0.0767285477116778,7142862.84782962,9.40165956707232,0.000128099634615689
33,2,-0.282535722463507,0.613114234860202,0.318181818181818,-0.0762114182272091,0.0762114182272091,0.0354840892635912,7.94502145852034,4.8079986692083,0.0953960511034147,0.288563325121121,0.589971084665487,0.461585626191028,0.072354512564025,6666672.69014859,9.30455035983552,0.000128099634615689
33,2,-0.305673957209229,0.6585665191927,0.340909090909091,-0.0345703644390145,0.0345703644390145,0.0354384030223623,3.58254130869283,4.74672580118252,0.0873653690062849,0.27850342731538,0.629573581664225,0.48681486629492,0.0703547531499353,6250006.36240074,8.94692479413911,0.000128099634615689
33,2,-0.32371777735059,0.698924388920838,0.363636363636364,-0.072613547810541,0.072613547810541,0.0372971602617713,7.32402855744158,4.87559093899548,0.0902120204763988,0.26908885697343,0.668931707893533,0.512474122980174,0.0671203092160819,5882359.58137701,8.85146030962749,0.000128099634615689
33,2,-0.344585175273373,0.742105836430398,0.386363636363636,-0.127760429291623,0.127760429291623,0.0418203237132638,11.9386474642561,5.22874376525851,0.103738306367812,0.26082132944315,0.708070874128399,0.536850416831165,0.0643128574909252,5555562.36239165,9.02297070710686,0.000128099634615689
33,2,-0.363569824919027,0.783404535662828,0.409090909090909,-0.0724485296626369,0.0724485296626369,0.0433517340107325,6.62315526629116,5.29846434031014,0.126643561349526,0.254112441038468,0.747017217848707,0.560007895989607,0.0616441202593022,5263164.75890668,8.89666463127445,0.000128099634615689
33,2,-0.387770664334743,0.829919424665322,0.431818181818182,-0.0517586029454953,0.0517586029454953,0.0437720774574706,4.681901854427,5.26763621601598,0.170477366202236,0.249930687296657,0.785797844682901,0.582007501190127,0.0605991266928889,5000006.81425542,8.68592649243208,0.000128099634615689
33,2,-0.408019984521926,0.872482794439281,0.454545454545455,-0.0477207831702353,0.0477207831702353,0.0439695127431088,4.27909199073066,5.21820900475172,0.230059003737341,0.248937103118691,0.82444118530378,0.60290712613062,0.0600397677211897,4761911.45865806,8.4760772304463,0.000128099634615689
33,2,-0.424871676818159,0.911648536322291,0.477272727272727,-0.0447943868687775,0.0447943868687775,0.0440107564493923,3.98663085333664,5.15663009718096,0.298714900238944,0.251425992974704,0.862977418978279,0.622761769824089,0.0598398696067061,4545461.08997695,8.27201148603222,0.000128099634615689
33,2,-0.449304702353489,0.980709661031175,0.522727272727273,-0.253443104055813,0.253443104055813,0.0558301750653465,18.1277648018142,5.86023656368543,13.8500736036571,0.953510468653161,0.93986059549392,0.659542497266241,0.0620908408683116,4166672.72686949,8.6011495542796,0.000128099634615689
33,2,-0.437513009240837,0.9912320175053,0.545454545454545,-0.294704222492766,0.294704222492766,0.0677738774367175,17.5455967314565,6.44450457207398,14.1670013906948,1.61418501475524,0.978280282567672,0.676565372402929,0.0662447891054337,4000005.82061818,8.95892744136668,0.000128099634615689
33,2,-0.41802914521854,0.99406220306978,0.568181818181818,-0.292290900097484,0.292290900097484,0.0789997285697559,15.2517786197363,6.8848682744571,14.1670013906948,2.24182583355222,1.01673877989797,0.692737103782782,0.0707990197306528,3846159.44561696,9.20096017899628,0.000128099634615689
33,2,-0.396609076758443,0.99495618419646,0.590909090909091,-0.329470650676494,0.329470650676494,0.0915232746750928,15.1098810239891,7.2961189119337,14.1670013906948,2.83808461140935,1.05527984265503,0.708100248593643,0.0751817611901047,3703709.09839361,9.4198090991812,0.000128099634615689
33,2,-0.37504449554679,0.995705652571583,0.613636363636364,-0.347406780908525,0.347406780908525,0.104317449986764,14.2342397174437,7.6430249522092,14.1670013906948,3.40453045037362,1.09394988272578,0.722695236163961,0.0796887013510515,3571433.77597193,9.59175304983343,0.000128099634615689
33,2,-0.353434385731866,0.996409592343437,0.636363636363636,-0.33836654581341,0.33836654581341,0.116019904778097,12.7025226276454,7.89599983598101,14.1670013906948,3.94265399738968,1.1327974272656,0.736560474355763,0.0843990951263351,3448280.88957933,9.69902096630971,0.000128099634615689
33,2,-0.331782866752984,0.997072122951331,0.659090909090909,-0.304894310493601,0.304894310493601,0.125463625063872,10.7673982387248,8.0395697561182,14.1670013906948,4.45387136705493,1.17187231750175,0.749732450637975,0.0893163150710426,3333338.19561291,9.73463354205687,0.000128099634615689
33,2,-0.309796902267196,0.99740020805232,0.681818181818182,-0.291740732510287,0.291740732510287,0.133777480436193,9.80049592451919,8.12761606453825,14.1670013906948,4.93952786823693,1.21122465556597,0.762245828106076,0.0943080583185608,3225811.15932174,9.73675813503953,0.000128099634615689
33,2,-0.287337534194417,0.997254889566318,0.704545454545455,-0.334329240742825,0.334329240742825,0.143805068451524,10.5882011395697,8.25064531828982,14.1670013906948,5.40090154435982,1.25090352255763,0.774133536700772,0.0988106286407108,3125004.56279876,9.7633657289311,0.000128099634615689
33,2,-0.26554260091215,0.997774005870828,0.727272727272727,-0.283680714627947,0.283680714627947,0.150798850760345,8.64615521517277,8.27042081313397,14.1670013906948,5.83920653667657,1.290955505909,0.785426859865734,0.103625645335453,3030307.45697415,9.72951086487782,0.000128099634615689
33,2,-0.242863516952214,0.997408971497668,0.75,-0.353694537756283,0.353694537756283,0.160943635110142,10.2080610743147,8.367302826193,14.1670013906948,6.25559627937748,1.33142308767245,0.796155516872447,0.10791808375246,2941180.76913922,9.74358587103772,0.000128099634615689
33,2,-0.220775118807399,0.99763462293963,0.772727272727273,-0.339945013236635,0.339945013236635,0.169893704016467,9.37486258595234,8.41768081418097,14.1670013906948,6.65116653494335,1.37234295685768,0.806347741028825,0.112022734386572,2857147.03489486,9.73305092003528,0.000128099634615689
33,2,-0.198571290729349,0.997744844448357,0.795454545454545,-0.338704960062532,0.338704960062532,0.17833426681877,8.96217238912034,8.44490539292794,14.1670013906948,7.02695827773092,1.41374431778426,0.816030353977383,0.116050093199978,2777781.84144185,9.71163762750987,0.000128099634615689
33,2,-0.176331790944178,0.997819394249963,0.818181818181818,-0.340677391178605,0.340677391178605,0.186451423036762,8.67303611328059,8.45631192894557,14.1670013906948,7.38396043337911,1.4556472720684,0.825228836278514,0.119775775955123,2702706.65844576,9.68356731631448,0.000128099634615689
33,2,-0.154355853453882,0.998157506346445,0.840909090909091,-0.293762815907022,0.293762815907022,0.191816992680275,7.28136368384961,8.39756451669077,14.1670013906948,7.7231124812449,1.49806135396201,0.833967394464589,0.123572175782704,2631582.80087052,9.62035143124962,0.000128099634615689
33,2,-0.131920758765506,0.998036461244845,0.863636363636364,-0.321890388795055,0.321890388795055,0.198320662486014,7.73975666954045,8.36467412433325,14.1670013906948,8.04530692671739,1.54098429710134,0.842269024741359,0.127006666008932,2564106.32060683,9.57213105274425,0.000128099634615689
33,2,-0.109995312359731,0.998425064425846,0.886363636363636,-0.260581496567656,0.260581496567656,0.201433704190096,6.14908185743017,8.2538945109881,14.1670013906948,8.35139164991626,1.58440110526654,0.850155573504291,0.130308017318119,2500003.66435632,9.4865548228614,0.000128099634615689
33,2,-0.0874321165874848,0.998175918240377,0.909090909090909,-0.308532527677762,0.308532527677762,0.206788645364479,7.09836439645535,8.19611800526146,14.1670013906948,8.64217213695519,1.6282834906498,0.857647794829077,0.133288535791373,2439027.9669473,9.42830627587589,0.000128099634615689
33,2,-0.0655011274715306,0.9985589787112,0.931818181818182,-0.245120851457042,0.245120851457042,0.208705255669107,5.55455975603853,8.06404009280031,14.1670013906948,8.91841359964217,1.67258973069515,0.864765405087623,0.135925945871236,2380955.87417681,9.33607421587976,0.000128099634615689
33,2,-0.0425891302853217,0.997961031111768,0.954545454545455,-0.359153530726937,0.359153530726937,0.216227669421999,7.88544950930824,8.05511056362571,14.1670013906948,9.1808429891948,1.71726497928791,0.871527134833242,0.138063313619432,2325584.80897704,9.3023387575874,0.000128099634615689
33,2,-0.0209446587701065,0.99863060918333,0.977272727272727,-0.24209249397426,0.24209249397426,0.217520910649612,5.24431848303985,7.91457095959641,14.1670013906948,9.4301509092698,1.76224205055611,0.87795077809158,0.139453349158793,2272730.61037725,9.21011102407495,0.000128099634615689
33,2,0.000150807183235457,0.999849192816765,1,-0.0325290824397815,0.0325290824397815,0.20827131923912,0.704837331240977,7.55408427817864,14.1670013906948,9.66699343334105,1.80744267453498,0.874325217296376,0.136729900141554,2222225.48727079,9.02110494201198,0.000128099634615689
33,3,0.0181818181818182,0,0,0,0,0,0,0,0,0,0,0,0.731763655657978,100000000,0,0.000128422450340277
33,3,0.0101591925779261,0.0303366751906689,0.0227272727272727,-0.0962189100872868,0.0962189100872868,0.00481094550436434,21.9314194340246,1.09657097170123,4.71967910806581,0.23598395540329,0.0438493085357144,0.05,0.401738891412107,50000000.1059394,10.9657097170123,0.000128422450340277
33,3,-0.0193221576582166,0.0821320750135885,0.0454545454545454,-0.0285484580840007,0.0285484580840007,0.00599782113334616,6.3766435148709,1.36057459885971,2.04898435418678,0.326633975342465,0.0875980978311625,0.0721002286771683,0.292209621886399,33333333.5666418,9.43602098296516,0.000128422450340277
33,3,-0.0488452604176514,0.1339692273598,0.0681818181818182,-0.044779047556283,0.044779047556283,0.007936882454493,9.54064667130425,1.76957820248194,0.701292424731124,0.345366897811898,0.131216156392389,0.11849521724331,0.232788947562579,25000000.531466,9.46217740504994,0.000128422450340277
33,3,-0.072162698069128,0.179600714598054,0.0909090909090909,-0.0534292417274664,0.0534292417274664,0.0102115004181417,10.7155460147795,2.21687659309682,0.364203726043923,0.346308739223499,0.174674540100979,0.162570456381144,0.192604054356506,20000000.974316,9.71285112699584,0.000128422450340277
33,3,-0.0940062576029414,0.223758323718644,0.113636363636364,-0.0546592660870266,0.0546592660870266,0.0124338887015859,10.3621755857764,2.62414154273079,0.21610083558144,0.339798344041396,0.217945188670211,0.204441933562087,0.163793449339193,16666668.2498416,9.82107187012593,0.000128422450340277
33,3,-0.120888488038162,0.272954603740641,0.136363636363636,-0.0419331406768535,0.0419331406768535,0.0139088513003493,7.71333557852996,2.87860124452075,0.153295152638246,0.330473184471239,0.261000632281406,0.244219836883983,0.144699283150414,14285716.5746304,9.51996668561222,0.000128422450340277
33,3,-0.143292995415964,0.31767316070522,0.159090909090909,-0.048406006404536,0.048406006404536,0.0156337090555586,8.57468445980862,3.16340540528515,0.120313537532603,0.319965202124307,0.303813833889719,0.282008845039784,0.128894816941318,12500003.0417537,9.40180640738677,0.000128422450340277
33,3,-0.167150012738413,0.363844227614446,0.181818181818182,-0.0309057986445089,0.0309057986445089,0.0163973135350062,5.39705764260419,3.2750880171511,0.110522595431096,0.309493071789646,0.3463582031764,0.30178949981342,0.118157702558132,11111114.820217,8.95683432241093,0.000128422450340277
33,3,-0.189691292088262,0.408699556551072,0.204545454545455,-0.0240035388510957,0.0240035388510957,0.0167776248008106,4.15741715552897,3.31920447406999,0.116628621715681,0.299849849285948,0.388607806382363,0.293406870693205,0.110299240005501,10000004.1956178,8.47689260572273,0.000128422450340277
33,3,-0.213205256125238,0.454527570174825,0.227272727272727,-0.0946298780011712,0.0946298780011712,0.0206702374608287,14.5572886006198,3.88110868039748,0.102562521453362,0.289985482894319,0.43053778290165,0.328736527158545,0.101573243562834,9090913.79148438,9.0296558779861,0.000128422450340277
33,3,-0.237742153611557,0.501378517247921,0.25,-0.0630850574662394,0.0630850574662394,0.0227909784610992,9.28181547340788,4.151144020048,0.094845866960723,0.280228502097639,0.472124965243213,0.362299700800617,0.0936064692131265,8333338.52081252,9.05066917760458,0.000128422450340277
33,3,-0.262165351416988,0.548115764640129,0.272727272727273,-0.0622415106906198,0.0622415106906198,0.0247635050725752,8.80034483421858,4.38360406075653,0.0936698045354944,0.270900567219532,0.513348684535755,0.394184715760586,0.0872901713193597,7692313.30196532,9.03141345888258,0.000128422450340277
33,3,-0.284647348959456,0.592911811769374,0.295454545454545,-0.0787140403021618,0.0787140403021618,0.0274610318340546,10.5028769338666,4.68956770441203,0.0987040925220002,0.262290743484655,0.554191729917383,0.424475479972557,0.0810841719683939,7142863.07548866,9.13651799281002,0.000128422450340277
33,3,-0.303972880646382,0.634551393043076,0.318181818181818,-0.0882873982555887,0.0882873982555887,0.0305023501551313,11.0440076332131,5.00728970085209,0.0901076523622472,0.253681588928535,0.594641417660856,0.453251705973929,0.0762580873395497,6666672.94364519,9.26368396883689,0.000128422450340277
33,3,-0.323361938037073,0.676254500020544,0.340909090909091,-0.0197654474934001,0.0197654474934001,0.0299655050220447,2.46619345240347,4.88023488842966,0.087444660024481,0.245369742483332,0.634690715418205,0.430589120675233,0.0741741985057142,6250006.59940512,8.8388408115598,0.000128422450340277
33,3,-0.344999911388121,0.720206522958369,0.363636363636364,-0.0501521880649047,0.0501521880649047,0.0309748391741877,6.14155919814665,4.94330110391551,0.0955030879716728,0.237876409757749,0.674339359114863,0.459059664641471,0.071718352152154,5882359.76831456,8.68017718724138,0.000128422450340277
33,3,-0.359827510880587,0.757348172037612,0.386363636363636,-0.090089604080632,0.090089604080632,0.0339305774195099,10.4211771533904,5.21719490638925,0.111074832487796,0.231536330894251,0.713594895250737,0.486106681409397,0.0679065955980541,5555562.50357151,8.776899407583,0.000128422450340277
33,3,-0.376711598421066,0.796546309164867,0.409090909090909,-0.092866729239367,0.092866729239367,0.0368773850105028,10.1761093788951,5.46514063001455,0.136149527919025,0.22676699074549,0.752473579995992,0.511801347338928,0.0645750680585692,5263164.86363962,8.85054203765205,0.000128422450340277
33,3,-0.392369766109518,0.834518526440097,0.431818181818182,-0.049160841767149,0.049160841767149,0.0374915578483351,5.31300671205979,5.45753393411681,0.176179293177283,0.22423760586708,0.791001068662609,0.536211279971981,0.0627145424522174,5000006.90425944,8.67366527137244,0.000128422450340277
33,3,-0.410373747491464,0.874836557408819,0.454545454545455,-0.0958448258376059,0.0958448258376059,0.0404092212477986,9.84814089378622,5.67706428210028,0.234566772939717,0.224754064220712,0.829212834877379,0.559400715973382,0.0601915717850123,4761911.54039844,8.72959268196357,0.000128422450340277
33,3,-0.429683535382619,0.916460394886752,0.477272727272727,-0.118138865993999,0.118138865993999,0.0442957034851086,11.3375531382033,5.96008872490543,0.323589046714952,0.229695813345424,0.86715426789341,0.581430680174713,0.0576840246317939,4545461.15630485,8.84813633906538,0.000128422450340277
33,3,-0.447357900877683,0.978762859555369,0.522727272727273,-0.364426784876027,0.364426784876027,0.0637025377416514,22.8399293640622,7.01952123193903,14.1670013906948,0.969973086714542,0.94245529947381,0.622241188857679,0.05845771067658,4166672.7659875,9.49977527072373,0.000128422450340277
33,3,-0.437116659991359,0.990835668255822,0.545454545454545,-0.314728407287278,0.314728407287278,0.0762538312189328,16.742214206768,7.50565588068048,14.1670013906948,1.62982450191355,0.97995094009815,0.641129129414795,0.0622708081942106,4000005.85817146,9.7894728281655,0.000128422450340277
33,3,-0.418525494409572,0.994558552260811,0.568181818181818,-0.265924233942385,0.265924233942385,0.0857373513551054,12.9182973268485,7.77628795298888,14.1670013906948,2.25668334635262,1.0174458578385,0.659072672944055,0.0675889623688083,3846159.48172589,9.909812231961,0.000128422450340277
33,3,-0.395951465654566,0.994298573092583,0.590909090909091,-0.386105855083812,0.386105855083812,0.100755776541541,16.1382597980637,8.19438654524262,14.1670013906948,2.85219924856972,1.05502332093402,0.676119039296852,0.0716783102556786,3703709.13316517,10.14049547515,0.000128422450340277
33,3,-0.37554130583341,0.996202462858203,0.613636363636364,-0.30660491396148,0.30660491396148,0.111048233412538,11.8821814486638,8.37877629041368,14.1670013906948,3.41793935567598,1.09276923909368,0.69231308733201,0.0769861329462973,3571433.80950165,10.2026985456326,0.000128422450340277
33,3,-0.35362685952145,0.99660206613302,0.636363636363636,-0.316138735779251,0.316138735779251,0.121302758530873,11.4291857124132,8.53129676151365,14.1670013906948,3.95539245742692,1.13076981277868,0.707697432965409,0.0821053294824863,3448280.92195285,10.2449912065561,0.000128422450340277
33,3,-0.331371365010618,0.996660621208965,0.659090909090909,-0.354405148352136,0.354405148352136,0.132957878021936,11.8800239389147,8.6987331203837,14.1670013906948,4.46597290409031,1.16910900653818,0.722312561317139,0.086885996281116,3333338.22690731,10.2994922976347,0.000128422450340277
33,3,-0.309761637781367,0.997364943566491,0.681818181818182,-0.302414841205458,0.302414841205458,0.141430726181113,9.65775347326995,8.74668413802801,14.1670013906948,4.95102432842054,1.2078659331133,0.736196933251282,0.0921105346009748,3225811.18960664,10.2787910452358,0.000128422450340277
33,3,-0.2872422576181,0.997159612990001,0.704545454545455,-0.35660105636008,0.35660105636008,0.152189242690061,10.7193395042224,8.84531690633773,14.1670013906948,5.41182318153425,1.24711224299955,0.749387086588718,0.0967633663995099,3125004.59213726,10.2925581845792,0.000128422450340277
33,3,-0.264957490871541,0.997188895830219,0.727272727272727,-0.384588119995281,0.384588119995281,0.163809186555322,10.8625998188535,8.94618105196352,14.1670013906948,5.84958209199228,1.28690961831206,0.761917732259282,0.101117961690571,3030307.48542361,10.3098321734966,0.000128422450340277
33,3,-0.242979196092115,0.997524650637569,0.75,-0.359565872518344,0.359565872518344,0.173597020853473,9.67381403767926,8.98256270124931,14.1670013906948,6.2654530569274,1.32730746984995,0.773821845646318,0.105476791756596,2941180.79675193,10.2911257577372,0.000128422450340277
33,3,-0.221089843866695,0.997949347998926,0.772727272727273,-0.307831882663448,0.307831882663448,0.180308763943972,8.0154970964271,8.93420942100819,14.1670013906948,6.66053047361577,1.36834093210786,0.785130753364002,0.109960652137666,2857147.06171863,10.2261077959855,0.000128422450340277
33,3,-0.198787158376381,0.997960712095389,0.795454545454545,-0.316314837639562,0.316314837639562,0.187109067628751,7.97420129357403,8.88620901463648,14.1670013906948,7.03585401946972,1.41002924271662,0.795874215695802,0.114319403077973,2777781.86752052,10.1635548375852,0.000128422450340277
33,3,-0.17666621111563,0.998153814421415,0.818181818181818,-0.2929041257979,0.2929041257979,0.192398820537209,7.19400840007664,8.80159898390849,14.1670013906948,7.39241138803098,1.45237458068195,0.806080504911012,0.118464559705399,2702706.6838196,10.0832968257607,0.000128422450340277
33,3,-0.154312924578467,0.998114577471029,0.840909090909091,-0.306733911524641,0.306733911524641,0.19811557508658,7.33204956888648,8.72812151315739,14.1670013906948,7.73114088816417,1.49536142227148,0.815776479665461,0.122336273177691,2631582.82557663,10.0108955821587,0.000128422450340277
33,3,-0.132205937966774,0.998321640446113,0.863636363636364,-0.277293457421256,0.277293457421256,0.202074469203314,6.49044821743296,8.61623784837117,14.1670013906948,8.0529339132907,1.53895645507488,0.824987655682188,0.125977105618145,2564106.34467945,9.92062770101188,0.000128422450340277
33,3,-0.109394903452111,0.997824655518227,0.886363636363636,-0.374990385670107,0.374990385670107,0.210720265026654,8.46138004688548,8.60849495829689,14.1670013906948,8.3586372871609,1.58310907035856,0.833738272898079,0.12912032028137,2500003.68782712,9.88414650965873,0.000128422450340277
33,3,-0.0874576309046191,0.998201432557511,0.909090909090909,-0.316586223659669,0.316586223659669,0.216013562958304,6.97127497466367,8.52663395911522,14.1670013906948,8.6490554923376,1.62775243218393,0.842051359253175,0.13211895638193,2439027.98984565,9.81310086246372,0.000128422450340277
33,3,-0.0652041204584088,0.998261971698078,0.931818181818182,-0.311681960283477,0.311681960283477,0.220796982824563,6.71033654960733,8.43581908863983,14.1670013906948,8.92495278725545,1.67280509974827,0.849948791290516,0.134772989307231,2380955.89652995,9.73922552168143,0.000128422450340277
33,3,-0.043038303533763,0.998410204360209,0.954545454545455,-0.288699205011822,0.288699205011822,0.224192093933926,6.10177758200916,8.31911701330829,14.1670013906948,9.18705521742742,1.71817315795836,0.85745135172599,0.136991438557921,2325584.83081034,9.65463370913091,0.000128422450340277
33,3,-0.0210901191765637,0.998776069589787,0.977272727272727,-0.222260589735362,0.222260589735362,0.224095518723998,4.64885598522343,8.13560396190405,14.1670013906948,9.43605252609079,1.76375279126025,0.864578784139691,0.138395798247025,2272730.63171434,9.54086603358756,0.000128422450340277
33,3,0.000341356327462683,0.999658643672537,1,-0.0610491827430559,0.0610491827430559,0.215943201924951,1.27651702529623,7.79264961507366,14.1670013906948,9.67259996932099,1.80943321807253,0.871349844932706,0.13570441405454,2222225.50813373,9.35721383340331,0.000128422450340277
35,1,0.0181818181818182,0,0,0,0,0,0,0,0,0,0,0,0.731866194088983,100000000,0,0.000277777777777778
35,1,0.00852796991156539,0.0319678978570297,0.0227272727272727,0.18739881307562,0.18739881307562,0.00936994065378098,27.90220549699,1.3951102748495,16.1847367418317,0.809236837091587,0.0207121042611227,0.05,0.389968485645137,50000000.0308933,13.951102748495,0.000277777777777778
35,1,0.0093897183787502,0.0534201989766217,0.0454545454545454,-0.0012145052498016,0.0012145052498016,0.00896216888358201,0.180917776567627,1.33440064993541,4.07842889074014,0.972696439774015,0.0412648685698845,0.0475,0.260753162633662,33333333.4356597,9.36104109118589,0.000277777777777778
35,1,0.00833804165490169,0.0767859252872471,0.0681818181818182,0.0225149144018428,0.0225149144018428,0.00963980615949506,3.33685998873676,1.43452361687548,2.43659583498795,1.04589140953471,0.0616220697586493,0.0459711196922946,0.206500938958253,25000000.1793469,7.85499581557361,0.000277777777777778
35,1,0.0108409692457154,0.0965970472832102,0.0909090909090909,-0.0345411495853836,0.0345411495853836,0.0108848733307895,5.05590374612779,1.61559262333809,1.22561216120468,1.05487744711821,0.0817537061738359,0.0918660660123396,0.165365294580251,20000000.3066613,7.29517740168445,0.000277777777777778
35,1,0.0099904393377321,0.11976162677797,0.113636363636364,-0.0545407652485435,0.0545407652485435,0.0130676679266772,7.74410245961519,1.92201811515195,0.839671733921291,1.04411716145836,0.101636625499169,0.137272762711723,0.139676613941921,16666667.120708,7.3699982446729,0.000277777777777778
35,1,0.0114324807816636,0.140633634920816,0.136363636363636,0.016500537176372,0.016500537176372,0.0132393113891619,2.33762770765063,1.94279859477688,0.650587119865225,1.02444065937871,0.121254909964775,0.130409124576136,0.125157491184736,14285714.8944745,6.65108816795544,0.000277777777777778
35,1,0.0120088694751392,0.162371295814117,0.159090909090909,-0.0104428234143339,0.0104428234143339,0.0130994869904205,1.47855411192171,1.91958637063412,0.480780891808993,0.997257671000221,0.14060001503594,0.12388866834733,0.113045847118246,12500000.7926589,6.00452141095122,0.000277777777777778
35,1,0.0149592481088939,0.181734966767139,0.181818181818182,-0.0467932710933647,0.0467932710933647,0.0147841761955677,6.48757819670663,2.14798596193775,0.353946357644831,0.965092105332451,0.15967066722991,0.167694234929963,0.101176282141151,11111112.1296175,6.05819438714627,0.000277777777777778
35,1,0.0159397609318739,0.203068503530936,0.204545454545455,-0.0534919575606372,0.0534919575606372,0.0167195652638212,7.22382230784594,2.40177777923316,0.251406897455479,0.929407844938603,0.178472535761577,0.209309523183465,0.0921321582060893,10000001.3144173,6.17475717921623,0.000277777777777778
35,1,0.0179927845666631,0.223329529482924,0.227272727272727,0.0142112813997382,0.0142112813997382,0.0165941510706171,1.91659317038209,2.3775185487906,0.217298840321294,0.893802394707737,0.197017700895132,0.198844047024292,0.0873287678956585,9090910.7041937,5.78765136023131,0.000277777777777778
35,1,0.0188994194866063,0.244736944149757,0.25,-0.0390268383212113,0.0390268383212113,0.0177157854331468,5.19442811949383,2.51836402732576,0.186209325736355,0.858422741259168,0.215323948849278,0.238901844673077,0.0808372278118158,8333335.25970258,5.73821609016985,0.000277777777777778
35,1,0.0220641368660566,0.263886276357084,0.272727272727273,-0.0250648265802971,0.0250648265802971,0.0180832374905043,3.31933079243132,2.55841236558104,0.163017113452405,0.82365245986883,0.233413928596892,0.237841896456341,0.0754694600792522,7692309.94236587,5.55214799034381,0.000277777777777778
35,1,0.0256338485789659,0.282630614230951,0.295454545454545,-0.0198484839823965,0.0198484839823965,0.0181714998150989,2.62079943571173,2.56153171908758,0.144370246179937,0.789688349184385,0.251314209714656,0.225949801633524,0.0711397197320866,7142859.72695652,5.34276595072724,0.000277777777777778
35,1,0.0294410694328824,0.301137442963812,0.318181818181818,-0.0496784757373905,0.0496784757373905,0.0197468486112135,6.425916073422,2.7547509368043,0.129905357892793,0.756699199619806,0.269054282450609,0.264652311551848,0.0669020937975282,6666669.59168688,5.41497595890689,0.000277777777777778
35,1,0.0301637535204666,0.322728808463004,0.340909090909091,-0.00195761161362418,0.00195761161362418,0.018857386761334,0.253335842433226,2.62968018208574,0.118117709923975,0.724770125135014,0.286665541346945,0.251419695974255,0.0647901798419857,6250003.27133963,5.09237345162728,0.000277777777777778
35,1,0.0335999839864387,0.341606627583809,0.363636363636364,0.0363441920656857,0.0363441920656857,0.0197317270265516,4.65442955465019,2.73091765071397,0.112207223690207,0.694141980062774,0.304180292124232,0.288848711175542,0.0646379698448124,5882356.54432449,5.06661204592275,0.000277777777777778
35,1,0.0387012754208855,0.358819385736139,0.386363636363636,-0.109985774372746,0.109985774372746,0.0242444293938613,12.8720823319026,3.2379758847734,0.110397502894766,0.664954756204373,0.32163081822465,0.324406275616765,0.0635777837720307,5555559.46176068,5.50024928403274,0.000277777777777778
35,1,0.0407697099594981,0.379065000784304,0.409090909090909,-0.0186462096835016,0.0186462096835016,0.0239645184083433,2.17814828174345,3.1849845046219,0.112666372675705,0.63734033702794,0.339048538622796,0.308185961835927,0.0608042877885855,5263162.06249763,5.32540186285962,0.000277777777777778
35,1,0.0438924166118594,0.398256343718719,0.431818181818182,-0.00133289537641845,0.00133289537641845,0.0228329372567471,0.155777570394307,3.03352415791052,0.119195581338319,0.611433099243459,0.356463282503845,0.292776663744131,0.0591997686513095,5000004.37885139,5.06692064823635,0.000277777777777778
35,1,0.0474770170925776,0.416985792824778,0.454545454545455,-0.0554985185250971,0.0554985185250971,0.0244662163201646,6.35696949348243,3.19969642468912,0.113616238817002,0.586542256222136,0.373902699492577,0.328137830556924,0.0567970499302605,4761909.35136126,5.12835154562903,0.000277777777777778
35,1,0.0499276527773226,0.43684920672681,0.477272727272727,-0.0250783312569696,0.0250783312569696,0.0244968220670048,2.86218962242993,3.18282108457616,0.107295542561729,0.562579920539116,0.391391816641033,0.322669251064391,0.0546502399374415,4545459.3499381,5.02534418548361,0.000277777777777778
35,1,0.0554873967367467,0.475917561940939,0.522727272727273,-0.0449961303017821,0.0449961303017821,0.0255889315828733,5.0524470926978,3.26504229107188,0.0982701008788295,0.51748780575943,0.426604536831732,0.354712396905486,0.0508305615110971,4166671.90319703,4.93982440205309,0.000277777777777778
35,1,0.0580761169815686,0.495642891282894,0.545454545454545,-0.00476724681222951,0.00476724681222951,0.0245478473443412,0.53548736307027,3.1285645446718,0.0954641875105122,0.496386624846984,0.444363167540893,0.336976777060212,0.0496987091208021,4000005.44607444,4.76365092049378,0.000277777777777778
35,1,0.0610135752895876,0.515019482561652,0.568181818181818,0.00762316903713556,0.00762316903713556,0.0237016134289809,0.856396882423066,3.01495616155936,0.0938364290718859,0.47625911505823,0.462241650350505,0.320127938207201,0.0491067419013494,3846159.49264243,4.61337191902952,0.000277777777777778
35,1,0.0641140180321417,0.534233089405875,0.590909090909091,-0.0233070753165849,0.0233070753165849,0.0236818865233611,2.61071495538734,2.99474410125076,0.0933345533531222,0.457112886972974,0.480250236722528,0.308086404747963,0.047779109758494,3703709.53788329,4.53919943889463,0.000277777777777778
35,1,0.065840041604652,0.554821115420141,0.613636363636364,-0.018491526853488,0.018491526853488,0.0234223685398674,2.06790765357345,2.94840227886689,0.0940259205610532,0.438958538652378,0.498396691957324,0.292682084510565,0.0466552121253043,3571434.57707907,4.4509390179903,0.000277777777777778
35,1,0.0671794402903976,0.575795766321173,0.636363636363636,-0.0472187116910674,0.0472187116910674,0.0246121856974274,5.21089047326172,3.06152668858663,0.0960452747338289,0.421812875456451,0.516686613267631,0.328047980285036,0.0451435009519356,3448282.01965415,4.47714424058586,0.000277777777777778
35,1,0.0707135026649827,0.594575753533364,0.659090909090909,0.0110731586613708,0.0110731586613708,0.0239352343456246,1.22169345692283,2.96953502700344,0.0989592844340477,0.40567019590533,0.535123762803962,0.311645581270785,0.0446509886525052,3333339.62250454,4.36862921446376,0.000277777777777778
35,1,0.0712641327080231,0.616339173077101,0.681818181818182,-0.0379717114214868,0.0379717114214868,0.0246370581994177,4.15514622232132,3.02881558676934,0.0944722135858137,0.390110296789355,0.553710388422734,0.346063302207245,0.0434797598011157,3225812.8793632,4.36174266633014,0.000277777777777778
35,1,0.0744401765675562,0.657791228391121,0.727272727272727,0.0046032236253799,0.0046032236253799,0.0232495852265011,0.503337086113656,2.84441933320945,0.0874067182636366,0.36070483707803,0.591335132988423,0.312322130242039,0.0424184604201902,3030309.75307186,4.1673499200038,0.000277777777777778
35,1,0.0776144554948428,0.676930999050612,0.75,-0.0387754882460238,0.0387754882460238,0.0240258803774772,4.20434790016935,2.91241576155744,0.0874862707615594,0.347043908762206,0.610372425721018,0.346706023729937,0.0412448109349891,2941183.33181577,4.16843809589103,0.000277777777777778
35,1,0.0790796748725531,0.697779829259678,0.772727272727273,-0.0344873599902358,0.0344873599902358,0.0245489543581151,3.71535423129967,2.95256268504455,0.0899788481727102,0.334190655732731,0.629557763080234,0.377352454788463,0.0401930771203623,2857149.83987027,4.15549284261699,0.000277777777777778
35,1,0.0801409392776716,0.719032614441337,0.795454545454545,-0.0262254415157792,0.0262254415157792,0.0246327787159983,2.81547823166512,2.94570846237558,0.095092748120684,0.322235760352129,0.648888720084348,0.373939326205651,0.0393698876780375,2777784.85865301,4.11827021453499,0.000277777777777778
35,1,0.0808917615995128,0.740595841706272,0.818181818181818,-0.0365945115418378,0.0365945115418378,0.0252308653572903,3.9006171806939,2.9934538982915,0.102968651250393,0.311272404897042,0.668361965766179,0.405242359895368,0.0384233780728221,2702709.85468113,4.11238770010685,0.000277777777777778
35,1,0.0821636972262211,0.761637955666341,0.840909090909091,-0.0645892011158167,0.0645892011158167,0.0271987821452166,6.73021534403746,3.1802919705788,0.113252425638049,0.301371405934092,0.687973083907189,0.4349802419006,0.0378844982832075,2631586.14350092,4.18127790126292,0.000277777777777778
35,1,0.0816195392303847,0.784496163248954,0.863636363636364,-0.0108077375296327,0.0108077375296327,0.0263792299144374,1.12601867381332,3.07757830574052,0.12722888227459,0.292664279751117,0.707716333074779,0.41323122980557,0.037370574144226,2564109.77725347,4.10293792107191,0.000277777777777778
35,1,0.0803682601705505,0.808061491895565,0.886363636363636,-0.0741005536061703,0.0741005536061703,0.0287652960990241,7.50353301436582,3.29887604117179,0.146369689280723,0.285349550227598,0.72758436592457,0.442569668315291,0.0369175501235168,2500007.20362253,4.18795279840425,0.000277777777777778
35,1,0.0792582892632692,0.831485512389623,0.909090909090909,-0.0312692265039969,0.0312692265039969,0.0288904926192727,3.1521750592964,3.29154099207802,0.172167438550981,0.279690444643767,0.747567931653637,0.455753100269593,0.0360428518019845,2439031.55983415,4.1626899267187,0.000277777777777778
35,1,0.0798679655182827,0.853189885721387,0.931818181818182,-0.0599306294981603,0.0599306294981603,0.0304424994632171,5.93700115100067,3.42381400002415,0.200871578349497,0.275749501329053,0.767655588097952,0.482965445256113,0.0357150226609399,2380959.49836918,4.20493543205874,0.000277777777777778
35,1,0.0794803947878625,0.875891506038584,0.954545454545455,0.0309097274033765,0.0309097274033765,0.0304658608602251,3.04931419110399,3.40508900957814,0.234979355108148,0.273710994018008,0.787833451101232,0.49271373757353,0.0355513640473225,2325588.44621392,4.1780605194784,0.000277777777777778
35,1,0.0790123044581283,0.898673645955095,0.977272727272727,0.0101705342744745,0.0101705342744745,0.0294510945309375,1.00334273878498,3.28500169603848,0.274482542918092,0.273749571463012,0.808085008359101,0.468078050694854,0.0347628565836306,2272734.24614585,4.10590784264446,0.000277777777777778
35,1,0.0785520630779963,0.921447936922004,1,0.234423727426149,0.234423727426149,0.0396997261756981,18.6732007196122,4.05441164721717,0.338473190787822,0.276985752429253,0.828391022955091,0.494674148160111,0.0359401539840341,2222229.10633025,4.42962546213263,0.000277777777777778
35,2,0.0181818181818182,0,0,0,0,0,0,0,0,0,0,0,0.731744411903712,100000000,0,0.000126443972565136
35,2,0.00449999647762087,0.0359958712909742,0.0227272727272727,-0.0789234986466489,0.0789234986466489,0.00394617493233245,19.597261217979,0.979863060898948,4.11429178923546,0.205714589461773,0.0446221354760692,0.05,0.37008965342338,50000000.1215276,9.79863060898948,0.000126443972565136
35,2,-0.015940995853488,0.0787509132088599,0.0454545454545454,-0.0717186062687478,0.0717186062687478,0.00733479649915322,15.5228321701422,1.70701151636111,2.00930015494894,0.295893867736131,0.0889211041538086,0.0975,0.255938590630175,33333333.580247,11.7066977960404,0.000126443972565136
35,2,-0.0429027509151018,0.128026717857251,0.0681818181818182,-0.0936641444487263,0.0936641444487263,0.0116512638966319,17.0728250180867,2.47530219144739,0.746390318816878,0.318418690290169,0.13285628315375,0.142625,0.192398022847927,25000000.5201306,13.048229601552,0.000126443972565136
35,2,-0.0706542788505962,0.178092295379522,0.0909090909090909,-0.0485646765207099,0.0485646765207099,0.0134969345278358,8.52848145791402,2.77796115477072,0.373246065165826,0.321160059033952,0.176397708355662,0.18549375,0.160586542807815,20000000.951944,12.1442799728244,0.000126443972565136
35,2,-0.0935183697962729,0.223270435911975,0.113636363636364,-0.104079867289449,0.104079867289449,0.0180260811659164,15.8303917336422,3.4305826837143,0.216296712118652,0.315916891688187,0.219525810723589,0.2262190625,0.136673611853993,16666668.2304998,12.7586319329607,0.000126443972565136
35,2,-0.119035303991938,0.271101419694417,0.136363636363636,-0.017001363256969,0.017001363256969,0.0179748452704691,2.57856039056915,3.38798156905704,0.155362266940196,0.307889160450787,0.262230832263796,0.214908109375,0.123499887938657,14285716.5456526,11.3043359983333,0.000126443972565136
35,2,-0.143244203747499,0.317624369036755,0.159090909090909,-0.0288999755548529,0.0288999755548529,0.0185211017846883,4.3438202014836,3.43577350067837,0.120389866475769,0.298514195752036,0.304511978407391,0.230146859634017,0.113061994199573,12500003.0157394,10.4342715237271,0.000126443972565136
35,2,-0.17181993144454,0.368514146320573,0.181818181818182,-0.0673494659058731,0.0673494659058731,0.0209625199907475,9.64542215297413,3.74625593329315,0.110925236440518,0.28913474778646,0.346376371893397,0.268639516652316,0.102010923549693,11111114.793444,10.3466215936434,0.000126443972565136
35,2,-0.192182493029823,0.411190757492633,0.204545454545455,-0.0429973420335412,0.0429973420335412,0.0220642610928872,6.04722695682107,3.86130448446955,0.1156415453839,0.280460087666332,0.387837878001602,0.305207540819701,0.0938787867840167,10000004.1788408,9.91668212996121,0.000126443972565136
35,2,-0.210804019376398,0.452126333425985,0.227272727272727,-0.0254364071846349,0.0254364071846349,0.0222328683974746,3.55650584520106,3.84606455250613,0.10321926906521,0.271598046736276,0.428915872116952,0.302295223560743,0.0884818130925406,9090913.77059283,9.3384842858921,0.000126443972565136
35,2,-0.233592859557881,0.497229223194245,0.25,-0.0727709545957822,0.0727709545957822,0.02475977270739,9.69016798255261,4.13826972400845,0.095257848231516,0.262781036811038,0.469634018143416,0.337180462382706,0.0816073332175182,8333338.49786198,9.36779126061381,0.000126443972565136
35,2,-0.252927092708815,0.538877505931955,0.272727272727273,-0.0391092343314154,0.0391092343314154,0.0254772457885912,5.14106704404955,4.1884095900105,0.0933817880359542,0.254311074372284,0.510019120441681,0.37032143926357,0.0772555892119538,7692313.28331308,9.04265862857041,0.000126443972565136
35,2,-0.272899798946594,0.581164261756512,0.295454545454545,-0.0399087460763741,0.0399087460763741,0.0261988208029804,5.17794998368633,4.2378866096943,0.0967863310834502,0.246434837207842,0.550100103117501,0.401805367300392,0.0738549190251369,7142863.07250768,8.76660801107869,0.000126443972565136
35,2,-0.294884068013385,0.62546258041008,0.318181818181818,-0.054163707552199,0.054163707552199,0.0275970651404413,6.86337493513898,4.36916102596653,0.0920322717150338,0.238714708933202,0.589907159152331,0.431715098935372,0.0705224166018166,6666672.92539075,8.63972580601604,0.000126443972565136
35,2,-0.312341520912855,0.665234082896326,0.340909090909091,-0.103372797425543,0.103372797425543,0.0313858517546964,12.1069493438201,4.75605044185921,0.0871829959562891,0.231138123284356,0.629471098675165,0.460129343988604,0.0670722501635097,6250006.58443674,8.85642727712879,0.000126443972565136
35,2,-0.335677851561075,0.710884463131323,0.363636363636364,-0.072116565371497,0.072116565371497,0.0334223874355364,8.16399663644741,4.92644775158862,0.0928829731576605,0.224225365778021,0.668822911337975,0.487122876789173,0.0637108498012431,5882359.77160139,8.81569606297107,0.000126443972565136
35,2,-0.35693838646634,0.754459047623364,0.386363636363636,-0.124440086412986,0.124440086412986,0.0379732723844089,12.8735692074106,5.32380382437972,0.109662211956129,0.218497208086927,0.707993543038474,0.512766732949715,0.0612894110244394,5555562.51311862,9.04113345988437,0.000126443972565136
35,2,-0.380694617052044,0.800529327795846,0.409090909090909,-0.0770550570297561,0.0770550570297561,0.0399273616166762,7.73332390676824,5.44427982849914,0.139311629877094,0.214537929176435,0.747013872906399,0.537128396302229,0.0587876302135553,5263164.86390983,8.97230137814142,0.000126443972565136
35,2,-0.399706221350614,0.841854981681193,0.431818181818182,-0.0931298717532862,0.0931298717532862,0.0425874871235067,8.96741683080737,5.62043667861456,0.185991980484482,0.213110631741837,0.785914863280162,0.560271976487117,0.0562740504912046,5000006.88954313,8.97205715077472,0.000126443972565136
35,2,-0.421637023547793,0.886099833465149,0.454545454545455,-0.0813131639642521,0.0813131639642521,0.044523770965544,7.60368843464998,5.71959926641633,0.253403628748304,0.215125281592161,0.824727844034446,0.582258377662762,0.0548463658269399,4761911.51129219,8.90689673572116,0.000126443972565136
35,2,-0.438141437270987,0.924918296775119,0.477272727272727,-0.0720699627750983,0.0720699627750983,0.0459010805560217,6.59447784731668,5.76334319546135,0.376208547449621,0.223179444885034,0.863484883666288,0.603145458779624,0.0540730582332106,4545461.10887437,8.80178678624823,0.000126443972565136
35,2,-0.447711746123171,0.979116704800857,0.522727272727273,-0.350741080681722,0.350741080681722,0.0632050912659899,22.1744503593749,6.68614524985312,14.1670013906948,0.977408615177,0.940965508286903,0.64183877654861,0.0566037717232966,4166672.71533664,9.32206936989493,0.000126443972565136
35,2,-0.436368458913146,0.990087467177609,0.545454545454545,-0.343031638183982,0.343031638183982,0.0771964186118894,17.8912643136783,7.24640120304438,14.1670013906948,1.63688825395289,0.979760387699698,0.65974683772118,0.0601373156533852,4000005.80954664,9.66483716764627,0.000126443972565136
35,2,-0.417864280373213,0.993897338224453,0.568181818181818,-0.30726806716903,0.30726806716903,0.0887000010397464,14.3007418953241,7.59911823765837,14.1670013906948,2.26339391078998,1.01864238557954,0.676759495835121,0.0650660943578964,3846159.43497125,9.84314119563387,0.000126443972565136
35,2,-0.39702923739108,0.995376344829096,0.590909090909091,-0.299696459720979,0.299696459720979,0.0992498239738081,12.7673651938605,7.85753058546847,14.1670013906948,2.85857428478523,1.05765204264325,0.692921521043365,0.0705247179778802,3703709.08814219,9.95144578816078,0.000126443972565136
35,2,-0.375244123856492,0.995905280881286,0.613636363636364,-0.324284419129275,0.324284419129275,0.110501553731581,12.6648396806523,8.09789604022767,14.1670013906948,3.4239956400807,1.0968316667151,0.708275444991197,0.0755595753338155,3571433.76608663,10.0483527128926,0.000126443972565136
35,2,-0.353708378087045,0.996683584698615,0.636363636363636,-0.301577508877211,0.301577508877211,0.120055351488863,11.0421717652097,8.24510982647677,14.1670013906948,3.96114592761141,1.13622487746378,0.722861672741637,0.080778923680477,3448280.8800349,10.0826223353863,0.000126443972565136
35,2,-0.331313601531686,0.996602857730033,0.659090909090909,-0.354250986317621,0.354250986317621,0.131765133230301,12.0056657972254,8.4331376250142,14.1670013906948,4.47143870076558,1.17587590632896,0.736718589104555,0.0856577382828228,3333338.18638662,10.1467237841143,0.000126443972565136
35,2,-0.309886916885228,0.997490222670352,0.681818181818182,-0.28129221233417,0.28129221233417,0.139241487185494,9.13153219431449,8.46805735347922,14.1670013906948,4.95621683526204,1.21582865730092,0.749882659649327,0.0909711375959619,3225811.15039307,10.1139756683143,0.000126443972565136
35,2,-0.287254387793646,0.997171743165547,0.704545454545455,-0.346740872647441,0.346740872647441,0.149616456458592,10.6091196992734,8.57511047076892,14.1670013906948,5.41675606303367,1.25612554944639,0.762388526666861,0.0955710058022561,3125004.55414912,10.1294489192818,0.000126443972565136
35,2,-0.265128594662311,0.997359999620988,0.727272727272727,-0.348371283912817,0.348371283912817,0.159554197831303,10.105186318767,8.65161426316883,14.1670013906948,5.85426832941673,1.2968061767967,0.774269100333518,0.100032430906527,3030307.44858662,10.1287136889631,0.000126443972565136
35,2,-0.243201151620735,0.99774660616619,0.75,-0.311607319393429,0.311607319393429,0.167156853909409,8.69475115334081,8.65377110767743,14.1670013906948,6.26990498248063,1.33790583466197,0.785555645316842,0.104671464832485,2941180.76099838,10.0865383202684,0.000126443972565136
35,2,-0.220868211744082,0.997727715876313,0.772727272727273,-0.329514041864826,0.329514041864826,0.17527471330718,8.83286430281548,8.66272576743433,14.1670013906948,6.66475980289134,1.37945397288776,0.796277863051,0.109040119694598,2857147.02698662,10.0507190626269,0.000126443972565136
35,2,-0.198403520631991,0.997577074351,0.795454545454545,-0.371975586681033,0.371975586681033,0.185109756975873,9.51387374811644,8.70528316646843,14.1670013906948,7.03987188228151,1.42147264539691,0.80646396989845,0.1129695899143,2777781.83375328,10.0358066927793,0.000126443972565136
35,2,-0.176660064101029,0.998147667406814,0.818181818181818,-0.290706834491223,0.290706834491223,0.19038961085164,7.24134870938882,8.63208644361445,14.1670013906948,7.39622835770218,1.46397503104347,0.816140771403527,0.117137350804504,2702706.65096499,9.96028080133635,0.000126443972565136
35,2,-0.154322539102605,0.998124191995167,0.840909090909091,-0.301600494946592,0.301600494946592,0.195950155056388,7.31272676624995,8.56611845974623,14.1670013906948,7.73476700935181,1.50696410297609,0.825333732833351,0.121068332315981,2631582.79358661,9.89060832672882,0.000126443972565136
35,2,-0.132251000212819,0.998366702692158,0.863636363636364,-0.266094082870234,0.266094082870234,0.19945735144708,6.3246306856144,8.45404407103964,14.1670013906948,8.05637872841896,1.55043152215508,0.834067046191684,0.124747643997392,2564106.31350969,9.79917300259768,0.000126443972565136
35,2,-0.109750964614508,0.998180716680623,0.886363636363636,-0.303180798219056,0.303180798219056,0.204643523785679,7.02934925918087,8.3828093304467,14.1670013906948,8.36190986153275,1.59435682535465,0.842363693882099,0.128101230209204,2500003.65743661,9.72992740901226,0.000126443972565136
35,2,-0.0875811748822265,0.998324976535119,0.909090909090909,-0.283664173584606,0.283664173584606,0.208594556275625,6.44215151420696,8.28577643963471,14.1670013906948,8.65216443799085,1.63870696905283,0.850245509187994,0.131134179520841,2439027.96019636,9.6497377530414,0.000126443972565136
35,2,-0.0650084093597353,0.998066260599405,0.931818181818182,-0.337169840007897,0.337169840007897,0.215023320462239,7.44573271497032,8.24377425340149,14.1670013906948,8.92790628562605,1.68343627838113,0.857733233728595,0.133821946598145,2380955.86758661,9.59726144261113,0.000126443972565136
35,2,-0.0433280360580612,0.998699936884508,0.954545454545455,-0.22711589182421,0.22711589182421,0.215627949030337,4.9559115466316,8.079381118063,14.1670013906948,9.18986104087949,1.72848683525177,0.864846572042165,0.136072974038031,2325584.80254009,9.48932307293719,0.000126443972565136
35,2,-0.0212287155750647,0.998914665988288,0.977272727272727,-0.189068908579699,0.189068908579699,0.214299997007805,4.09302820342318,7.88006347233101,14.1670013906948,9.43871805837025,1.77378932251957,0.871604243440057,0.137508203303971,2272730.6040866,9.36668000772097,0.000126443972565136
35,2,0.000300498073982913,0.999699501926017,1,-0.0516168728110222,0.0516168728110222,0.206165840797966,1.11728077913161,7.54192433767104,14.1670013906948,9.67513222498648,1.81926432230013,0.878024031268054,0.13482759738455,2222225.48111994,9.18336002486342,0.000126443972565136
35,3,0.0181818181818182,0,0,0,0,0,0,0,0,0,0,0,0.731746449204987,100000000,0,0.000127036668788564
35,3,0.0067966254690508,0.0336992422995442,0.0227272727272727,-0.0821448673661762,0.0821448673661762,0.00410724336830881,20.078511562467,1.00392557812335,4.27666684932195,0.213833342466098,0.0439679049354547,0.05,0.382316764820236,50000000.1169135,10.0392557812335,0.000127036668788564
35,3,-0.0112276231795522,0.0740375405349241,0.0454545454545454,-0.0682866550981363,0.0682866550981363,0.00731621395480018,14.7669315985455,1.69207587914446,2.29740043704663,0.318011697195124,0.0877845106570964,0.0975,0.260961400626017,33333333.5563672,11.6151477203375,0.000127036668788564
35,3,-0.0354195673769235,0.120543534319072,0.0681818181818182,-0.0975670090293894,0.0975670090293894,0.0118287537085296,17.5569858800246,2.48532137918846,0.81672108855933,0.342947166763335,0.13142198429131,0.142625,0.198094676973507,25000000.4733774,13.1006072602593,0.000127036668788564
35,3,-0.0602119173672294,0.167649933896155,0.0909090909090909,-0.029585047664809,0.029585047664809,0.0127165684063436,5.25244616280945,2.62367761836951,0.44261032443549,0.347930324646942,0.174854739561719,0.164175040018933,0.166727994629929,20000000.8305667,11.5309750407693,0.000127036668788564
35,3,-0.0865336789953226,0.216285745111025,0.113636363636364,-0.12608652128727,0.12608652128727,0.0183850660503899,18.2767637165765,3.40633192327986,0.227271708674643,0.341897393848327,0.218058980639206,0.205966288017986,0.143772289315971,16666668.0921422,12.6552731534038,0.000127036668788564
35,3,-0.106030721565063,0.258096837267542,0.136363636363636,-0.0611531480000767,0.0611531480000767,0.0205234701478743,8.53935699526277,3.66298317687901,0.169231977009518,0.333264123006387,0.261012318188677,0.245667973617087,0.123233545012723,14285716.3517003,12.0672851308123,0.000127036668788564
35,3,-0.130553125576959,0.304933290866215,0.159090909090909,-0.0677939850282425,0.0677939850282425,0.0228869958918927,9.07318504597934,3.93349327033402,0.127303431795995,0.322966088445867,0.303693505118604,0.283384574936233,0.108191307061797,12500002.7896437,11.6930226202081,0.000127036668788564
35,3,-0.155089130333237,0.35178334520927,0.181818181818182,-0.0771406512609416,0.0771406512609416,0.0255996786603451,9.81873333157842,4.22775527339624,0.11069700194255,0.312352634120701,0.346082330322732,0.319215346189421,0.0965513862813189,11111114.5945353,11.4847682548048,0.000127036668788564
35,3,-0.174143439546577,0.393151704009387,0.204545454545455,-0.0690016493860335,0.0690016493860335,0.0277697771966295,8.46638152340307,4.43968658589659,0.117147989064808,0.302592401867907,0.388159697203035,0.35325457887995,0.0871882782355991,10000003.9887029,11.1829295816647,0.000127036668788564
35,3,-0.197026555311462,0.438348869361049,0.227272727272727,-0.0399502652208574,0.0399502652208574,0.0283788015978409,4.84634456448601,4.46001948482606,0.10682683346797,0.29280412344791,0.429907900591824,0.385591849935952,0.0814894119545201,9090913.56799758,10.6068763982848,0.000127036668788564
35,3,-0.22137979975368,0.485016163390043,0.25,-0.0879607840232937,0.0879607840232937,0.0313579007191136,10.1149476361786,4.74276589239368,0.0967959043140096,0.283003712491215,0.471311101546962,0.416312257439155,0.0748955993915192,8333338.29824908,10.5658823347759,0.000127036668788564
35,3,-0.240638631531342,0.526589044754483,0.272727272727273,-0.0509542213777787,0.0509542213777787,0.0323377167520468,5.7641411319579,4.79383465437189,0.0933984838584566,0.273523451059577,0.512355985127368,0.445496644567197,0.0703812956121377,7692313.09890776,10.1965176268669,0.000127036668788564
35,3,-0.261882454525522,0.570146917335439,0.295454545454545,-0.0724075546388243,0.0724075546388243,0.0343412086463857,7.93306091520528,4.95079596741356,0.0953909804484077,0.264616827529018,0.553032572431212,0.473221812338837,0.0659457484270582,7142862.91206945,10.0348421474625,0.000127036668788564
35,3,-0.283993153138023,0.614571665534717,0.318181818181818,-0.0649698735847362,0.0649698735847362,0.0358726418933032,6.94772871619512,5.05064260485264,0.094948424234508,0.256133407364293,0.593335145639702,0.499560721721895,0.0625944627163159,6666672.7534004,9.82903458537797,0.000127036668788564
35,3,-0.304074775624332,0.656967337607803,0.340909090909091,-0.00315928394882325,0.00315928394882325,0.0342369739960792,0.337996294425108,4.81501028933126,0.087450863195791,0.247699280155868,0.633263234239751,0.4745826856358,0.0623648128888844,6250006.42099993,9.23584469219342,0.000127036668788564
35,3,-0.32875338772332,0.703959999293568,0.363636363636364,-0.0912431649102783,0.0912431649102783,0.0370872835417892,9.33162778663303,5.04084116419635,0.091255289880603,0.239877080642105,0.672822602592482,0.50085355135401,0.0594553351880392,5882359.62907457,9.24147899186633,0.000127036668788564
35,3,-0.351173791108645,0.748694452265669,0.386363636363636,-0.0400916920777199,0.0400916920777199,0.0372375039685857,4.06822303084212,4.99221025752864,0.106655947207865,0.233216023970392,0.712026174043222,0.52581087378631,0.0583472515142471,5555562.39278944,8.95407588292054,0.000127036668788564
35,3,-0.369685702354471,0.789520413098272,0.409090909090909,-0.0673422732216684,0.0673422732216684,0.0387427424312399,6.68244653809341,5.07672207155688,0.130923203190455,0.228101382931396,0.750894825159712,0.549520330096994,0.0565150858459108,5263164.77411976,8.83451644371912,0.000127036668788564
35,3,-0.3900659030631,0.832214663393679,0.431818181818182,-0.0706564177123128,0.0706564177123128,0.0403384261952935,6.84834851992618,5.16530339397534,0.173481869692694,0.22537040726946,0.789457985603986,0.572044313592145,0.0549481521396581,5000006.82362833,8.73520804752947,0.000127036668788564
35,3,-0.411576207950355,0.876039017867711,0.454545454545455,-0.136306976720424,0.136306976720424,0.04513685372155,12.1955855254085,5.516817500547,0.236994942227588,0.225951634017367,0.827753984583784,0.593442097912537,0.0525862462409339,4761911.46152695,8.89998792742847,0.000127036668788564
35,3,-0.431162440903059,0.917939300407191,0.477272727272727,-0.0485993943332144,0.0485993943332144,0.0453099807521333,4.30984152167579,5.45646870160344,0.327772032761402,0.231042653954569,0.865830093612983,0.613769993016911,0.0524337630618115,4545461.07922577,8.69134490898517,0.000127036668788564
35,3,-0.447670236389163,0.979075195066849,0.522727272727273,-0.356407755238071,0.356407755238071,0.0636063658670888,21.9132862230764,6.43724714451825,14.1670013906948,0.964005607540611,0.941554276510857,0.651427418697762,0.0543702316764867,4166672.70088333,9.246014347064,0.000127036668788564
35,3,-0.436388080797288,0.990107089061751,0.545454545454545,-0.345117062028694,0.345117062028694,0.0776819006751691,17.6260566639764,6.99668762049116,14.1670013906948,1.62415539669832,0.979337070217303,0.668856047762874,0.058120767831791,4000005.79567146,9.58121603974049,0.000127036668788564
35,3,-0.417447656244238,0.993480714095478,0.568181818181818,-0.336674410632908,0.336674410632908,0.090631526173056,15.111945949983,7.40245053696575,14.1670013906948,2.25129769639814,1.01716696805173,0.68541324537473,0.0626237993899336,3846159.42162974,9.79393642090366,0.000127036668788564
35,3,-0.397413147927371,0.995760255365387,0.590909090909091,-0.275679909628922,0.275679909628922,0.0998839453458493,11.5283357750289,7.60874479886891,14.1670013906948,2.84708288111298,1.05512411776176,0.701142583105994,0.0683083725485643,3703709.0752948,9.85817343401941,0.000127036668788564
35,3,-0.37486690505168,0.995528062076474,0.613636363636364,-0.364370782398689,0.364370782398689,0.113108287198491,13.7323750610221,7.91492631197657,14.1670013906948,3.41307880659207,1.09329041735186,0.716085453950694,0.0730944266543589,3571433.75369808,9.99653777784094,0.000127036668788564
35,3,-0.353427594892569,0.996402801504139,0.636363636363636,-0.341751095728756,0.341751095728756,0.124540427625005,11.9335400372905,8.11585699824226,14.1670013906948,3.9507749357972,1.13174724340292,0.730281181253159,0.0780660133528806,3448280.86807355,10.0633309592013,0.000127036668788564
35,3,-0.331714515240797,0.997003771439144,0.659090909090909,-0.316966075312645,0.316966075312645,0.134161710009387,10.4513423174786,8.23263126420408,14.1670013906948,4.46158625854208,1.17057301923589,0.743767122190501,0.0832423305557436,3333338.17482398,10.0762646711438,0.000127036668788564
35,3,-0.30997624958882,0.997579555373944,0.681818181818182,-0.274260695709134,0.274260695709134,0.141166659294374,8.69869825356527,8.25593461367214,14.1670013906948,4.94685701514972,1.20984070785797,0.756578766080976,0.0887902046412135,3225811.13920342,10.0318270447703,0.000127036668788564
35,3,-0.287441534450863,0.997358889822764,0.704545454545455,-0.323509841078726,0.323509841078726,0.150283818383591,9.76423189425006,8.33134947770104,14.1670013906948,5.40786423392697,1.24961532234715,0.768749827776927,0.0938109557117425,3125004.54330914,10.0234646963166,0.000127036668788564
35,3,-0.265461901529878,0.997693306488556,0.727272727272727,-0.298266904549337,0.298266904549337,0.157682972691879,8.66234127900256,8.34789906776611,14.1670013906948,5.84582109176536,1.28995155025915,0.780312336388081,0.0988549787812961,3030307.43807512,9.98221853215556,0.000127036668788564
35,3,-0.243192124194725,0.997737578740179,0.75,-0.307480103729928,0.307480103729928,0.165172829243781,8.59781657891507,8.36039494332356,14.1670013906948,6.26188010671183,1.33089158850527,0.791296719568677,0.103606054173009,2941180.75079605,9.94150082764848,0.000127036668788564
35,3,-0.220993395312146,0.997852899444377,0.772727272727273,-0.304259134985394,0.304259134985394,0.172127144530862,8.21944785477266,8.35334758889602,14.1670013906948,6.65713617091098,1.37246328085248,0.801731883590243,0.108078390868307,2857147.01707578,9.89229931413775,0.000127036668788564
35,3,-0.198860669030954,0.998034222749962,0.795454545454545,-0.287400799335104,0.287400799335104,0.177890827271074,7.54365091053006,8.31286275497772,14.1670013906948,7.03262943190017,1.41467864182681,0.811645289410731,0.112474932845676,2777781.82411774,9.8270590807042,0.000127036668788564
35,3,-0.17680815921465,0.998295762520435,0.818181818181818,-0.25385772535169,0.25385772535169,0.181689172175105,6.52317302134842,8.22337826829625,14.1670013906948,7.3893480298399,1.45753283862879,0.821063024940194,0.116767382039585,2702706.64158987,9.73776486288378,0.000127036668788564
35,3,-0.154128174637797,0.997929827530359,0.840909090909091,-0.31995547656789,0.31995547656789,0.188602487394744,7.96082800445681,8.21025075510428,14.1670013906948,7.72823069788265,1.50100368714015,0.830009873693185,0.12060493762163,2631582.78445821,9.69100336660938,0.000127036668788564
35,3,-0.13186535777035,0.997981060249689,0.863636363636364,-0.322613943775139,0.322613943775139,0.195303060213764,7.78389381442686,8.18893290807041,14.1670013906948,8.05016923252326,1.54505169981399,0.838509380008525,0.12403046976849,2564106.30461535,9.64210312168162,0.000127036668788564
35,3,-0.109686110266896,0.998115862333011,0.886363636363636,-0.309007216167767,0.309007216167767,0.200988268011464,7.26007999893727,8.14249026261375,14.1670013906948,8.35601084043183,1.58962070292574,0.846583911008099,0.12739454383839,2500003.64876463,9.58255254361302,0.000127036668788564
35,3,-0.0873686051391481,0.99811240679204,0.909090909090909,-0.317840339424754,0.317840339424754,0.206830871582128,7.27116324868189,8.09892391191716,14.1670013906948,8.64656036794498,1.63463901914838,0.854254715457694,0.13043387880987,2439027.95173589,9.52617719495616,0.000127036668788564
35,3,-0.064823576119175,0.997881427358844,0.931818181818182,-0.371012870962177,0.371012870962177,0.215039971551131,8.20127192626507,8.10404131263455,14.1670013906948,8.92258241908247,1.68002118959369,0.86154197968481,0.133061522134838,2380955.85932757,9.49463183141589,0.000127036668788564
35,3,-0.0430045578377187,0.998376458664165,0.954545454545455,-0.288152924117418,0.288152924117418,0.218695619179445,6.24723581512623,8.01120103775914,14.1670013906948,9.18480336766309,1.72567018824766,0.868464880700569,0.135319289210088,2325584.79447313,9.41911099382776,0.000127036668788564
35,3,-0.0209067984941997,0.998592748907423,0.977272727272727,-0.251219947371093,0.251219947371093,0.220321835589028,5.37009661245116,7.87914581649374,14.1670013906948,9.43391326881467,1.77148006202202,0.875041636665541,0.136761611029554,2272730.59620298,9.32708793970557,0.000127036668788564
35,3,0.000293558173581565,0.999706441826418,1,-0.0515571533540791,0.0515571533540791,0.21188360147728,1.10197137697268,7.54028709451768,14.1670013906948,9.67056767490868,1.81733891228878,0.881289554832264,0.134106159742946,2222225.47341151,9.14430757164484,0.000127036668788564
37,1,0.0181818181818182,0,0,0,0,0,0,0,0,0,0,0,0.731835852535134,100000000,0,0.000277777777777778
37,1,0.00747758996773349,0.0330182778008615,0.0227272727272727,0.130238482684555,0.130238482684555,0.00651192413422774,25.0866878748298,1.25433439374149,14.4888949688899,0.724444748444493,0.0207149645020292,0.05,0.380227730964622,50000000.0345092,12.5433439374149,0.000277777777777778
37,1,0.00682109777381271,0.0559888195815592,0.0454545454545454,0.0393226082614389,0.0393226082614389,0.0081524583405883,7.36950086969939,1.56009271753939,3.91565738284574,0.884005380164556,0.0412478615819331,0.0975,0.270177286109575,33333333.4414678,10.8187295815097,0.000277777777777778
37,1,0.00695021105634272,0.078173755885806,0.0681818181818182,-0.00620992790526298,0.00620992790526298,0.00805533181882203,1.16360441542201,1.54026830243352,2.34654680493309,0.957132451402982,0.0615638428397083,0.092625,0.209400679910903,25000000.1876404,8.40494828998781,0.000277777777777778
37,1,0.00809375266510029,0.0993442638638253,0.0909090909090909,0.00484715300554361,0.00484715300554361,0.00789492287815811,0.908329780130031,1.50867137631834,1.08366402598079,0.963459030131873,0.0816347217572173,0.08799375,0.174713716938787,20000000.3346713,6.90562458801626,0.000277777777777778
37,1,0.00973022083897529,0.120021845276727,0.113636363636364,-0.0618118622543129,0.0618118622543129,0.0105907698469658,10.8813055731688,1.97730308616087,0.836023251138731,0.957087241182216,0.101439564613873,0.1335940625,0.149084905253897,16666667.1449159,7.56823808554168,0.000277777777777778
37,1,0.0111154145755911,0.140950701126888,0.136363636363636,-0.0796372246748436,0.0796372246748436,0.0140430925883597,12.8216308582858,2.51951947476711,0.645559334566024,0.941510845851406,0.120965030312905,0.176914359375,0.133805641824243,14285714.9169343,8.31872276736226,0.000277777777777778
37,1,0.0122741273140031,0.162106037975253,0.159090909090909,-0.0122293045194608,0.0122293045194608,0.0139524031849148,1.96609794691492,2.4918483983745,0.482673732493183,0.918568990183495,0.140205456145876,0.16806864140625,0.118552710247114,12500000.8112916,7.52464466480634,0.000277777777777778
37,1,0.0134394151373968,0.183254799738636,0.181818181818182,-0.0217101861674815,0.0217101861674815,0.0143402923340431,3.47098055546415,2.54080500622898,0.345658884936749,0.889923484921157,0.159162696242739,0.159665209335938,0.106919896689898,11111112.1537065,7.0742375415461,0.000277777777777778
37,1,0.0136153897510866,0.205392874711723,0.204545454545455,-0.0878081387943497,0.0878081387943497,0.0180136846570585,12.8363910802928,3.05558430993217,0.247088920368485,0.857781756693524,0.177845728648832,0.201681948869141,0.0996826072179666,10000001.3430484,7.65045289542077,0.000277777777777778
37,1,0.0143302681688402,0.226992045880747,0.227272727272727,-0.0729194433938773,0.0729194433938773,0.0207589725938994,10.1059144786324,3.40810081836719,0.211460582821632,0.825465697999929,0.196270055261468,0.241597851425684,0.0933194159871611,9090910.74177256,7.87367667571274,0.000277777777777778
37,1,0.018149189519204,0.24548717411716,0.25,-0.0110838897627556,0.0110838897627556,0.0202752184523422,1.53507438957575,3.31444949692761,0.185287616716138,0.79345679393574,0.214456925914717,0.229517958854399,0.0866119090165844,8333335.29637608,7.34545981853465,0.000277777777777778
37,1,0.0187644731469449,0.267185940076196,0.272727272727273,-0.00598261532309552,0.00598261532309552,0.0195605882958799,0.828698186099105,3.19016193138619,0.159445195912884,0.761756214034597,0.232432423448288,0.218042060911679,0.0824353730021849,7692309.98678926,6.84417046219346,0.000277777777777778
37,1,0.0227374745840325,0.285526988225885,0.295454545454545,0.00778662482915715,0.00778662482915715,0.0189718901225437,1.07849737440065,3.08457870353691,0.141850559254167,0.730760931295575,0.250226450432068,0.207139957866095,0.0793398492413609,7142859.77699521,6.43233667020826,0.000277777777777778
37,1,0.0228188053884389,0.307759707008255,0.318181818181818,-0.0718865527581189,0.0718865527581189,0.0216176232543225,9.50143654824321,3.40542159577223,0.12569288281293,0.700507528871443,0.267871660218021,0.246782959972791,0.0748328695974382,6666669.65558886,6.63694332874392,0.000277777777777778
37,1,0.0256716640481094,0.327220897935362,0.340909090909091,-0.0112285004922077,0.0112285004922077,0.0210981671162168,1.48320917118905,3.30931097454307,0.116335610167323,0.671298932936237,0.285402375114988,0.234443811974151,0.0714440290593672,6250003.33935333,6.31483494389674,0.000277777777777778
37,1,0.0293316402023127,0.345874971367935,0.363636363636364,-0.013870005651019,0.013870005651019,0.0207367590429569,1.82997908273367,3.2353443799526,0.111433273608407,0.643305649969845,0.302853532773184,0.222721621375444,0.0685054076565782,5882356.61197844,6.05101989324009,0.000277777777777778
37,1,0.0348711832166529,0.362649477940372,0.386363636363636,-0.0286872182027644,0.0286872182027644,0.0211342820009472,3.75996148030892,3.26157523497041,0.11046395984582,0.616663565463644,0.32025969844868,0.236732068664012,0.0650012615134388,5555559.52535332,5.92373887029947,0.000277777777777778
37,1,0.0385769763863716,0.38125773435743,0.409090909090909,-0.0605644866423622,0.0605644866423622,0.023105792233018,7.70279263045199,3.48363610474449,0.113213878161098,0.591491081098517,0.337654175893358,0.274895465230811,0.0624970950952014,5263162.12048417,6.01737327872855,0.000277777777777778
37,1,0.0400012835274872,0.402147476803091,0.431818181818182,-0.0631502693724038,0.0631502693724038,0.0251080160899873,7.78816382753706,3.69886249088412,0.119120129737796,0.567872533530481,0.355068243446802,0.31115069196927,0.0602568994625267,5000004.4342043,6.10591280616898,0.000277777777777778
37,1,0.0435506943179786,0.420912115599377,0.454545454545455,-0.00173656540982225,0.00173656540982225,0.023939443555979,0.214268487265141,3.52463279070317,0.112291128662066,0.54509346328706,0.37253053480906,0.295593157370807,0.0584656176273715,4761909.40902424,5.8253583147926,0.000277777777777778
37,1,0.0471426218749865,0.439634237629146,0.477272727272727,-0.0805673144316543,0.0805673144316543,0.0267708370997628,9.48768264962994,3.82278528364951,0.106476602157351,0.523162620230574,0.390066576299672,0.330813499502267,0.0571426191569763,4545459.40823835,5.99182760273975,0.000277777777777778
37,1,0.0556217230043199,0.475783235673366,0.522727272727273,-0.0190817941989434,0.0190817941989434,0.0264467955859598,2.23158430051488,3.71773233890852,0.0983013539900395,0.48191167755488,0.425444820717941,0.320037560739904,0.0528271416675361,4166671.95680584,5.72241184607596,0.000277777777777778
37,1,0.0588677375161235,0.494851270748339,0.545454545454545,0.0063432820524989,0.0063432820524989,0.0254416199092867,0.742003204625872,3.56894588219439,0.0955546370916704,0.462593825531719,0.44332059066963,0.304035682702909,0.0519584997482349,4000005.49714229,5.52319550041796,0.000277777777777778
37,1,0.0609163580447754,0.515116699806464,0.568181818181818,-0.0431450652465397,0.0431450652465397,0.0263267921761494,4.98623860159872,3.63981051816461,0.0938283599043295,0.44415555225035,0.461337373194845,0.338833898567764,0.049992321720372,3846159.54178137,5.50254331200183,0.000277777777777778
37,1,0.0656169494241469,0.53273015801387,0.590909090909091,-0.0625090271975193,0.0625090271975193,0.0281359039272179,7.04603023088516,3.81012150380063,0.0933337675372654,0.426614463014695,0.479503554474685,0.371892203639375,0.0490419022701321,3703709.58520561,5.5597094941827,0.000277777777777778
37,1,0.0669186366799038,0.55374252034489,0.613636363636364,-0.0135475333944539,0.0135475333944539,0.0274064854005797,1.52606471127467,3.69591866417433,0.0939581357388532,0.409981646650903,0.497824642146437,0.353297593457407,0.0477984776671838,3571434.62298534,5.41565075193598,0.000277777777777778
37,1,0.0694355081028323,0.573539698508738,0.636363636363636,-0.0485386628015219,0.0485386628015219,0.0284630942706268,5.39032514543389,3.78063898823731,0.0957653926607544,0.394270833951396,0.51630363054601,0.385632713784536,0.0464176564748117,3448282.06502672,5.41477745516005,0.000277777777777778
37,1,0.0702217040085983,0.595067552189749,0.659090909090909,0.0254703100135258,0.0254703100135258,0.0283134550577717,2.81868484538177,3.73254128109453,0.0990486005441116,0.379509722281032,0.534941387855242,0.378832613581632,0.0464046271256901,3333339.66606096,5.3282410348341,0.000277777777777778
37,1,0.0718542510793675,0.615749054705756,0.681818181818182,-0.0608735717345295,0.0608735717345295,0.0299414608916096,6.59191224561426,3.87550982932052,0.0946361163438469,0.365266041984172,0.553737036791764,0.40989098290255,0.045167629145591,3225812.9209232,5.36900462227862,0.000277777777777778
37,1,0.0743645767243396,0.657866828234338,0.727272727272727,0.029519780170328,0.029519780170328,0.0294868396067056,3.17561492765305,3.76327358662779,0.0874039055358081,0.338291278285056,0.591791808138958,0.398350943448795,0.0443625868093321,3030309.79144964,5.20800397744955,0.000277777777777778
37,1,0.0748368953617714,0.679708559183683,0.75,-0.00721067918569851,0.00721067918569851,0.0283730315856552,0.775849341276505,3.61390237436023,0.0876701342637613,0.325760221083991,0.611043292819592,0.378433396276356,0.0440511206252968,2941183.36835974,5.07764648815034,0.000277777777777778
37,1,0.0734499093418219,0.703409594790409,0.772727272727273,-0.0410530419956947,0.0410530419956947,0.0290070321061572,4.37686925359176,3.6520507183218,0.0910855539663895,0.314026487728111,0.630437753821426,0.409511726462538,0.0431320505420539,2857149.87151201,5.05762428144866,0.000277777777777778
37,1,0.0757120493150125,0.723461504403996,0.795454545454545,-0.0132209757420401,0.0132209757420401,0.0282177292879513,1.40885907535159,3.53989113617329,0.0964842572508346,0.303149376204247,0.649969494472267,0.389036140139411,0.0424442052050012,2777784.88520293,4.95626969239041,0.000277777777777778
37,1,0.0770727459075333,0.744414857398252,0.818181818181818,0.0422869068226603,0.0422869068226603,0.0289211881646868,4.46331684927207,3.58606242182823,0.104586142835515,0.293221214535811,0.669632087119001,0.41958433313244,0.0428954537906028,2702709.8764541,4.9429466425764,0.000277777777777778
37,1,0.0789729727590677,0.764828680133494,0.840909090909091,0.00803788444827003,0.00803788444827003,0.0278770229788659,0.848505027996301,3.44918455213663,0.114975009069508,0.284308904262496,0.689418256273973,0.398605116475818,0.0428076395677299,2631586.16121958,4.83519817903482,0.000277777777777778
37,1,0.0801381380627118,0.785977564416627,0.863636363636364,-0.0713927900909441,0.0713927900909441,0.0300528113344698,7.33460233542571,3.64345544130109,0.128341034555974,0.276510510777169,0.709319696021233,0.428674860652027,0.0421504751793132,2564109.79277139,4.89928546509613,0.000277777777777778
37,1,0.0809742794492541,0.807455472616862,0.886363636363636,-0.0148269474210307,0.0148269474210307,0.0292915181387979,1.52225514368256,3.53739542642016,0.145600055213132,0.269964987998968,0.729326840514863,0.407241117619426,0.041353163180757,2500007.21965534,4.81485970706079,0.000277777777777778
37,1,0.0816388028093242,0.829104998843568,0.909090909090909,0.00984824245771776,0.00984824245771776,0.0283193543547439,1.0110894692969,3.411080128564,0.169237388104253,0.264928608004232,0.749428610459283,0.386879061738455,0.0410472747756615,2439031.57792862,4.72208482321289,0.000277777777777778
37,1,0.0824746955894065,0.850583155650263,0.931818181818182,-0.0675887508428006,0.0675887508428006,0.0302828241791467,6.78110546127337,3.57958139519947,0.197271529934549,0.261545754100748,0.769612161220403,0.417535108651532,0.0406388166323462,2380959.51819592,4.77110912411909,0.000277777777777778
37,1,0.0830717923468276,0.872300108479619,0.954545454545455,0.00344549637976588,0.00344549637976588,0.0289409577891777,0.345835172047496,3.41789408404187,0.229326126533969,0.259934772722409,0.78986265951698,0.396658353218955,0.0398688218567629,2325588.46801932,4.66819577639649,0.000277777777777778
37,1,0.0833074503897131,0.89437850002351,0.977272727272727,0.0116582222122643,0.0116582222122643,0.028076821010332,1.16995595562816,3.30549717762118,0.266690775242543,0.260272572848415,0.81016311539594,0.376825435558007,0.0390962642961211,2272734.26987481,4.58869032592449,0.000277777777777778
37,1,0.0816488146893856,0.918351185310614,1,0.227742984527021,0.227742984527021,0.0380601291861664,18.5296469210449,4.06670466479237,0.321489570921727,0.263333422752081,0.830494294393561,0.407984163780107,0.0401875461415168,2222229.13300028,4.89848936137161,0.000277777777777778
37,2,0.0181818181818182,0,0,0,0,0,0,0,0,0,0,0,0.731714070349864,100000000,0,0.000126350865269889
37,2,0.00492679280837172,0.0355690749602233,0.0227272727272727,-0.0578428780195881,0.0578428780195881,0.00289214390097941,15.839460327413,0.791973016370648,6.29019579660802,0.314509789830401,0.0446590716585843,0.05,0.373867905216109,50000000.0794888,7.91973016370648,0.000126350865269889
37,2,-0.0174075139764769,0.0802174313318488,0.0454545454545454,-0.0390698001349197,0.0390698001349197,0.00470102671267642,10.1389708048466,1.25932290579445,2.14513180394421,0.406040890536091,0.0889448411579317,0.0975,0.266113014909265,33333333.5417165,8.65947704408654,0.000126350865269889
37,2,-0.0470748627780018,0.132198829720151,0.0681818181818182,-0.10542789451483,0.10542789451483,0.00973737010278412,20.69637808874,2.23117566494173,0.717108202374199,0.421594256127997,0.132819777036321,0.142625,0.200297495591037,25000000.5049098,11.6687023052499,0.000126350865269889
37,2,-0.0713860520723231,0.178824068601249,0.0909090909090909,-0.111134362504791,0.111134362504791,0.0148072197228845,17.9637262403476,3.01780319371202,0.368505514724746,0.418939819057834,0.176257974932975,0.18549375,0.16479407601005,20000000.9466605,12.9277070922694,0.000126350865269889
37,2,-0.0934995598831452,0.223251625998848,0.113636363636364,-0.0533489164414092,0.0533489164414092,0.0167343045588107,8.3233985287693,3.28308296046488,0.217130947621551,0.40884937548602,0.219244808404464,0.2262190625,0.139619700369179,16666668.2231364,12.1603223316861,0.000126350865269889
37,2,-0.121240380344167,0.273306496046647,0.136363636363636,-0.0826394881150101,0.0826394881150101,0.0200295637366207,11.9441633565707,3.71613698027018,0.152925848784083,0.396053199150923,0.261776241045632,0.264908109375,0.119820539729442,14285716.5539908,12.1294424780982,0.000126350865269889
37,2,-0.147164276942682,0.321544442231938,0.159090909090909,-0.0694471738209756,0.0694471738209756,0.0225004442408384,9.57140497981371,4.00890038024735,0.11856249424446,0.3821786639056,0.303857858967782,0.30166270390625,0.105285952644066,12500003.0390382,11.8096877908126,0.000126350865269889
37,2,-0.168145116817697,0.36483933169373,0.181818181818182,-0.0405093603540099,0.0405093603540099,0.023400890046497,5.50074872736016,4.08349279760299,0.11058248616791,0.368598855018715,0.345503691307578,0.336579568710937,0.0959036458449237,11111114.8172588,11.1086945615401,0.000126350865269889
37,2,-0.193559534463996,0.412567798926806,0.204545454545455,-0.0632134765254486,0.0632134765254486,0.0253915193704446,8.28783157551027,4.29370973649836,0.115158663582689,0.355926845446914,0.38673489149023,0.369750590275391,0.0875565611854671,10000004.2039001,10.8266082629371,0.000126350865269889
37,2,-0.218656482105645,0.459978796155232,0.227272727272727,-0.0724078063582407,0.0724078063582407,0.0277423337198344,9.09658255219317,4.5338533772831,0.101374190064517,0.343199212677794,0.427578353313812,0.401263060761621,0.08012180987623,9090913.80940403,10.6693331983241,0.000126350865269889
37,2,-0.238567192428113,0.502203556064476,0.25,-0.086074055082705,0.086074055082705,0.0306589197879779,10.2363808384679,4.81897975034234,0.0947725785853542,0.330777880973172,0.468065333598704,0.43119990772354,0.0741725651900819,8333338.5379183,10.6332538350027,0.000126350865269889
37,2,-0.261495846552521,0.547446259775662,0.272727272727273,-0.0819627324774759,0.0819627324774759,0.0332241104224528,9.31921729236637,5.04399162744354,0.0936382948073343,0.31892090166488,0.508230147371324,0.459639912337363,0.0686220736072355,7692313.31803162,10.5321741009538,0.000126350865269889
37,2,-0.281794000709655,0.590058463519572,0.295454545454545,-0.0875791907610948,0.0875791907610948,0.0359418644393849,9.50236082413105,5.26691008727791,0.0981878092614102,0.307884247044707,0.548108992699884,0.486657916720495,0.0640707676041203,7142863.09421248,10.4586160097521,0.000126350865269889
37,2,-0.305996170297556,0.63657468269425,0.318181818181818,-0.0806349041876739,0.0806349041876739,0.0381765164267993,8.43606095237741,5.42536763053289,0.0897682818083645,0.296978448782889,0.58773895088916,0.51232502088447,0.0602547837327961,6666672.96391779,10.3237790059272,0.000126350865269889
37,2,-0.323722823705439,0.67661538568891,0.340909090909091,-0.00541104411238935,0.00541104411238935,0.0365382428110788,0.56629837586535,5.18241416779951,0.0874649978892067,0.286502776238205,0.627157194404378,0.486708769840246,0.0598946036513907,6250006.61824449,9.71393646654829,0.000126350865269889
37,2,-0.343317841007192,0.71852445257744,0.363636363636364,-0.0651580178142388,0.0651580178142388,0.0379692315612368,6.66914003756972,5.25675046128802,0.094976460985207,0.276926460475555,0.66640042034923,0.512373331348234,0.0578554290714394,5882359.78946097,9.53483079425543,0.000126350865269889
37,2,-0.365846394910795,0.76336705606782,0.386363636363636,-0.0865959585708618,0.0865959585708618,0.0404005679117181,8.5384482195572,5.42083534920148,0.114262197370949,0.268793247320325,0.70550451233733,0.536754664780822,0.0553400797173508,5555562.50959097,9.4794762067722,0.000126350865269889
37,2,-0.385979557240949,0.805814267984751,0.409090909090909,-0.0713599946636698,0.0713599946636698,0.0419485392493157,6.87148073517543,5.49336761850018,0.144182443074338,0.262562707108026,0.744504418950297,0.559916931541781,0.0535253289978992,5263164.84780498,9.34221328721447,0.000126350865269889
37,2,-0.40766446522531,0.849813225555888,0.431818181818182,-0.0673096922117082,0.0673096922117082,0.0432165968974353,6.35251659024858,5.5363250670876,0.196258006758048,0.259247472090527,0.783434223424103,0.581921084964692,0.0524119360141123,5000006.86018141,9.19272845236618,0.000126350865269889
37,2,-0.432124202064387,0.896587011981742,0.454545454545455,-0.0784742411408361,0.0784742411408361,0.0449794791096053,7.21448879227795,5.62023325334711,0.271441225853223,0.259857159778662,0.822327367442135,0.602825030716458,0.0516813716784232,4761911.47084128,9.09852656379055,0.000126350865269889
37,2,-0.450696979847151,0.937473839351283,0.477272727272727,-0.0824928161049141,0.0824928161049141,0.0468551459593708,7.37830351107597,5.70813676623356,0.493004427395439,0.2715145231595,0.861216982537772,0.622683779180635,0.0511858408487823,4545461.04163846,9.02033460684898,0.000126350865269889
37,2,-0.449816330711877,0.981221289389563,0.522727272727273,-0.357431104014881,0.357431104014881,0.0646529831431886,22.1051878042434,6.64537665881816,14.1670013906948,1.05953491039021,0.939118915634423,0.659472110710523,0.054041426250261,4166672.64308926,9.53049993152539,0.000126350865269889
37,2,-0.437252912989021,0.990971921253484,0.545454545454545,-0.331983250225481,0.331983250225481,0.0780194964973032,17.2262881649334,7.17442223412392,14.1670013906948,1.71490823440544,0.97819935505486,0.676498505174997,0.0580053588784402,4000005.74018916,9.83833146086171,0.000126350865269889
37,2,-0.417415544017484,0.993448601868724,0.568181818181818,-0.356448812779961,0.356448812779961,0.0919409623114361,15.9714042969539,7.61427133726542,14.1670013906948,2.33751289221991,1.01741305002655,0.692673579916247,0.0624624701999376,3846159.36828136,10.0742188776345,0.000126350865269889
37,2,-0.396319174728056,0.994666282166073,0.590909090909091,-0.387261278502153,0.387261278502153,0.106706978120972,15.2181854024487,7.99446704052459,14.1670013906948,2.92898731714365,1.05679651617428,0.708039900920435,0.0669829189418855,3703709.0239223,10.2647361563313,0.000126350865269889
37,2,-0.375391606196967,0.996052763221761,0.613636363636364,-0.343289847753105,0.343289847753105,0.118536121602579,12.4135861682836,8.21542299691254,14.1670013906948,3.49088802082121,1.09638719326188,0.722637905874413,0.0721373596184082,3571433.70416031,10.3414807996153,0.000126350865269889
37,2,-0.354089536338006,0.997064742949576,0.636363636363636,-0.285075586553157,0.285075586553157,0.126863094850108,9.80534784617708,8.29491923937576,14.1670013906948,4.02469368931489,1.13622309035954,0.736506010580692,0.0779100579725819,3448280.82024397,10.3229934563933,0.000126350865269889
37,2,-0.331551572333844,0.996840828532191,0.659090909090909,-0.345373820644619,0.345373820644619,0.137788631139833,11.1254438255698,8.43644546868546,14.1670013906948,4.53180907438388,1.1763422006019,0.749680710051658,0.0832553631532832,3333338.12858872,10.3497418020325,0.000126350865269889
37,2,-0.309856817537869,0.997460123322993,0.681818181818182,-0.298729853079673,0.298729853079673,0.145835692236825,9.21031962996996,8.47513917674969,14.1670013906948,5.01356869019943,1.21678168883447,0.762196674549075,0.0886734631109879,3225811.09445962,10.312986248095,0.000126350865269889
37,2,-0.287601216324252,0.997518571696153,0.704545454545455,-0.311944552668476,0.311944552668476,0.154141135258408,9.20579694079787,8.5116720649521,14.1670013906948,5.4712403252242,1.25757687046455,0.774086840821621,0.0938239096548787,3125004.49996359,10.278386582242,0.000126350865269889
37,2,-0.265186398317754,0.997417803276432,0.727272727272727,-0.348365662936591,0.348365662936591,0.163852361642317,9.78135199453534,8.57515606143126,14.1670013906948,5.90602837849773,1.29876001439731,0.78538249878054,0.0985876019857713,3030307.39604307,10.2633249280691,0.000126350865269889
37,2,-0.243487977430501,0.998033431975956,0.75,-0.274051890831897,0.274051890831897,0.169362338101796,7.48015305830967,8.52040591127518,14.1670013906948,6.31907702910758,1.34035901628,0.796113373841513,0.103667718528501,2941180.71000023,10.1814669318997,0.000126350865269889
37,2,-0.221049125978517,0.997908630110749,0.772727272727273,-0.302938439299254,0.302938439299254,0.176041143161669,8.00340170768556,8.4945557010957,14.1670013906948,6.71147324718694,1.38239599967968,0.806307705149437,0.108295251735809,2857146.97744556,10.1192364969221,0.000126350865269889
37,2,-0.198830040525465,0.998003594244474,0.795454545454545,-0.298813276200522,0.298813276200522,0.182179749813611,7.66296022268784,8.4529759271753,14.1670013906948,7.08424965436233,1.42488591164992,0.815992319891966,0.112669025728962,2777781.78558836,10.0510066004156,0.000126350865269889
37,2,-0.176283225581621,0.997770828887406,0.818181818181818,-0.349233416728311,0.349233416728311,0.190532433159346,8.62103934272529,8.4613790979528,14.1670013906948,7.43838724117896,1.46783518488347,0.825192703897367,0.116526143908795,2702706.60410183,10.0123588366943,0.000126350865269889
37,2,-0.15409941812676,0.997901071019322,0.840909090909091,-0.341267469599492,0.341267469599492,0.198069184981354,8.14428265982283,8.4455242760463,14.1670013906948,7.77481794865475,1.51124054092588,0.833933068702499,0.120296259578269,2631582.74795669,9.9631989373029,0.000126350865269889
37,2,-0.132122238828668,0.998237941308007,0.863636363636364,-0.292071951081413,0.292071951081413,0.202769323286357,6.81009727362193,8.36375292592508,14.1670013906948,8.09442712075675,1.55508800752877,0.842236415267374,0.123875613023254,2564106.26904976,9.8823501766957,0.000126350865269889
37,2,-0.109945512353288,0.998375264419403,0.886363636363636,-0.273063249296038,0.273063249296038,0.206284019586841,6.24462992257712,8.25779677575768,14.1670013906948,8.39805583425365,1.59935221811003,0.850124594504005,0.12725184177046,2500003.61408818,9.79140717034273,0.000126350865269889
37,2,-0.0874548165765792,0.998198618229472,0.909090909090909,-0.309661246404149,0.309661246404149,0.211452880927706,6.91371962782303,8.19059291836095,14.1670013906948,8.68650311207571,1.64399605260147,0.857618364778805,0.130304415522227,2439027.91790522,9.72121966930567,0.000126350865269889
37,2,-0.0655028204316762,0.998560671671346,0.931818181818182,-0.249239678385678,0.249239678385678,0.213342220800605,5.48315670650742,8.05522110776828,14.1670013906948,8.96052802600666,1.68897066701304,0.864737446539865,0.133011309698584,2380955.82630239,9.62031340828666,0.000126350865269889
37,2,-0.0429929962436375,0.998364897070084,0.954545454545455,-0.287735446138226,0.287735446138226,0.217061882067486,6.20989915947634,7.96295501035368,14.1670013906948,9.22085169424107,1.73421594429876,0.871500574212872,0.135281014105216,2325584.76221598,9.541001449012,0.000126350865269889
37,2,-0.0209835875725126,0.998669537985736,0.977272727272727,-0.235268772281263,0.235268772281263,0.217972226578174,5.01579519579411,7.8155970196257,14.1670013906948,9.46815917906376,1.77966138218537,0.877925545502228,0.136734504379039,2272730.56467895,9.43815585234796,0.000126350865269889
37,2,0.000239690306232054,0.999760309693768,1,-0.0417692478796452,0.0417692478796452,0.209162077643248,0.890588579807095,7.46934659763477,14.1670013906948,9.70310128964531,1.82522741524664,0.884029268227117,0.134070417512309,2222225.442588,9.24820991295816,0.000126350865269889
37,3,0.0181818181818182,0,0,0,0,0,0,0,0,0,0,0,0.731716107651138,100000000,0,0.000126860028772563
37,3,0.000210265207076295,0.0402856025615187,0.0227272727272727,-0.0403650979546573,0.0403650979546573,0.00201825489773286,11.8417328606744,0.592086643033722,5.17065092770893,0.258532546385447,0.0440320299011152,0.05,0.380014902837285,50000000.0966996,5.92086643033722,0.000126860028772563
37,3,-0.0224033761507118,0.0852132935060837,0.0454545454545454,-0.100204417417559,0.100204417417559,0.00692756302372419,21.5363195892773,1.6392982903459,1.71721268462721,0.331466553297535,0.0878632861081559,0.0975,0.257490627626046,33333333.5919128,11.1260174833173,0.000126860028772563
37,3,-0.0429275974351436,0.128051564377292,0.0681818181818182,-0.0807472070101802,0.0807472070101802,0.010618545223047,15.2198581660232,2.31832628412977,0.751611250148579,0.352473788140087,0.131469037854667,0.142625,0.193123952347264,25000000.5265533,12.1494776539938,0.000126860028772563
37,3,-0.0687544763240685,0.176192492852994,0.0909090909090909,-0.031077150912048,0.031077150912048,0.011641475507497,5.76246782954958,2.49053336140076,0.387165056858375,0.354208351576002,0.174827739470275,0.170049462252157,0.163401605362291,20000000.9378182,10.8720756891049,0.000126860028772563
37,3,-0.0934774519974288,0.223229518113131,0.113636363636364,-0.085106782123209,0.085106782123209,0.0153147408382826,14.1259559232122,3.07230448949133,0.216762551241484,0.347336061559276,0.217920488131149,0.21154698913955,0.136183377958057,16666668.2170723,11.4143890614561,0.000126860028772563
37,3,-0.119132080893294,0.271198196595773,0.136363636363636,-0.0792234682948916,0.0792234682948916,0.0185101772111131,12.1467689533444,3.52602771268398,0.154956756403935,0.337717096301509,0.260730536882336,0.250969639682572,0.117249159265564,14285716.5365496,11.5190147602973,0.000126860028772563
37,3,-0.14422161948435,0.318601784773606,0.159090909090909,-0.0293409727524745,0.0293409727524745,0.0190517169881812,4.45598449550342,3.57252555182496,0.119937286679908,0.326828105820429,0.303242912691443,0.266141522865666,0.106711842577848,12500003.0116923,10.6361359771981,0.000126860028772563
37,3,-0.166273659103867,0.3629678739799,0.181818181818182,-0.0585965025579509,0.0585965025579509,0.0210289562666696,8.57023618414203,3.82241108344081,0.110484469573069,0.316010924008061,0.345444180348501,0.302834446722383,0.0960926155235979,11111114.7938427,10.4065915557474,0.000126860028772563
37,3,-0.19127930398353,0.410287568446339,0.204545454545455,-0.0788209760302925,0.0788209760302925,0.0239185572548508,10.835746229686,4.17307784075307,0.115951770629392,0.306007966339127,0.387322381741219,0.337692724386263,0.0867567410189776,10000004.1768859,10.4495070231413,0.000126860028772563
37,3,-0.2209952872001,0.462317601249686,0.227272727272727,-0.0379001824665552,0.0379001824665552,0.024617638515436,5.14343903898047,4.22159590066444,0.100876510766744,0.295751393560508,0.428867167018061,0.37080808816695,0.0819376729152541,9090913.78926999,9.96713720639938,0.000126860028772563
37,3,-0.241998150426718,0.505634514063081,0.25,-0.0753370716849382,0.0753370716849382,0.0271536101739111,9.73260071612257,4.49714614143735,0.0944684566133028,0.285687246713148,0.470070120100474,0.402267683758603,0.0753381084230143,8333338.52229282,9.94759249887631,0.000126860028772563
37,3,-0.26679619332047,0.55274660654361,0.272727272727273,-0.0170424176102122,0.0170424176102122,0.0266480505457262,2.1974426015874,4.38216096444485,0.0938986461478219,0.276097816684881,0.510925266669827,0.382154299570673,0.0732804652496037,7692313.30133036,9.35142712216178,0.000126860028772563
37,3,-0.287123813214258,0.595388276024175,0.295454545454545,-0.0847016979860182,0.0847016979860182,0.0295507329177408,10.3277031470485,4.67943807357503,0.0991571322166501,0.26725078246147,0.551429738900435,0.413046584592139,0.0682023279811814,7142863.0715927,9.4211611239394,0.000126860028772563
37,3,-0.306301222588719,0.636879734985413,0.318181818181818,-0.0767308270822773,0.0767308270822773,0.0319097376259676,8.9755362018135,4.89424297998695,0.0897073869858464,0.258373612687689,0.591584558582969,0.442394255362532,0.0638205205932306,6666672.94331012,9.39145279579767,0.000126860028772563
37,3,-0.324565198239629,0.6774577602231,0.340909090909091,-0.0775721653381805,0.0775721653381805,0.0341928590115782,8.72601566959905,5.08583161446756,0.0875266967796482,0.249831266892287,0.6313954895708,0.470274542594405,0.0600098915311926,6250006.59842109,9.34986297541026,0.000126860028772563
37,3,-0.34681798470908,0.722024596279328,0.363636363636364,-0.0536488239300463,0.0536488239300463,0.0351656572575016,5.93078245911901,5.12807915670013,0.0960639837681507,0.24214290273608,0.670873902283094,0.496760815464685,0.0580138411995222,5882359.76379212,9.14874059209901,0.000126860028772563
37,3,-0.367455846232877,0.764976507389902,0.386363636363636,-0.0286007976749221,0.0286007976749221,0.0348374142783727,3.1476399255677,5.02905719514351,0.115084413710411,0.235789978284796,0.710037587789671,0.496729064750199,0.0574248863259501,5555562.48187444,8.81534611062505,0.000126860028772563
37,3,-0.389687043597031,0.809521754340833,0.409090909090909,-0.065114639703669,0.065114639703669,0.0363512755496375,6.99226328431637,5.12721749960215,0.147952648022594,0.231398111771686,0.748911457116863,0.521892611512689,0.0560036641908245,5263164.81224522,8.71939438292459,0.000126860028772563
37,3,-0.408953410296265,0.851102170626844,0.431818181818182,-0.0510752113729587,0.0510752113729587,0.0370874723408035,5.40660237614143,5.14118674342911,0.198082824743664,0.229732347420285,0.787528063022177,0.545797980937055,0.0551394166289175,5000006.82405263,8.55375478258543,0.000126860028772563
37,3,-0.425496937862945,0.8899597477803,0.454545454545455,-0.0404219189012149,0.0404219189012149,0.0372541946688241,4.24233306277532,5.09624405939643,0.259369939327251,0.231214227015633,0.825927886589178,0.568508081890202,0.054899848158489,4761911.44459759,8.348448986404,0.000126860028772563
37,3,-0.443525071867092,0.930301931371224,0.477272727272727,-0.0954822131359756,0.0954822131359756,0.0401655955921817,9.5571516404263,5.31928943844792,0.422982945093835,0.240802662919543,0.864159339420495,0.590082677795692,0.0536511603918991,4545461.0318505,8.40339001613228,0.000126860028772563
37,3,-0.448805370858383,0.980210329536069,0.522727272727273,-0.347209199656227,0.347209199656227,0.057811923006867,22.9952040753014,6.35562322745083,14.1670013906948,1.00757654901163,0.94034816565117,0.630049616710612,0.0559204193246467,4166672.63963577,9.01668339115927,0.000126860028772563
37,3,-0.438119563772896,0.991838572037358,0.545454545454545,-0.277537333227193,0.277537333227193,0.0687981935178833,15.8973496678553,6.83270954947105,14.1670013906948,1.66554779109579,0.978437395983255,0.648547135875081,0.0604292091079195,4000005.7368738,9.29191004222711,0.000126860028772563
37,3,-0.417574620433663,0.993607678284903,0.568181818181818,-0.324407618281556,0.324407618281556,0.081578664756067,16.0268167101649,7.29241490750575,14.1670013906948,2.29062047107574,1.01661958329696,0.666119779081327,0.0646182083968787,3846159.36509352,9.55094491407088,0.000126860028772563
37,3,-0.396483646430124,0.994830753868141,0.590909090909091,-0.349078150685461,0.349078150685461,0.0949536390525366,15.1463312877967,7.6851107265203,14.1670013906948,2.88443951705669,1.05497104942894,0.682813790127261,0.0691239579681811,3703709.02085252,9.75818144643109,0.000126860028772563
37,3,-0.37535900474021,0.996020161765004,0.613636363636364,-0.324400798567764,0.324400798567764,0.106425997028298,12.8646340335929,7.94408689187393,14.1670013906948,3.4485676107386,1.09356902800577,0.698673100620898,0.0740755823652354,3571433.70120017,9.86912618168687,0.000126860028772563
37,3,-0.353363781440687,0.996338988052257,0.636363636363636,-0.349755310200151,0.349755310200151,0.118592462686891,12.7073416198037,8.18224962827042,14.1670013906948,3.98448929973641,1.1324894853383,0.713739445589853,0.0789026968430496,3448280.8173859,9.96699567955297,0.000126860028772563
37,3,-0.33128340869746,0.996572664895807,0.659090909090909,-0.375552440964601,0.375552440964601,0.131440461600776,12.5334227945854,8.39980828658616,14.1670013906948,4.49361490428433,1.17180479567225,0.72805247331036,0.0836639958519539,3333338.12582593,10.0525432500541,0.000126860028772563
37,3,-0.309714816236567,0.997318122021691,0.681818181818182,-0.317705236173282,0.317705236173282,0.140753700329401,10.0573647176924,8.48268610814147,14.1670013906948,4.97728422860485,1.21158135369302,0.741649849644842,0.0888132600184203,3225811.09178595,10.0526987812682,0.000126860028772563
37,3,-0.265428432781057,0.997659837739735,0.727272727272727,-0.312648208352022,0.312648208352022,0.157989664752662,9.03421344272928,8.5692514280912,14.1670013906948,5.87328165190862,1.29273985636718,0.76683898930447,0.0988239779897013,3030307.39353144,10.011891953623,0.000126860028772563
37,3,-0.242943680666417,0.997489135211871,0.75,-0.357345907343154,0.357345907343154,0.167957476882187,9.82019017615238,8.63179836549426,14.1670013906948,6.28796763884793,1.33420415654708,0.778497039839247,0.103381127898641,2941180.70756247,10.0062536660504,0.000126860028772563
37,3,-0.220792142531883,0.997651646664114,0.772727272727273,-0.351734785623645,0.351734785623645,0.17714634231926,9.24803194655627,8.66261004454736,14.1670013906948,6.68191932644027,1.37629067552456,0.789572187847284,0.107717807570821,2857146.97507745,9.98459018835054,0.000126860028772563
37,3,-0.198650146937115,0.997823700656124,0.795454545454545,-0.339200440831822,0.339200440831822,0.185249047244888,8.58761282595461,8.65886018361772,14.1670013906948,7.056173429653,1.41900432475952,0.80009357845492,0.111896108808294,2777781.78328603,9.94578526161732,0.000126860028772563
37,3,-0.176347813559791,0.997835416865576,0.818181818181818,-0.350905502497527,0.350905502497527,0.19353187000752,8.55681282855469,8.65375781586457,14.1670013906948,7.41171482770509,1.46233349032719,0.810088899532174,0.115778355171779,2702706.60186172,9.90824546612914,0.000126860028772563
37,3,-0.154719540149087,0.998521193041649,0.840909090909091,-0.24087471927102,0.24087471927102,0.195899012470695,5.77773631041874,8.50995674059227,14.1670013906948,7.74947915585457,1.50624966459868,0.819584454555565,0.119807694859216,2631582.74577553,9.79954785676834,0.000126860028772563
37,3,-0.13200302087688,0.998118723356219,0.863636363636364,-0.314146638083155,0.314146638083155,0.201811393751318,7.3335140979591,8.45113460846062,14.1670013906948,8.07035526759658,1.550707621271,0.828605231827787,0.123509074586298,2564106.26692453,9.73631622192708,0.000126860028772563
37,3,-0.109611134753341,0.998040886819457,0.886363636363636,-0.336815447841911,0.336815447841911,0.208561596455848,7.6339699611929,8.41027637609723,14.1670013906948,8.37518757375149,1.59564614870831,0.837174970236398,0.126884627655088,2500003.61201608,9.68375756540872,0.000126860028772563
37,3,-0.0875626635052791,0.998306465158171,0.909090909090909,-0.295810386376995,0.295810386376995,0.212924035951905,6.56193179641147,8.31785914711294,14.1670013906948,8.66477826459866,1.64098933522808,0.845316221724578,0.12993530725559,2439027.91588366,9.60761547348196,0.000126860028772563
37,3,-0.0654625771781878,0.998520428417857,0.931818181818182,-0.260424975095373,0.260424975095373,0.215299082909078,5.68568112484988,8.18625024599979,14.1670013906948,8.93988942090346,1.68664837837608,0.853050410638349,0.132639765440651,2380955.82432896,9.51423608422881,0.000126860028772563
37,3,-0.0431433911128557,0.998515291939302,0.954545454545455,-0.263690586188118,0.263690586188118,0.21771865807303,5.66662669411911,8.06026906840575,14.1670013906948,9.20124501939303,1.73252386929523,0.860397890106432,0.13490716575694,2325584.76028844,9.42475679608673,0.000126860028772563
37,3,-0.0210381781016251,0.998724128514848,0.977272727272727,-0.227166730143553,0.227166730143553,0.218191061676556,4.82694866408593,7.89860304818976,14.1670013906948,9.44953283795812,1.77850848390123,0.86737799560111,0.136359115937024,2272730.56279522,9.32026115672307,0.000126860028772563
37,3,0,1,1,-0.0163943201840837,0.0163943201840837,0.208101224601933,0.348507594127405,7.52109827548664,14.1670013906948,9.68540626559495,1.82448999557142,0.824009095821054,0.133711934729054,2222225.44074614,9.12088885533206,0.000126860028772563
39,2,0.0181818181818182,0,0,0,0,0,0,0,0,0,0,0,0.731670896857934,100000000,0,0.000277777777777778
39,2,0.00935802760186544,0.0311378401667296,0.0227272727272727,0.152700247395391,0.152700247395391,0.00763501236976956,26.4587668207326,1.32293834103663,15.7061336700133,0.785306683500663,0.0204538826263065,0.05,0.393655333460333,50000000.0318347,13.2293834103663,0.000277777777777778
39,2,0.00827628922090744,0.0545336281344644,0.0454545454545454,-0.02350792354417,0.02350792354417,0.00842865792848958,4.04189081729099,1.45888596484935,3.99314330763334,0.945698514707296,0.0407146810339749,0.0522556045046062,0.264865647619497,33333333.4380329,10.1668858793412,0.000277777777777778
39,2,0.00888273085276556,0.0762412360893832,0.0681818181818182,-0.0174936286564953,0.0174936286564953,0.00888190646488986,2.99577946550784,1.53573063988227,2.47185257338341,1.0220062176411,0.0607669358593787,0.0496428242793759,0.199483635532973,25000000.1796634,8.37410927588285,0.000277777777777778
39,2,0.00950343250003446,0.0979345840288912,0.0909090909090909,-0.0555023896690177,0.0555023896690177,0.0112129306250963,9.10667341820282,1.9142777787983,1.14456570670152,1.02813419209412,0.0806009327024112,0.0971606830654071,0.163250139350264,20000000.3184695,8.52062210434685,0.000277777777777778
39,2,0.00971835395506655,0.120033712160636,0.113636363636364,-0.0150340789969636,0.0150340789969636,0.0114039880436896,2.46050099400258,1.94158893955851,0.838953426618764,1.01867515382035,0.100212497137692,0.0923026489121367,0.138199827898017,16666667.1307181,7.51060191928947,0.000277777777777778
39,2,0.0120908362721878,0.139975279430292,0.136363636363636,-0.0303058034990413,0.0303058034990413,0.0123490788164572,4.90238327405312,2.08962865628324,0.65558047166393,1.00052041971253,0.119602626813956,0.119206427880078,0.118528597983271,14285714.9013821,7.13799925568428,0.000277777777777778
39,2,0.0133085483402798,0.161071616948976,0.159090909090909,-0.0365899991886192,0.0365899991886192,0.0135611248350653,5.82071698200338,2.27618307256925,0.48936721737065,0.974962759595439,0.138776988830472,0.163246106486075,0.103944671024355,12500000.7941412,6.97333897147416,0.000277777777777778
39,2,0.0153761849170435,0.18131802995899,0.181818181818182,1.48513357633995e-05,1.48513357633995e-05,0.0128838111601002,0.002363724490706,2.16249210516532,0.357035466635656,0.94406639494745,0.157745314667242,0.155083801161771,0.0954341041374183,11111112.1282191,6.19878616625378,0.000277777777777778
39,2,0.0187946037963808,0.200213660666429,0.204545454545455,0.0396493987975131,0.0396493987975131,0.0142220905419708,6.19151785462902,2.36394339263851,0.256876820103634,0.909706916205259,0.176520727368995,0.197329611103682,0.0921423949882936,10000001.3046888,6.1980593350913,0.000277777777777778
39,2,0.0202832480591178,0.221039065990469,0.227272727272727,-0.0155969293257487,0.0155969293257487,0.0142908324811597,2.42958051048826,2.367225248531,0.220931866157016,0.875268163702847,0.195119036376862,0.187463130548498,0.0863174599517029,9090910.68847006,5.85547035103648,0.000277777777777778
39,2,0.0233843102256662,0.240252053410697,0.25,-0.0132306576764059,0.0132306576764059,0.014237823740922,2.0576407457527,2.35174602339208,0.192338248328013,0.841121667934105,0.213558034383206,0.178089974021073,0.0809180751788201,8333335.23102871,5.53898455059617,0.000277777777777778
39,2,0.0262653354886337,0.259685077734507,0.272727272727273,-0.0323741073121466,0.0323741073121466,0.0151446379194833,4.97464174875408,2.48289080966018,0.167721146038079,0.807451641839303,0.231856827951916,0.20884731513162,0.0751348138352073,7692309.90266323,5.49557356583908,0.000277777777777778
39,2,0.0302136672790139,0.278050795530904,0.295454545454545,-0.023782389903233,0.023782389903233,0.0155765255186708,3.63206087918593,2.54034931313647,0.148549537670591,0.774506536630868,0.250035229570466,0.204241130096429,0.070342851084914,7142859.67617022,5.36246551679243,0.000277777777777778
39,2,0.033396988365916,0.297181524030778,0.318181818181818,-0.0126034728566906,0.0126034728566906,0.0154278728855718,1.92221201568966,2.50944244826413,0.1326929157218,0.742415855585414,0.268113233519192,0.194029073591608,0.0669632640944497,6666669.53350536,5.13311528338558,0.000277777777777778
39,2,0.0354966977593036,0.317395864224167,0.340909090909091,-0.0512910602258607,0.0512910602258607,0.0172210322525862,7.59731546347685,2.76383609902476,0.120508497025597,0.711320487657423,0.286110591749145,0.234327619912027,0.0632266972681035,6250003.2062969,5.28712779464128,0.000277777777777778
39,2,0.0363447573923103,0.338861854177938,0.363636363636364,-0.0780887712584879,0.0780887712584879,0.0202644192028813,10.8675821312494,3.16902340063599,0.112786739259072,0.681393800237506,0.304046499183819,0.272611238916426,0.0612095059101693,5882356.48041417,5.61538981444176,0.000277777777777778
39,2,0.0403190169626322,0.357201644194393,0.386363636363636,-0.00867561899635039,0.00867561899635039,0.0196849791925547,1.20710606412147,3.07092753381027,0.110421321042221,0.652845176277742,0.321939390856649,0.258980676970605,0.0586219924105506,5555559.40129239,5.37048516164619,0.000277777777777778
39,2,0.0426437358508001,0.377190974893002,0.409090909090909,-0.0530313537071176,0.0530313537071176,0.0213522979182829,7.18905505394717,3.27683390981711,0.112269577923095,0.625816396360009,0.339806846426169,0.296031643122074,0.0560547596731079,5263162.00686292,5.46619936650413,0.000277777777777778
39,2,0.0447012123263004,0.397447548004278,0.431818181818182,-0.0164947468509897,0.0164947468509897,0.0211094203649182,2.23160792853574,3.22457261075304,0.118834395390502,0.600467296311534,0.357665591224052,0.281230060965971,0.0540175829044475,5000004.32727337,5.30446979460571,0.000277777777777778
39,2,0.0462033182400103,0.418259491677345,0.454545454545455,-0.0582729540735309,0.0582729540735309,0.0229675970503489,7.6533185594916,3.44600990818997,0.113172109461488,0.576102536969031,0.375531577409845,0.317168557917672,0.0520154414205687,4761909.30388413,5.41631973579076,0.000277777777777778
39,2,0.0474184071376247,0.439358452366508,0.477272727272727,-0.066944427314128,0.066944427314128,0.0251664385635378,8.47481023093492,3.69744992432722,0.106560866264154,0.552625453433787,0.393420124308986,0.351310130021789,0.0506450895625706,4545459.30753977,5.55534203102458,0.000277777777777778
39,2,0.0513452533245766,0.457745655766333,0.5,-0.0626840681034135,0.0626840681034135,0.0270423200405316,7.70045261118411,3.89760005867006,0.101889452141966,0.530088653369196,0.411346093820251,0.383744623520699,0.0496033444168968,4347831.0687145,5.64860770842282,0.000277777777777778
39,2,0.0537791356686619,0.477625823009024,0.522727272727273,-0.0141349003447755,0.0141349003447755,0.0263969490557438,1.73466131637446,3.78945312155528,0.0979883234552134,0.508483636873497,0.429324075050789,0.364557392344664,0.0480330216291848,4166671.86607213,5.48552660875414,0.000277777777777778
39,2,0.0547526723674409,0.498966335897022,0.545454545454545,0.02710425082343,0.02710425082343,0.0264323141441281,3.30967133308619,3.76546403213183,0.0951061414954538,0.487814762104595,0.447368552152906,0.365243896048022,0.0481880487436623,4000005.41201197,5.39849239772742,0.000277777777777778
39,2,0.0564629458251721,0.519570112026068,0.568181818181818,-0.0301543349459639,0.0301543349459639,0.0266184151842199,3.65920944794255,3.76015130292237,0.0936166283831238,0.468104855418521,0.465494030700333,0.377904279773037,0.0468564716497891,3846159.46085239,5.33159689965877,0.000277777777777778
39,2,0.0570395235188802,0.541307583919136,0.590909090909091,-0.0178890832740151,0.0178890832740151,0.0261819485887097,2.16681051159176,3.68048426335583,0.0934287164082537,0.449371048468008,0.48371510077838,0.359009065784385,0.0458325223127927,3703709.50687072,5.21438258898963,0.000277777777777778
39,2,0.0577181656928688,0.562942991331925,0.613636363636364,-0.0284626910732499,0.0284626910732499,0.0262959857129367,3.42892371023799,3.66790623569994,0.0946499207459128,0.431634992081903,0.502046419123358,0.365321175775678,0.0446071601808106,3571434.54466995,5.15061620046278,0.000277777777777778
39,2,0.0569321099619896,0.586043096649581,0.636363636363636,-0.0282174191305522,0.0282174191305522,0.0263920573838174,3.38157491274556,3.65358966955222,0.0975033656263054,0.414928410759123,0.520502597915875,0.370352042697729,0.0435553567124453,3448281.98299362,5.08961477674839,0.000277777777777778
39,2,0.061714506979059,0.603574749219288,0.659090909090909,0.048550802029371,0.048550802029371,0.0274999946160951,5.72504479945519,3.75716242604737,0.0986842307875208,0.399116201760543,0.53909799393737,0.401834440562843,0.0440460306956359,3333339.58800487,5.11079577750529,0.000277777777777778
39,2,0.0637724369183885,0.623830868866735,0.681818181818182,-0.0602078796987455,0.0602078796987455,0.0291353888702276,6.93049568312168,3.91582908890109,0.0924559959263094,0.383783191468831,0.557846398423063,0.431742718534701,0.042855434100307,3225812.85342266,5.16949577446065,0.000277777777777778
39,2,0.0685376205388706,0.663693784419807,0.727272727272727,-0.0458704192716857,0.0458704192716857,0.0300922121329094,5.17969571295568,3.96509181372495,0.0872041062919909,0.354933893422056,0.595852077653736,0.474667702213369,0.040601347900964,3030309.73357073,5.12292781473853,0.000277777777777778
39,2,0.0701506779084951,0.684394776636959,0.75,-0.00526911403442032,0.00526911403442032,0.028851057227985,0.595181543192735,3.79659630019834,0.0880860811629093,0.341591502809099,0.615130113960974,0.4509343171027,0.0400803569600944,2941183.31059898,4.98975880675189,0.000277777777777778
39,2,0.0692964186097733,0.707563085522458,0.772727272727273,-0.0293314672254774,0.0293314672254774,0.0288750777278596,3.29677920374695,3.77160544537577,0.092009221486641,0.329112388742976,0.634601569620148,0.456070543080154,0.039388766915522,2857149.8122526,4.94138796095175,0.000277777777777778
39,2,0.0698561970918872,0.729317356627121,0.795454545454545,-0.0421157280280631,0.0421157280280631,0.0295371102428697,4.68382633905562,3.81721649005976,0.0985234193788863,0.317582940274771,0.654270132408547,0.483267015926146,0.0383546694363505,2777784.82163089,4.93423347145463,0.000277777777777778
39,2,0.069086451113494,0.752401152192291,0.818181818181818,-0.010115017901922,0.010115017901922,0.0285660056258224,1.12477458044045,3.6825943945788,0.108382570008163,0.307122921761441,0.674135801946058,0.459103665129839,0.03799757484083,2702709.80554832,4.83127512304885,0.000277777777777778
39,2,0.0674459353275144,0.776355717565048,0.840909090909091,-0.0674042287596945,0.0674042287596945,0.030507916782516,7.29664077307757,3.86329671350374,0.121966545397201,0.297865102943229,0.694194399970754,0.486148481873347,0.03726746477358,2631586.07905941,4.89615316647065,0.000277777777777778
39,2,0.0677342548088041,0.798381447670535,0.863636363636364,-0.0217274570929602,0.0217274570929602,0.0300688937980382,2.34672832192247,3.78746829392467,0.13722405516399,0.289833050554267,0.714437173221951,0.461841057779679,0.0365690126435693,2564109.69978486,4.83078329866173,0.000277777777777778
39,2,0.0679834016867865,0.820446350379329,0.886363636363636,-0.020559714820068,0.020559714820068,0.0295934348491397,2.21625154061831,3.70890745625935,0.159264569311205,0.283304626492114,0.734850519053275,0.438749004890695,0.0359580574757337,2500007.11426175,4.76542000471064,0.000277777777777778
39,2,0.069124136398769,0.841619665254123,0.909090909090909,0.0247075087159603,0.0247075087159603,0.0293491385424807,2.65528868816751,3.65622651785476,0.184855612085097,0.278382175771763,0.755415860047125,0.426289935417658,0.0360525513545207,2439031.46292921,4.71395338723398,0.000277777777777778
39,2,0.0689358218875448,0.864122029352125,0.931818181818182,-0.0106170470402933,0.0106170470402933,0.0284125339673713,1.14083013822253,3.53045669887315,0.216627879480056,0.275294460957178,0.776109688570473,0.404975438646775,0.0356545117332669,2380959.3951502,4.62887902416228,0.000277777777777778
39,2,0.0691656307142925,0.886206270112154,0.954545454545455,-0.0141259119585699,0.0141259119585699,0.0276982028669313,1.51687844861378,3.42977778636018,0.252335884899407,0.274146532154289,0.796903795613816,0.384726666714436,0.0349468409174348,2325588.33858792,4.55650691775417,0.000277777777777778
39,2,0.0688621244767922,0.908823825936431,0.977272727272727,-0.0305833661810633,0.0305833661810633,0.0278424610326379,3.26817280310722,3.42169753719753,0.289175134461567,0.274897962269653,0.817765690668028,0.398102011256916,0.0348582018786205,2272734.13675892,4.52722659696674,0.000277777777777778
39,2,0.0672995558039575,0.932700444196042,1,0.175716935671616,0.175716935671616,0.0352361847645868,16.1514416493471,4.05818474280501,0.42406004110622,0.282356066211481,0.838659211147638,0.42819691069407,0.0364964157302872,2222228.98612331,4.78554248701964,0.000277777777777778
39,3,0.0181818181818182,0,0,0,0,0,0,0,0,0,0,0,0.731672934159208,100000000,0,0.000128222349872275
39,3,0.0153749964244894,0.0251208713441056,0.0227272727272727,-0.12702793526854,0.12702793526854,0.006351396763427,24.852036173463,1.24260180867315,5.56663287709476,0.278331643854738,0.043863253528897,0.05,0.436604767230508,50000000.0898209,12.4260180867315,0.000128222349872275
39,3,-0.00391108668693407,0.066721004042306,0.0454545454545454,-0.109507579379464,0.109507579379464,0.0115092058942288,17.7430376605304,2.06762360126601,2.72960409086859,0.400895266205431,0.0874791454303287,0.0975,0.300560908617974,33333333.5153318,14.1983579446645,0.000128222349872275
39,3,-0.0262674747439324,0.111391441686081,0.0681818181818182,-0.0507458322323537,0.0507458322323537,0.0134710372111351,7.96127633820854,2.36230623811314,0.919164245450156,0.426808715167667,0.130826827662619,0.142625,0.229594391875711,25000000.408485,12.6390875430505,0.000128222349872275
39,3,-0.0509267897789913,0.158364806307917,0.0909090909090909,-0.0774308749576931,0.0774308749576931,0.016669029098463,11.3447917312656,2.81143051277076,0.504729016736533,0.43070473024611,0.173889507447509,0.18549375,0.184752278962242,20000000.7230403,12.3802283806935,0.000128222349872275
39,3,-0.0758869584872184,0.205639024602921,0.113636363636364,-0.0407103518192464,0.0407103518192464,0.0178710952345022,5.86415875201953,2.9640669247332,0.246621079735585,0.421500547720584,0.216653808832411,0.2262190625,0.159059330768307,16666667.9450008,11.2942167759145,0.000128222349872275
39,3,-0.104251422569341,0.25631753827182,0.136363636363636,-0.0791268307129958,0.0791268307129958,0.0209338820084268,10.727402838495,3.35223372042129,0.171385122049556,0.408994776437033,0.2591091737055,0.264908109375,0.137097435940617,14285716.2149738,11.2132433562831,0.000128222349872275
39,3,-0.132461285253116,0.306841450542372,0.159090909090909,-0.101032183890303,0.101032183890303,0.0249387971025206,12.5740780358397,3.81332593619221,0.126137364020325,0.394851905816197,0.301247354280244,0.30166270390625,0.121872296449324,12500002.6790852,11.3833476912277,0.000128222349872275
39,3,-0.158531918194954,0.355226133070988,0.181818181818182,-0.0517398348266678,0.0517398348266678,0.026278848988728,6.31288221304003,3.9383037500346,0.110485307302955,0.380633575890535,0.343062040401313,0.336579568710937,0.110080249736147,11111114.4981844,10.8199626380957,0.000128222349872275
39,3,-0.184391464162015,0.403399728624825,0.204545454545455,-0.0270755202554893,0.0270755202554893,0.026318682552066,3.2872852991169,3.90575282748871,0.118646813929028,0.36753423779246,0.384548653967467,0.338551851123774,0.103053410788367,10000003.8912036,10.0666949041979,0.000128222349872275
39,3,-0.204074403415236,0.445396717464823,0.227272727272727,-0.0505857908122187,0.0505857908122187,0.0275320379650737,6.03195749940983,4.01206306108477,0.10489900117417,0.354402475961545,0.425704329923782,0.371624258567585,0.0955909181173907,9090913.49500135,9.69990059467168,0.000128222349872275
39,3,-0.229569565018544,0.493205928654908,0.25,-0.069036457806829,0.069036457806829,0.0296072589571614,7.9702785594932,4.20997383600519,0.0957309248316316,0.34146889840505,0.466528089338635,0.403043045639206,0.0887109696534391,8333338.24091334,9.55576542507347,0.000128222349872275
39,3,-0.249086323621651,0.535036736844791,0.272727272727273,-0.0691147833600789,0.0691147833600789,0.0315826351773073,7.74046104497687,4.38649819645377,0.093338454254946,0.329062376197544,0.507021195797179,0.432890893357245,0.0824130046108907,7692313.04651215,9.4161266266045,0.000128222349872275
39,3,-0.2667239045029,0.574988367312817,0.295454545454545,-0.0165420562981482,0.0165420562981482,0.0308306062333494,1.85036698800069,4.25969163603112,0.0959360461742978,0.317406059696382,0.547187672477582,0.411246348689383,0.0795772908284476,7142862.85916205,8.87571522384709,0.000128222349872275
39,3,-0.295980764452576,0.626559276849271,0.318181818181818,-0.0477983855820447,0.0477983855820447,0.0316789952007841,5.27439170191605,4.31042663932537,0.0917937859727672,0.306125446010201,0.587034944574539,0.440684031254914,0.0770172025428212,6666672.72815015,8.63562698905169,0.000128222349872275
39,3,-0.317641025814482,0.670533587797953,0.340909090909091,-0.0810591273983277,0.0810591273983277,0.0341480018106613,8.6109121928298,4.52545091700059,0.0872262976074429,0.295180488590063,0.626574560886016,0.468649829692168,0.0729351445877503,6250006.3991678,8.63408231428782,0.000128222349872275
39,3,-0.336451202207815,0.711657813778063,0.363636363636364,-0.10213819110769,0.10213819110769,0.0375475112755127,10.267439880487,4.81255036517491,0.0930742175335525,0.285075175037238,0.665822939984018,0.49521733820756,0.0690553850218678,5882359.59592934,8.73016217112307,0.000128222349872275
39,3,-0.356673789221226,0.754194450378251,0.386363636363636,-0.0888331946780543,0.0888331946780543,0.0401117954456398,8.59785407758306,5.00181555079532,0.109389723169038,0.276290902443828,0.704802080929248,0.520456471297182,0.0653934020386804,5555562.34846807,8.72281172148196,0.000128222349872275
39,3,-0.376852290810524,0.796687001554325,0.409090909090909,-0.0547692783818938,0.0547692783818938,0.0408446695924525,5.2305273881009,5.0132511426606,0.136072573254162,0.269279985984345,0.743540176300831,0.544433647732323,0.0634861789601463,5263164.71691815,8.53900728288295,0.000128222349872275
39,3,-0.391186499023996,0.833335259354575,0.431818181818182,-0.0984138250542324,0.0984138250542324,0.0437231273655415,9.01328364918778,5.21325276798696,0.174839589229499,0.264557966146602,0.782072066573301,0.567211965345707,0.0604882602165434,5000006.76704866,8.56272110119819,0.000128222349872275
39,3,-0.408759908404968,0.873222718322323,0.454545454545455,-0.081759751833625,0.081759751833625,0.0456249585889457,7.28997081408789,5.317088670292,0.231478304725195,0.262903983075532,0.820439479591438,0.588851367078421,0.0585390824159342,4761911.41243012,8.50211394466913,0.000128222349872275
39,3,-0.429195218836075,0.915972078340207,0.477272727272727,-0.0872277757267792,0.0872277757267792,0.0477050994458374,7.55601195207392,5.4290348343811,0.318198385841689,0.26566870321384,0.858691006905207,0.6094087987245,0.0572750919287188,4545461.036533,8.45910930864208,0.000128222349872275
39,3,-0.446650882931743,0.978055841609429,0.522727272727273,-0.264131513510811,0.264131513510811,0.0619980622185839,17.9162710732775,6.26758685143198,13.2464926070489,0.943068614182302,0.935072820537484,0.647491440848861,0.0576269442767735,4166672.6682657,8.91479075723756,0.000128222349872275
39,3,-0.436042878779364,0.989761887043827,0.545454545454545,-0.348286689077115,0.348286689077115,0.0763124935615105,18.9322863659634,6.90082182715856,14.1670013906948,1.60426525300793,0.973330062382719,0.665116868806418,0.0606961185450355,4000005.76435854,9.3154905815866,0.000128222349872275
39,3,-0.417156929330975,0.993189987182215,0.568181818181818,-0.351857815810544,0.351857815810544,0.0900897596739622,16.3717758728237,7.37436952944181,14.1670013906948,2.23240205989227,1.01172304303508,0.681861025366097,0.0647695321546301,3846159.39152116,9.5868861697111,0.000128222349872275
39,3,-0.396280588170843,0.99462769560886,0.590909090909091,-0.37243476215321,0.37243476215321,0.104207009797925,15.2028082343263,7.76579146468604,14.1670013906948,2.8291320264324,1.05032329977664,0.697767974097793,0.0691967722514116,3703709.04630136,9.79488328321537,0.000128222349872275
39,3,-0.375642443856169,0.996303600880963,0.613636363636364,-0.303342982707151,0.303342982707151,0.114163808443386,11.5350617867561,7.95425498078954,14.1670013906948,3.39602549464552,1.08920250564558,0.712879575392903,0.0744912554255364,3571433.72574011,9.85703251548468,0.000128222349872275
39,3,-0.353311490559683,0.996286697171253,0.636363636363636,-0.358611379467048,0.358611379467048,0.126386186994569,12.5273194235857,8.18290820292935,14.1670013906948,3.93457428944798,1.12843040387884,0.727235596623258,0.0794652404312016,3448280.84107965,9.94911137438472,0.000128222349872275
39,3,-0.331866788106229,0.997156044304576,0.659090909090909,-0.302530239267469,0.302530239267469,0.135193389608214,10.0278279519199,8.27515419037888,14.1670013906948,4.44619564451032,1.16807261029643,0.740873816792095,0.0850164389292522,3333338.14872988,9.95173526030256,0.000128222349872275
39,3,-0.309515647231265,0.997118953016389,0.681818181818182,-0.337082382930445,0.337082382930445,0.145287839274326,10.539553201549,8.38837414093738,14.1670013906948,4.93223593181954,1.20818836391679,0.75383012595249,0.0899295900404827,3225811.11395106,9.97069712937502,0.000128222349872275
39,3,-0.287398128439088,0.997315483810989,0.704545454545455,-0.33970672598962,0.33970672598962,0.15500878361009,10.0733362132642,8.47262224455372,14.1670013906948,5.39397420476331,1.24882831335309,0.766138619654866,0.0948386348903746,3125004.51884592,9.97390460074656,0.000128222349872275
39,3,-0.26555164137868,0.997783046337358,0.727272727272727,-0.294053246948417,0.294053246948417,0.161961006777007,8.4097809207917,8.46948017836562,14.1670013906948,5.83262556405988,1.29003243010985,0.777831688672122,0.099972208240322,3030307.41435321,9.9265069134752,0.000128222349872275
39,3,-0.243140634548936,0.99768608909439,0.75,-0.32321760196544,0.32321760196544,0.170023836536428,8.87665055943446,8.48983869741906,14.1670013906948,6.24934435539163,1.3318281395086,0.788940104238516,0.104673051396821,2941180.72777184,9.89562878541518,0.000128222349872275
39,3,-0.220814113331981,0.997673617464213,0.772727272727273,-0.342094414354537,0.342094414354537,0.178627365427334,9.01014800458753,8.51585416277749,14.1670013906948,6.64522720715678,1.37422875552867,0.79949309902659,0.109081289319877,2857146.9947094,9.87032933453439,0.000128222349872275
39,3,-0.19855449915434,0.997728052873349,0.795454545454545,-0.350235003288386,0.350235003288386,0.187207747320386,8.85956363835161,8.53303963655619,14.1670013906948,7.02131591633368,1.41723229744481,0.809518444075261,0.113181350031294,2777781.80237266,9.84225250964042,0.000128222349872275
39,3,-0.17639306724798,0.997880670553766,0.818181818181818,-0.339172754733239,0.339172754733239,0.194805997691029,8.28423586865659,8.52059944816121,14.1670013906948,7.37860019005174,1.46082075405083,0.819042521871498,0.117154986746114,2702706.62043249,9.80014395177599,0.000128222349872275
39,3,-0.154328108341939,0.998129761234501,0.840909090909091,-0.306495565828162,0.306495565828162,0.200390476097886,7.28821000154508,8.4589799758304,14.1670013906948,7.71802025008389,1.50495984591992,0.828090395777923,0.120995945263729,2631582.7638576,9.73404042676992,0.000128222349872275
39,3,-0.132133508137614,0.998249210616952,0.863636363636364,-0.292264779036154,0.292264779036154,0.204984191244799,6.79106098108001,8.37558402609288,14.1670013906948,8.04046930711444,1.54959931816609,0.836685875989027,0.124665133089871,2564106.28454296,9.65857941534197,0.000128222349872275
39,3,-0.109749275109049,0.998179027175165,0.886363636363636,-0.310891481882809,0.310891481882809,0.210279555776699,7.04580365941723,8.3090950077591,14.1670013906948,8.34679591129345,1.59467377626116,0.844851582189576,0.128010531486544,2500003.62919405,9.59326002144385,0.000128222349872275
39,3,-0.0874213303445858,0.998165131997478,0.909090909090909,-0.320695885931006,0.320695885931006,0.215800372284415,7.08669254696621,8.24797488471946,14.1670013906948,8.63780618526352,1.64010405644988,0.852609003080097,0.131032969467725,2439027.93264265,9.53212422938342,0.000128222349872275
39,3,-0.0652889531493916,0.998346804389061,0.931818181818182,-0.293353344385134,0.293353344385134,0.219678020889451,6.35347281951439,8.1532497814592,14.1670013906948,8.91426594553508,1.68579910107524,0.859978552926092,0.133710977951056,2380955.84068893,9.45644205295797,0.000128222349872275
39,3,-0.043136199366952,0.998508100193398,0.954545454545455,-0.267167526760549,0.267167526760549,0.222052496183006,5.69459207705863,8.03031689623917,14.1670013906948,9.17690271779307,1.73165828858116,0.866979625279787,0.135953601726821,2325584.77626794,9.36895716979752,0.000128222349872275
39,3,-0.0208171556615427,0.998503106074766,0.977272727272727,-0.270822588169454,0.270822588169454,0.224491000782328,5.681412167173,7.91287165978586,14.1670013906948,9.42640765143816,1.77757414898939,0.873630644015798,0.137382331755135,2272730.57841155,9.28514932882878,0.000128222349872275
39,3,0,1,1,0.0015851678165193,0.0015851678165193,0.213345709134038,0.0332708330185156,7.5188916184475,14.1670013906948,9.66343733840099,1.82343537907983,0.829949111815008,0.134711453006941,2222225.45601544,9.07955202892188,0.000128222349872275
41,2,0.0181818181818182,0,0,0,0,0,0,0,0,0,0,0,0.731615322803183,100000000,0,0.000277777777777778
41,2,0.00812745408145336,0.0323684136871417,0.0227272727272727,0.14182463627359,0.14182463627359,0.00709123181367948,25.8486541083495,1.29243270541748,15.0027227741718,0.750136138708588,0.020080950592879,0.05,0.384632932815678,50000000.0333273,12.9243270541748,0.000277777777777778
41,2,0.00758749671633901,0.0552224206390329,0.0454545454545454,-0.00976518447086061,0.00976518447086061,0.00722492944653853,1.77785576623446,1.31670385845833,3.94304851807238,0.909781757676777,0.0399515188446359,0.0475,0.258685383391836,33333333.4400885,9.20883662486133,0.000277777777777778
41,2,0.00876562767141795,0.0763583392707308,0.0681818181818182,-0.0390880214503686,0.0390880214503686,0.00881808404673004,6.94606673520785,1.5981720022958,2.43716328907168,0.986150834246522,0.0595985088167775,0.095125,0.197100705614024,25000000.1826446,8.64314415244796,0.000277777777777778
41,2,0.00994749545877141,0.0974905210701542,0.0909090909090909,0.010255698850401,0.010255698850401,0.00888996478691358,1.82035890255094,1.60928134730856,1.18620460760656,0.996153522914524,0.079014754139474,0.09036875,0.164262603504947,20000000.3147207,7.27858710246856,0.000277777777777778
41,2,0.0102808217803452,0.119471244335357,0.113636363636364,-0.019892355285736,0.019892355285736,0.0094400843118547,3.51076813382166,1.70435568663421,0.844471256189799,0.988569409578288,0.0981988669150855,0.0858503125,0.13970029005419,16666667.1262961,6.65061727436074,0.000277777777777778
41,2,0.013946743816765,0.138119371885714,0.136363636363636,0.0178089064029989,0.0178089064029989,0.00985852541641191,3.12920260472523,1.77559803253877,0.672146553436941,0.97274826677122,0.117154819572113,0.081557796875,0.125282871911313,14285714.892221,6.14755803584138,0.000277777777777778
41,2,0.0158452817929251,0.158534883496331,0.159090909090909,-0.0346383155189529,0.0346383155189529,0.011097514921539,5.9794921607803,1.98579273895084,0.507733831422488,0.949497545003784,0.135891388585085,0.126055952381458,0.110080474838824,12500000.7768854,6.12654980145875,0.000277777777777778
41,2,0.0178514098536533,0.17884280502238,0.181818181818182,-0.0307592910823491,0.0307592910823491,0.0120806037295795,5.23910944169715,2.14845857408816,0.371641963625341,0.920604765934862,0.154421493113986,0.153057450362185,0.0981491146705504,11111112.1006494,6.02794531704079,0.000277777777777778
41,2,0.0196696122267222,0.199338652236088,0.204545454545455,-0.0207498084335853,0.0207498084335853,0.0125140639647798,3.51410124973927,2.21674070787071,0.26030401800688,0.887589728538463,0.172761464088902,0.145404577844076,0.0895795274586653,10000001.2747507,5.77656091031064,0.000277777777777778
41,2,0.0231068682557878,0.218215445793799,0.227272727272727,0.015182753861112,0.015182753861112,0.0126474984595964,2.56410384455333,2.23410886470484,0.22549410720862,0.85448494747197,0.190930280006,0.138134348951872,0.0851820292751672,9090910.65292839,5.48451935887816,0.000277777777777778
41,2,0.0274677202878629,0.236168643348501,0.25,-0.103533419929803,0.103533419929803,0.0171917945331067,15.3075643280011,2.88778163786965,0.197823850256264,0.821651892611185,0.2089488047257,0.181227631504278,0.0824703872380961,8333335.18643454,6.3031064396384,0.000277777777777778
41,2,0.0332897378585205,0.25266067536462,0.272727272727273,-0.063865663536812,0.063865663536812,0.0195254879832919,9.05202892922644,3.19599400243749,0.176041945976026,0.789371395279427,0.226839059968136,0.222166249929064,0.079027620101778,7692309.83982145,6.51456201576056,0.000277777777777778
41,2,0.0354642478429628,0.272800214966955,0.295454545454545,0.0136706532734938,0.0136706532734938,0.019232746247802,1.93495332881139,3.13294196875619,0.153646002276477,0.757585125629279,0.244623561154612,0.211057937432611,0.0759043361162989,7142859.60186759,6.1874471095499,0.000277777777777778
41,2,0.0371036982417197,0.293474814154975,0.318181818181818,0.0190804173773129,0.0190804173773129,0.0192251298042776,2.69219649538611,3.11090469508768,0.135435043491092,0.72647762152237,0.262324739981538,0.200505040560981,0.0743785487111223,6666669.45398398,5.95443040193898,0.000277777777777778
41,2,0.0406041907624599,0.312288371221011,0.340909090909091,-0.0432409371188189,0.0432409371188189,0.0204259201700047,5.99359053228876,3.25503898694774,0.123134522489342,0.696310466570719,0.279964470924148,0.240479788532932,0.0698975634210498,6250003.12068494,5.95687791008584,0.000277777777777778
41,2,0.0408322143708857,0.334374397199362,0.363636363636364,0.00368369704617688,0.00368369704617688,0.0195888090138133,0.510783045243413,3.11782618986252,0.113979665949834,0.667193926539674,0.297563712079235,0.228455799106285,0.0681308019542158,5882356.39437963,5.63651938862453,0.000277777777777778
41,2,0.0445300944427167,0.352990566714308,0.386363636363636,0.0314781061354799,0.0314781061354799,0.0201832738698966,4.32589877223299,3.17822981898105,0.110625997629011,0.639365530094141,0.315142263721011,0.253167285274907,0.0676008789647055,5555559.31910668,5.56370713215833,0.000277777777777778
41,2,0.049034516028603,0.370800194715199,0.409090909090909,-0.0289365429779331,0.0289365429779331,0.0206209373252984,3.94749217761162,3.21669293691257,0.111169596417215,0.612955733410295,0.332718641020262,0.266637042971528,0.0646613068719056,5263161.93364134,5.47864318718219,0.000277777777777778
41,2,0.0522039917493661,0.389944768581212,0.431818181818182,-0.0435839561959002,0.0435839561959002,0.0217690882688285,5.84611424791195,3.34816400246254,0.115862713711996,0.58810108242538,0.35031005091231,0.303305190822952,0.061643151463813,5000004.26850449,5.49701674021867,0.000277777777777778
41,2,0.0550371810251641,0.409425628892191,0.454545454545455,-0.0414963758288396,0.0414963758288396,0.0227554526468291,5.48448833739129,3.45498021920898,0.116345530343115,0.564513304821267,0.367932457414544,0.338139931281804,0.0589548749433261,4761909.23643701,5.49642014960785,0.000277777777777778
41,2,0.0571388224811852,0.429638037022947,0.477272727272727,-0.0357382889773952,0.0357382889773952,0.0234045944633574,4.67391377594083,3.51592689704557,0.109450389462641,0.541760159053335,0.385600715068271,0.371232934717714,0.0562889948907435,4545459.23189712,5.45903349625935,0.000277777777777778
41,2,0.0633797164207169,0.468025242256969,0.522727272727273,-0.0332962934310435,0.0332962934310435,0.0229301333984927,4.31774835114055,3.40767825132841,0.0997243850163867,0.498861055268563,0.421129740877432,0.378330217405743,0.0527254999962665,4166671.78133254,5.20039461355961,0.000277777777777778
41,2,0.0676824390436279,0.486036569220835,0.545454545454545,0.038767640256232,0.038767640256232,0.0237220087413797,4.96732850091235,3.48566076380761,0.0966947303115006,0.478752739020709,0.43901634025836,0.409413706535455,0.0527034821656074,4000005.32375224,5.19107196905372,0.000277777777777778
41,2,0.0708777575526015,0.505155300298638,0.568181818181818,-0.0426989850236779,0.0426989850236779,0.0246708575554946,5.39358635805788,3.58105704352012,0.0945205488993433,0.459541129514641,0.457000800774693,0.438943021208683,0.0506811259507154,3846159.37205831,5.19886098401541,0.000277777777777778
41,2,0.0748429733232162,0.5235041341148,0.590909090909091,-0.0434234434215726,0.0434234434215726,0.0256084868487985,5.40702587043194,3.67235548486571,0.0934768977116453,0.441237917924491,0.475095094715582,0.466995870148249,0.0492118873198586,3703709.42116098,5.20657079462343,0.000277777777777778
41,2,0.0762151980795506,0.544445958945243,0.613636363636364,-0.00914693540376721,0.00914693540376721,0.0247854092765469,1.13879424921839,3.54567742308335,0.0935185690669009,0.423851950481612,0.49331094229884,0.443646076640836,0.0481164975773255,3571434.46658607,5.06129306085897,0.000277777777777778
41,2,0.0783888178225322,0.564586388789038,0.636363636363636,-0.0209587651008856,0.0209587651008856,0.0245940770677639,2.60182227582662,3.49848466572051,0.0947984635906047,0.407399276137061,0.511659757565203,0.421463772808794,0.046875761286581,3448281.91769325,4.97648372344406,0.000277777777777778
41,2,0.0824153818589785,0.582873874339369,0.659090909090909,-0.00909745226118197,0.00909745226118197,0.0238192458274348,1.12920272550136,3.38002056870955,0.0970147311822852,0.391880048889323,0.53015250140035,0.400390584168354,0.0458492198353637,3333339.53069391,4.84824102351264,0.000277777777777778
41,2,0.0838384205198265,0.603764885265297,0.681818181818182,-0.0932517400353126,0.0932517400353126,0.0272908705378287,10.8742482928607,3.75473195491711,0.0985458389117832,0.377213338390446,0.5487994407744,0.430371054959937,0.0455971700852494,3225812.77639933,5.04262835478193,0.000277777777777778
41,2,0.0863217773247165,0.645909627633961,0.727272727272727,-0.0864599853964476,0.0864599853964476,0.0300517421289562,9.58294703287535,3.99551786033151,0.0884096097446134,0.349252038093532,0.586591455520713,0.441518711648069,0.0438022482411876,3030309.64192021,5.10889005158087,0.000277777777777778
41,2,0.0874021514728616,0.667143303072593,0.75,-0.017675878001286,0.017675878001286,0.0294329489225727,1.95636320743938,3.8935601276869,0.0871801426165024,0.336148443319681,0.605750274345296,0.419442776065666,0.0428264128798468,2941183.22511379,5.01616867381201,0.000277777777777778
41,2,0.0880783768573133,0.688781127274918,0.772727272727273,-0.00743170399314197,0.00743170399314197,0.0283328866761011,0.822672797968533,3.74001576120098,0.0885902066154056,0.323770531484467,0.625089816112444,0.398470637262382,0.0423193219571608,2857149.74119424,4.89635450593076,0.000277777777777778
41,2,0.089727818838292,0.709445734880716,0.795454545454545,0.00526889324361024,0.00526889324361024,0.0271796870044766,0.583447062199309,3.5821873262509,0.0924584738552825,0.312204928603008,0.644610729401746,0.378547105399263,0.0420848664348804,2777784.77104069,4.77655152138267,0.000277777777777778
41,2,0.0896722690443797,0.731815334261405,0.818181818181818,-0.0122972238496502,0.0122972238496502,0.0264355638467353,1.36114285835929,3.47113510285632,0.0994228013699944,0.301565822241357,0.664310290325503,0.3596197501293,0.0416531679062641,2702709.77879783,4.68424317913879,0.000277777777777778
41,2,0.0899603031714911,0.753841349721071,0.840909090909091,-0.0169438776675457,0.0169438776675457,0.0259609795377758,1.87311086456441,3.39123389094172,0.109100906598377,0.291942576459208,0.684181975254627,0.341638762622835,0.0410671809705855,2631586.07845648,4.61026601296578,0.000277777777777778
41,2,0.089903361878496,0.776212340600843,0.863636363636364,-0.00610200769888891,0.00610200769888891,0.0249680309458314,0.6747482958313,3.2554096111862,0.121795606534136,0.283435227962954,0.704215118346011,0.324556824491693,0.040655563637142,2564109.72286726,4.50935530227003,0.000277777777777778
41,2,0.0903452147257938,0.798084537340322,0.886363636363636,-0.0284591042756812,0.0284591042756812,0.0251425846123239,3.1330368125035,3.24929097125207,0.137022811986311,0.276114607164122,0.724394682566169,0.33257742529735,0.0398020585112135,2500007.16224695,4.47494734002586,0.000277777777777778
41,2,0.0895317304706327,0.82121207118226,0.909090909090909,-0.0252419390248977,0.0252419390248977,0.0251475523329526,2.76956899351365,3.22530487236515,0.160135721839101,0.270315662897871,0.744701169262123,0.327530991138378,0.0389817477332455,2439031.53011173,4.43335274620849,0.000277777777777778
41,2,0.0921583664499623,0.840899484789707,0.931818181818182,0.0192812035857224,0.0192812035857224,0.0248542348955911,2.11188475888877,3.16963386669133,0.183935376219806,0.265996648563968,0.765110686244735,0.31115444158146,0.0386488722661736,2380959.4802684,4.37807969889136,0.000277777777777778
41,2,0.0917154435753607,0.863656457251086,0.954545454545455,0.0188802427605275,0.0188802427605275,0.0245555352888379,2.06458768471771,3.11438155759265,0.215923550929015,0.26349299368222,0.78559518802919,0.295596719502387,0.0383804481315775,2325588.43726841,4.32427755902685,0.000277777777777778
41,2,0.0902258234399971,0.887460126973226,0.977272727272727,-0.00628879630107759,0.00628879630107759,0.0236421983394499,0.687872219855961,2.99305609070581,0.254498304187493,0.263043259207484,0.806122894591923,0.280816883527267,0.0377874392010495,2272734.24390548,4.2416319831366,0.000277777777777778
41,2,0.0893457683306912,0.910654231669309,1,0.169343751638212,0.169343751638212,0.030927276004388,15.9888497573065,3.64284577403585,0.291693384625531,0.264475765478386,0.826658887074381,0.316776039350904,0.0394817274900326,2222229.11466885,4.50268126700705,0.000277777777777778
41,3,0.0181818181818182,0,0,0,0,0,0,0,0,0,0,0,0.731617360104457,100000000,0,0.000125255188940235
41,3,0.00407230071792471,0.0364235670506703,0.0227272727272727,-0.0517743344926131,0.0517743344926131,0.00258871672463066,14.5450844848063,0.727254224240315,6.32431418068153,0.316215709034076,0.0440818330069,0.05,0.369740351667176,50000000.07906,7.27254224240315,0.000125255188940235
41,3,-0.0163636015340286,0.0791735188894005,0.0454545454545454,-0.101978341510472,0.101978341510472,0.00755819796392272,21.2374270181553,1.75276286393606,2.11181855509583,0.405995851337164,0.0878695789137029,0.0975,0.24791648257911,33333333.5438818,11.9275038343205,0.000125255188940235
41,3,-0.0421966656887636,0.127320632630912,0.0681818181818182,-0.072611189016655,0.072611189016655,0.0108108475165593,13.6476539697483,2.34750741922667,0.763247911427581,0.423858454341685,0.131346730207359,0.142625,0.188539568267879,25000000.4854589,12.3575413681775,0.000125255188940235
41,3,-0.064908325018625,0.172346341547551,0.0909090909090909,-0.0453248556592687,0.0453248556592687,0.0125365479236948,8.22961988383653,2.64161304245717,0.410991034382613,0.423215083343731,0.174501684773431,0.18549375,0.156621529644147,20000000.8749958,11.5319570713093,0.000125255188940235
41,3,-0.0889695091455509,0.218721575261253,0.113636363636364,-0.0962326165417347,0.0962326165417347,0.0167213513545968,15.299469409346,3.27450586080161,0.224130995474023,0.413260878950246,0.217326992928581,0.2262190625,0.132575948398922,16666668.1394426,12.1598757943154,0.000125255188940235
41,3,-0.113982850642786,0.266048966345265,0.136363636363636,-0.0626442699818446,0.0626442699818446,0.0190174972859592,9.50378387719144,3.5859697616211,0.160476757104905,0.400621672857979,0.259818629916637,0.264908109375,0.114560935184219,14285716.4382982,11.7804340918691,0.000125255188940235
41,3,-0.13408508232377,0.308465247613027,0.159090909090909,-0.103395210939236,0.103395210939236,0.023236382968623,14.0579323163138,4.10956788935573,0.125190931021687,0.386850135766164,0.301975348861167,0.30166270390625,0.103896276526856,12500002.8819858,12.0651213699247,0.000125255188940235
41,3,-0.155300613938707,0.35199482881474,0.181818181818182,-0.0582880515271538,0.0582880515271538,0.0249889663965496,7.69091435305535,4.28863521254071,0.110692292998205,0.373042243627766,0.343798160665524,0.336579568710937,0.092502892803288,11111114.6766599,11.5790983680503,0.000125255188940235
41,3,-0.176530282430701,0.395538546893511,0.204545454545455,-0.0220650177900921,0.0220650177900921,0.0248427689662267,2.90058304202681,4.21923260401502,0.118011905847364,0.360290726738746,0.385289976380075,0.319750590275391,0.0867090235951253,10000004.056366,10.711246835448,0.000125255188940235
41,3,-0.197023549510349,0.438345863559936,0.227272727272727,-0.110176411593711,0.110176411593711,0.0291094510976009,13.1734086248061,4.66694140505457,0.106797135934648,0.347616047198541,0.426455434722459,0.353763060761621,0.0810215612771264,9090913.62974612,10.9350797253896,0.000125255188940235
41,3,-0.218271444040582,0.481907807676945,0.25,-0.0384966882549262,0.0384966882549262,0.0295788129554672,4.55714718408433,4.66145169400606,0.0972892808758367,0.335099708882406,0.467300923436881,0.38607490772354,0.0760804644462481,8333338.350486,10.4035853469475,0.000125255188940235
41,3,-0.242212521640609,0.52816293486375,0.272727272727273,-0.102076617855427,0.102076617855427,0.0332037032004652,11.2925162336891,4.99300492099021,0.0933707457133423,0.323013260723953,0.507834788765298,0.416771162337363,0.0710969886410856,7692313.14737112,10.4719646459276,0.000125255188940235
41,3,-0.262609448641761,0.570873911451678,0.295454545454545,-0.0473402295228782,0.0473402295228782,0.0339105295165858,5.16928677248461,5.00181901356493,0.0954568977422535,0.311635442574868,0.548067713248657,0.445932604220495,0.0674749733934246,7142862.95655406,10.0932019406817,0.000125255188940235
41,3,-0.285720274033173,0.616298786429867,0.318181818181818,-0.0772010827758387,0.0772010827758387,0.0360750571795485,8.14927285076043,5.15919170542471,0.0944578606447557,0.300776563478362,0.588013229133607,0.47363597400947,0.063651308328451,6666672.79856589,9.96360666802029,0.000125255188940235
41,3,-0.307661044989738,0.660553606973209,0.340909090909091,-0.0706418450919775,0.0706418450919775,0.0378033965751699,7.26126953540059,5.2642955969235,0.0872832833791002,0.290101899473399,0.627688323527763,0.499954175308996,0.0605522167075045,6250006.46471474,9.79471059723156,0.000125255188940235
41,3,-0.328887443125228,0.704094054695476,0.363636363636364,-0.111520775669903,0.111520775669903,0.0414892655299065,10.7817492816652,5.54016828116059,0.0912609283036648,0.280159850914912,0.667114082733864,0.524956466543547,0.057561073505578,5882359.6701781,9.85277169631589,0.000125255188940235
41,3,-0.351894130378836,0.749414791535861,0.386363636363636,-0.0903001815571183,0.0903001815571183,0.0439298113312671,8.41926700345305,5.68412321727521,0.107017136863828,0.271502715212358,0.70631631739031,0.548708643216369,0.0546549190246605,5555562.42985142,9.7731325467124,0.000125255188940235
41,3,-0.377670557739902,0.797505268483704,0.409090909090909,-0.0764642649682785,0.0764642649682785,0.0455565340131177,6.9580165356372,5.74781788319331,0.136708863763336,0.264763022639907,0.74532610749948,0.571273211055551,0.0529704945900403,5263164.7922179,9.6249685461295,0.000125255188940235
41,3,-0.401511993778162,0.84366075410874,0.431818181818182,-0.0735144333985014,0.0735144333985014,0.0469544289823869,6.54788703695497,5.78782134088139,0.187908968741513,0.260920319944987,0.784180207321954,0.592709550502773,0.0518329847154348,5000006.8186933,9.47111447067077,0.000125255188940235
41,3,-0.417347013118585,0.881809823035941,0.454545454545455,-0.0793358964335513,0.0793358964335513,0.0485735023549451,6.89960471556099,5.84341050961537,0.245482960338224,0.260148451964649,0.822921254469653,0.613074072977635,0.0505759022471658,4761911.44987945,9.34866162518935,0.000125255188940235
41,3,-0.438163335796223,0.924940195300356,0.477272727272727,-0.106929825351078,0.106929825351078,0.0514913185047517,8.92571016861113,5.99752549256516,0.374816483652048,0.265881853549019,0.861597735186557,0.632420369328753,0.049405160260913,4545461.05070185,9.32943655898125,0.000125255188940235
41,3,-0.450280751507654,0.98168571018534,0.522727272727273,-0.345025798223058,0.345025798223058,0.0667028019423553,21.1465684883957,6.71566864701995,14.1670013906948,1.00399761138553,0.938977984568989,0.668259383319199,0.0521505648275672,4166672.66829066,9.64850585341606,0.000125255188940235
41,3,-0.436614274695834,0.990333282960296,0.545454545454545,-0.362698140788056,0.362698140788056,0.0815025688846403,18.1920035902422,7.28948539418106,14.1670013906948,1.66214780035099,0.977803589305026,0.684846414153239,0.0556029305614087,4000005.7643825,9.9902457628891,0.000125255188940235
41,3,-0.417538201728171,0.993571259579411,0.568181818181818,-0.352512834370731,0.352512834370731,0.0950530821589449,15.4385213625871,7.69693719260136,14.1670013906948,2.28739047986818,1.01680612012006,0.700604093445578,0.0600130446559213,3846159.39154419,10.1997948244159,0.000125255188940235
41,3,-0.396932930950791,0.995280038388808,0.590909090909091,-0.331326708934771,0.331326708934771,0.106866763497736,13.1939135262354,7.97178600928306,14.1670013906948,2.88137102540951,1.05605241857869,0.715573888773299,0.0652021091369747,3703709.04632354,10.3106881096685,0.000125255188940235
41,3,-0.375646970265619,0.996308127290412,0.613636363636364,-0.307060934065896,0.307060934065896,0.116876472026144,11.4096809267828,8.14368075515805,14.1670013906948,3.44565254367377,1.09560875851511,0.729795194334634,0.0710204095085476,3571433.72576151,10.3499378531369,0.000125255188940235
41,3,-0.353472837364259,0.996448043975829,0.636363636363636,-0.343612318446429,0.343612318446429,0.128213264347158,11.8443504041397,8.32871423760713,14.1670013906948,3.98171998602482,1.13553888490473,0.743305434617902,0.07631329233823,3448280.8411003,10.4014693204128,0.000125255188940235
41,3,-0.33180146949941,0.997090725697757,0.659090909090909,-0.31153153126058,0.31153153126058,0.137379177692829,10.1727969258961,8.42091837202158,14.1670013906948,4.49098405625832,1.17590193132315,0.756140162887007,0.0820660897609515,3333338.14874984,10.3938469072623,0.000125255188940235
41,3,-0.309610917407665,0.997214223192788,0.681818181818182,-0.326132123466027,0.326132123466027,0.146816824981489,10.0971512593859,8.5047300163898,14.1670013906948,4.97478492298015,1.21675029426122,0.768333154742657,0.0873913832601545,3225811.11397038,10.3842760799114,0.000125255188940235
41,3,-0.28732977059912,0.997247125971021,0.704545454545455,-0.350424440139731,0.350424440139731,0.156997205739401,10.2666843126581,8.59282773120321,14.1670013906948,5.43439574636588,1.25812754970506,0.779916497005524,0.0924288191137213,3125004.51886464,10.3806013371848,0.000125255188940235
41,3,-0.265175409100571,0.997406814059248,0.727272727272727,-0.354214927201093,0.354214927201093,0.166858091812486,9.86479870160788,8.65642627972345,14.1670013906948,5.87102602858232,1.3000665008669,0.790920672155248,0.0972018965357647,3030307.41437136,10.3649709542885,0.000125255188940235
41,3,-0.24319945084908,0.997744905394534,0.75,-0.322955923749524,0.322955923749524,0.174662983409338,8.65512958914585,8.65636144519457,14.1670013906948,6.28582479668795,1.34258744549486,0.801374638547485,0.10197147055536,2941180.72778946,10.3146815023725,0.000125255188940235
41,3,-0.220938026405948,0.997797530538179,0.772727272727273,-0.329499554177063,0.329499554177063,0.182404811947724,8.50906419338648,8.64899658260416,14.1670013906948,6.67988362638829,1.38569674670757,0.811305906620111,0.106476690295886,2857146.99472652,10.2630924364015,0.000125255188940235
41,3,-0.198565855450597,0.997739409169605,0.795454545454545,-0.354412825688565,0.354412825688565,0.191005212634766,8.79566944496057,8.65633022572198,14.1670013906948,7.05423951460362,1.42938578288285,0.820740611289105,0.110724591490885,2777781.8023893,10.2223306866393,0.000125255188940235
41,3,-0.176395607287267,0.997883210593053,0.818181818181818,-0.344576213635382,0.344576213635382,0.198683762684797,8.2588817115159,8.63645780001168,14.1670013906948,7.40987760840817,1.4736303400542,0.82970358072465,0.114701195645528,2702706.62044868,10.1692644981224,0.000125255188940235
41,3,-0.154376538216882,0.998178191109444,0.840909090909091,-0.303010544811457,0.303010544811457,0.20390010179113,7.08171285060807,8.5587205525415,14.1670013906948,7.74773379752251,1.51839049497701,0.838218401688418,0.118673338568935,2631582.76387336,10.0880131389773,0.000125255188940235
41,3,-0.132116250577362,0.998231953056701,0.863636363636364,-0.299887159995951,0.299887159995951,0.208699454701371,6.84593078390997,8.47308106410992,14.1670013906948,8.06869717718112,1.56361101911965,0.846307481603997,0.122400660449892,2564106.28455832,10.0048828221807,0.000125255188940235
41,3,-0.109709783528954,0.99813953559507,0.886363636363636,-0.323442891834972,0.323442891834972,0.214436626558051,7.19368050380111,8.40911103609448,14.1670013906948,8.3736123878568,1.60922231403684,0.853992107523797,0.12580173264583,2500003.62920902,9.93460276422121,0.000125255188940235
41,3,-0.0876274712063599,0.998371272859252,0.909090909090909,-0.287128008456173,0.287128008456173,0.218071195652957,6.26265010025871,8.30178798930269,14.1670013906948,8.6632818379987,1.65514186771848,0.861292502147607,0.128877582819003,2439027.93265725,9.84504294314896,0.000125255188940235
41,3,-0.0651800339972429,0.998237885236912,0.931818181818182,-0.31714881636809,0.31714881636809,0.223025076688714,6.76088019383462,8.22474259952929,14.1670013906948,8.9384678156335,1.70127620046067,0.868227877040227,0.131606912590631,2380955.84070319,9.77161049673671,0.000125255188940235
41,3,-0.0430549197980828,0.998426820624529,0.954545454545455,-0.28672565076706,0.28672565076706,0.226210105392631,6.0041461302759,8.11371277606662,14.1670013906948,9.19989449438657,1.74752324848078,0.874816483188215,0.133898912577128,2325584.77628187,9.6839950463539,0.000125255188940235
41,3,-0.0211089888579226,0.998794939271146,0.977272727272727,-0.219668542332369,0.219668542332369,0.225883027239618,4.55426752547238,7.93574051353691,14.1670013906948,9.44824983920198,1.79377511478531,0.881075659028805,0.135375197515279,2272730.57842516,9.56741032997023,0.000125255188940235
41,3,0.000308843608411657,0.999691156391588,1,-0.0554730917668422,0.0554730917668422,0.217362530465979,1.14990768538066,7.5964488721291,14.1670013906948,9.68418741677662,1.83992110052357,0.887021876077364,0.132747686771199,2222225.45602875,9.38035471564602,0.000125255188940235
