scenario_name,battery_no,cycle_idx,phase,soh_proxy,qnom_was_clamped,init_soc_offset,i_noise_mult,v_noise_mult,current_bias_frac,rmse_ekf,rmse_gpr,delta_gpr_vs_ekf,res_energy_ekf,res_energy_gpr,late_peak_ekf,late_t_ekf,late_peak_gpr,late_t_gpr,mid_valley_ekf,mid_t_ekf,mid_valley_gpr,mid_t_gpr,rmse_v
baseline,1,1,FIRST,1,1,0,1,1,0,0.0325444313957787,0.0455938290406267,0.013049397644848,0.0010264600286202,0.00201250257105112,0.0688608973343529,0.977272727272727,0.0988608973343529,0.977272727272727,0.00507187810470833,0.272727272727273,-0.0249281218952917,0.272727272727273,0.108984979992922
baseline,1,2,MIDDLE,0.97,1,0,1,1,0,0.0223722244221611,0.0359267464428095,0.0135545220206484,0.000483141998692342,0.00124911306035253,0.0485170277309678,0.954545454545455,0.0777996751031746,0.977272727272727,0.00221105629319396,0.522727272727273,-0.025793933189889,0.318181818181818,0.116295566878834
baseline,1,3,LAST,0.94,1,0,1,1,0,0.0154199402544969,0.0309948116287456,0.0155748713742486,0.000239413094396788,0.00096791732862442,0.00628787154120281,0.931818181818182,0.0362878715412028,0.931818181818182,-0.0293322060679661,0.454545454545455,-0.0486791860800012,0.318181818181818,0.11166646691002
baseline,3,1,FIRST,1,1,0,1,1,0,0.0387387448038715,0.0496626646332469,0.0109239198293754,0.00145847810671758,0.00238140469913082,0.0783833649462995,0.977272727272727,0.106654964925829,0.977272727272727,0.00568983598288933,0.159090909090909,-0.0243101640171107,0.159090909090909,0.108515565131875
baseline,3,2,MIDDLE,0.97,1,0,1,1,0,0.016737749843759,0.0363405986886141,0.0196028488448551,0.000266694077861222,0.00129496211166607,0.0396521667149702,0.954545454545455,0.0696521667149702,0.954545454545455,-0.00399114231932185,0.454545454545455,-0.0285372488403323,0.318181818181818,0.10695902981295
baseline,3,3,LAST,0.94,1,0,1,1,0,0.0118096282412965,0.0306128424624318,0.0188032142211353,0.000138601195185873,0.000940801798518582,0.0186644681407807,0.954545454545455,0.0486644681407807,0.954545454545455,-0.0186854360009892,0.454545454545455,-0.0426356108378514,0.363636363636364,0.110524630074412
baseline,5,1,FIRST,1,1,0,1,1,0,0.0335990421876083,0.0495775830881634,0.0159785409005551,0.00108783182084892,0.00238609881305483,0.072881259754216,0.977272727272727,0.102881259754216,0.977272727272727,0.00177031211865011,0.159090909090909,-0.0282296878813499,0.159090909090909,0.109480810064681
baseline,5,2,MIDDLE,0.97,1,0,1,1,0,0.0220203149314986,0.0377986366416053,0.0157783217101067,0.000474026305591037,0.00140185754123221,0.0431178095454823,0.931818181818182,0.0731178095454823,0.931818181818182,0.000161188460042927,0.318181818181818,-0.029838811539957,0.318181818181818,0.107243139118476
baseline,5,3,LAST,0.94,1,0,1,1,0,0.0127188426516526,0.031270414159615,0.0185515715079624,0.000161438207874234,0.00098262505607101,0.0112981387465864,0.977272727272727,0.0412981387465864,0.977272727272727,-0.0222855289898861,0.431818181818182,-0.0459508200445852,0.340909090909091,0.11076320739915
baseline,7,1,FIRST,1,1,0,1,1,0,0.0419050201148515,0.04978301286206,0.00787799274720846,0.00171534138864051,0.00239514771498479,0.0826388603417983,0.977272727272727,0.106416125947507,0.977272727272727,0.00682478600162162,0.159090909090909,-0.0231752139983784,0.159090909090909,0.119349814008494
baseline,7,2,MIDDLE,0.97,1,0,1,1,0,0.0218219335848803,0.0388845853780037,0.0170626517931235,0.000460051264250008,0.00147836439701435,0.0450494030657085,0.977272727272727,0.0750494030657085,0.977272727272727,-0.00436967035673391,0.431818181818182,-0.0330403418343875,0.318181818181818,0.112822709068365
baseline,7,3,LAST,0.94,1,0,1,1,0,0.0142030983633402,0.0316087628282554,0.0174056644649151,0.00020254883583949,0.00100728260647719,0.0133966157708837,0.886363636363636,0.0426853869684759,0.886363636363636,-0.0276040687875401,0.477272727272727,-0.0474747067609047,0.340909090909091,0.109694996294788
baseline,11,1,FIRST,1,1,0,1,1,0,0.0354986151822426,0.048003757455995,0.0125051422737524,0.00123809948842548,0.00225199450704564,0.0661220411782062,0.954545454545455,0.0961220411782062,0.954545454545455,0.00443562383350607,0.227272727272727,-0.025564376166494,0.227272727272727,0.114292020586986
baseline,11,2,MIDDLE,0.97,1,0,1,1,0,0.0208008217317452,0.0372682137254813,0.0164673919937361,0.000424061666018777,0.00136729890230016,0.0413414076911457,0.931818181818182,0.0713414076911457,0.931818181818182,-0.00194992023043677,0.340909090909091,-0.0319499202304368,0.340909090909091,0.111758714390294
baseline,11,3,LAST,0.94,1,0,1,1,0,0.0121222334284074,0.0310161108133485,0.0188938773849411,0.00014640755972876,0.000967501124679173,0.0126765643719056,0.886363636363636,0.0423381732306605,0.909090909090909,-0.0213844401768105,0.431818181818182,-0.0463821334548427,0.363636363636364,0.110774956066668
baseline,13,1,FIRST,1,1,0,1,1,0,0.0450054581293862,0.0531609789082676,0.00815552077888133,0.00198761414911465,0.00274447187673392,0.0861333588327262,0.977272727272727,0.109767677177243,0.977272727272727,0.00514004565646545,0.181818181818182,-0.0248599543435346,0.181818181818182,0.118791228941642
baseline,13,2,MIDDLE,0.97,1,0,1,1,0,0.0257441580292292,0.0422707779836398,0.0165266199544107,0.000649684573650676,0.00175747785409979,0.0520995457385733,0.954545454545455,0.0817024216451958,0.954545454545455,-0.002512697522601,0.204545454545455,-0.032512697522601,0.204545454545455,0.107587124483425
baseline,13,3,LAST,0.94,1,0,1,1,0,0.0158893828888797,0.034380903806764,0.0184915209178843,0.000248082030095089,0.00117241026834892,0.031528473541898,0.931818181818182,0.0590813349092263,0.977272727272727,-0.0126056742834763,0.431818181818182,-0.0409625566388302,0.363636363636364,0.116081871524354
baseline,17,1,FIRST,1,1,0,1,1,0,0.035009032162116,0.0500535336466571,0.0150445014845411,0.00120168536052464,0.00245593260271483,0.0669301718328785,0.977272727272727,0.0969301718328786,0.977272727272727,0.00313704837051945,0.204545454545455,-0.0268629516294805,0.204545454545455,0.109469355831221
baseline,17,2,MIDDLE,0.97,1,0,1,1,0,0.0253216259130462,0.0383324401568897,0.0130108142438436,0.000635646781331122,0.00144656789117948,0.0441907031751553,0.954545454545455,0.0741907031751553,0.954545454545455,0.00470335531753452,0.295454545454545,-0.0252966446824655,0.295454545454545,0.111324004172838
baseline,17,3,LAST,0.94,1,0,1,1,0,0.00982931677945338,0.0298886870890291,0.0200593703095757,9.49290044639863e-05,0.000897259488185198,0.0137585519622831,0.863636363636364,0.043155522547248,0.886363636363636,-0.0143981700772793,0.431818181818182,-0.0425271403636339,0.363636363636364,0.10910513163872
baseline,20,1,FIRST,1,1,0,1,1,0,0.0465066124756834,0.0531094212470402,0.00660280877135674,0.00213519600817919,0.00274948490819936,0.081702675342862,0.931818181818182,0.105167860523294,0.977272727272727,0.00692408952586987,0.227272727272727,-0.0230759104741301,0.227272727272727,0.11456712176924
baseline,20,2,MIDDLE,0.97,1,0,1,1,0,0.0247599283858616,0.0420047300243088,0.0172448016384472,0.000602504960945593,0.00174066976692857,0.0479966345107066,0.954545454545455,0.0779966345107066,0.954545454545455,-0.00346063681162689,0.159090909090909,-0.0334606368116269,0.159090909090909,0.108346334030628
baseline,20,3,LAST,0.94,1,0,1,1,0,0.0121002218846808,0.0337630603995501,0.0216628385148693,0.000145696691663349,0.00114813576298833,0.0114533054566321,0.886363636363636,0.0414533054566322,0.886363636363636,-0.0196851785070664,0.409090909090909,-0.0489880890410411,0.295454545454545,0.107883882423268
baseline,22,1,FIRST,1,1,0,1,1,0,0.0495176251696485,0.0582682983004331,0.00875067313078462,0.00242729446282744,0.00332569797452439,0.0839756532011894,0.954545454545455,0.113114214135544,0.977272727272727,0.00639777141825093,0.159090909090909,-0.0236022285817491,0.159090909090909,0.120484813406341
baseline,22,2,MIDDLE,0.97,1,0,1,1,0,0.0380873830747968,0.0462789518624434,0.00819156878764662,0.00143791359384721,0.00209306038272009,0.0663716717518793,0.909090909090909,0.0906804734470196,0.977272727272727,0.0094569022253545,0.159090909090909,-0.0205430977746455,0.159090909090909,0.111653426785923
baseline,22,3,LAST,0.94,1,0,1,1,0,0.0286553212724512,0.0353636184112327,0.00670829713878154,0.000822280825657181,0.0012278316415945,0.0483455110164946,0.795454545454545,0.0658936913132614,0.977272727272727,0.00169829473405037,0.340909090909091,-0.0283017052659496,0.340909090909091,0.112207840915809
baseline,24,1,FIRST,1,1,0,1,1,0,0.0408928153170631,0.0541672833286251,0.0132744680115621,0.00165696918418404,0.00289229231932932,0.0711905972256468,0.954545454545455,0.101190597225647,0.954545454545455,0.00554358846963038,0.159090909090909,-0.0244564115303696,0.159090909090909,0.112632908464927
baseline,24,2,MIDDLE,0.97,1,0,1,1,0,0.0363814606954305,0.0439578310342898,0.00757637033885934,0.0013190720082628,0.00189582517224881,0.0623642909197768,0.840909090909091,0.0830481440031228,0.977272727272727,0.0029855316372735,0.25,-0.0270144683627265,0.25,0.11070641531523
baseline,24,3,LAST,0.94,1,0,1,1,0,0.0207642344645651,0.0325275814392435,0.0117633469746784,0.00043211494365262,0.00104860817896645,0.0366513929684751,0.795454545454545,0.0566916266989829,0.931818181818182,0.000308565543308187,0.227272727272727,-0.0296914344566918,0.227272727272727,0.118646407602267
baseline,26,1,FIRST,1,1,0,1,1,0,0.0488105178797628,0.0559493545095015,0.00713883662973875,0.00237476862353499,0.00308065409869939,0.0735452242852402,0.954545454545455,0.10354522428524,0.954545454545455,0.0084492409713062,0.159090909090909,-0.0215507590286938,0.159090909090909,0.101647172835441
baseline,26,2,MIDDLE,0.97,1,0,1,1,0,0.0281218915771514,0.0437384478462493,0.0156165562690979,0.000783005529219901,0.00189045842380781,0.0484599038633903,0.931818181818182,0.0784599038633903,0.931818181818182,0.00079374286563566,0.295454545454545,-0.0292062571343643,0.295454545454545,0.114421062932622
baseline,26,3,LAST,0.94,1,0,1,1,0,0.0107372606963213,0.0334100711722523,0.022672810475931,0.000113916473651753,0.00112427537642589,0.0168504607027736,0.840909090909091,0.0468504607027737,0.840909090909091,-0.0150886867868933,0.340909090909091,-0.0434081184753864,0.295454545454545,0.107947926114428
baseline,28,1,FIRST,1,1,0,1,1,0,0.0564485047401224,0.0570092813184595,0.000560776578337113,0.0031712107288875,0.00317945517457937,0.086609752637188,0.977272727272727,0.10899527230928,0.977272727272727,0.011791153599975,0.159090909090909,-0.018208846400025,0.159090909090909,0.115068673150857
baseline,28,2,MIDDLE,0.97,1,0,1,1,0,0.0333116380001855,0.0450023285208473,0.0116906905206618,0.0011008518988629,0.00199178332268097,0.0573096274266437,0.818181818181818,0.0838697585805736,0.977272727272727,0.00219937941427512,0.204545454545455,-0.0278006205857249,0.204545454545455,0.110813763130623
baseline,28,3,LAST,0.94,1,0,1,1,0,0.0211348721637927,0.0340361476554418,0.0129012754916491,0.000449819189465649,0.00115599874159742,0.0370623281347804,0.795454545454545,0.0570306720585247,0.954545454545455,-0.00398699054701229,0.295454545454545,-0.0339869905470123,0.295454545454545,0.113393785852869
baseline,30,1,FIRST,1,1,0,1,1,0,0.0442286103029369,0.0559584381201388,0.0117298278172019,0.00194306566107749,0.00308780725446022,0.0700737472627755,0.909090909090909,0.0991308173697485,0.977272727272727,0.00423647718368392,0.159090909090909,-0.0257635228163161,0.159090909090909,0.107534402469147
baseline,30,2,MIDDLE,0.97,1,0,1,1,0,0.0232100565951242,0.0407995306855556,0.0175894740904314,0.000538215435982893,0.00166030700906876,0.0383980618663982,0.818181818181818,0.0677374109109747,0.818181818181818,0.00308504060921461,0.159090909090909,-0.0269149593907854,0.159090909090909,0.112854993914908
baseline,30,3,LAST,0.94,1,0,1,1,0,0.0217937101354316,0.0334012596402431,0.0116075495048115,0.000477590492002537,0.00110916559352131,0.0387107546511952,0.795454545454545,0.0564168348732021,0.977272727272727,-0.00261534756536114,0.159090909090909,-0.0326153475653611,0.159090909090909,0.10985002581844
baseline,32,1,FIRST,1,1,0,1,1,0,0.0549308459678799,0.0583797296056362,0.00344888363775626,0.00300163466499564,0.00334152617373589,0.0858017132241877,0.886363636363636,0.108721453779522,0.977272727272727,0.0112731540997122,0.159090909090909,-0.0187268459002878,0.159090909090909,0.111182729906659
baseline,32,2,MIDDLE,0.97,1,0,1,1,0,0.030425624923418,0.0443416021959362,0.0139159772725182,0.000925392602929075,0.00195243183835561,0.0501535695916033,0.840909090909091,0.0772579896759066,0.909090909090909,0.00424222973465294,0.272727272727273,-0.0257577702653471,0.272727272727273,0.112787402805979
baseline,32,3,LAST,0.94,1,0,1,1,0,0.0203870146963886,0.0328294488796549,0.0124424341832663,0.000417819695861635,0.00107281718224278,0.0345046673147401,0.75,0.0557462730004373,0.954545454545455,0.00139199117262326,0.227272727272727,-0.0286080088273768,0.227272727272727,0.114894724335017
baseline,34,1,FIRST,1,1,0,1,1,0,0.0437707470024934,0.0556830370778155,0.0119122900753221,0.00190562504139284,0.00306180109887075,0.0702319829130291,0.886363636363636,0.0974293371903948,0.954545454545455,0.00788036998424169,0.159090909090909,-0.0221196300157583,0.159090909090909,0.114376903356727
baseline,34,2,MIDDLE,0.97,1,0,1,1,0,0.0415600555274176,0.0442871088870514,0.0027270533596338,0.00172341316886294,0.00192049147292258,0.0618669367210358,0.863636363636364,0.0840534924755213,0.977272727272727,0.0108646544339884,0.181818181818182,-0.0191353455660116,0.181818181818182,0.114121584431569
baseline,34,3,LAST,0.94,1,0,1,1,0,0.0157573187480572,0.0315839660480824,0.0158266473000252,0.000249896448616822,0.00100254837047208,0.026758425873611,0.704545454545455,0.0515427709166402,0.931818181818182,-9.49406858976598e-05,0.272727272727273,-0.0300949406858977,0.272727272727273,0.105514556677261
baseline,36,1,FIRST,1,1,0,1,1,0,0.0533369117289104,0.0605864406882311,0.00724952895932068,0.00283678285218987,0.00361810950495496,0.076790406941582,0.840909090909091,0.106518828054125,0.977272727272727,0.00798424548651627,0.159090909090909,-0.0220157545134837,0.159090909090909,0.108687359960647
baseline,36,2,MIDDLE,0.97,1,0,1,1,0,0.0429758990603965,0.0480154399195588,0.00503954085916229,0.00185052269477204,0.00227163597011392,0.0633459182707959,0.863636363636364,0.0878963505385444,0.977272727272727,0.010973293179722,0.159090909090909,-0.019026706820278,0.159090909090909,0.110484804615219
baseline,36,3,LAST,0.94,1,0,1,1,0,0.0229730280858413,0.0356123314428043,0.012639303356963,0.000530338862665706,0.00126220332335022,0.0388678871436982,0.818181818181818,0.0602602760813213,0.954545454545455,0.00326983532518521,0.272727272727273,-0.0267301646748148,0.272727272727273,0.104796940045216
baseline,38,1,FIRST,1,1,0,1,1,0,0.0487558435257245,0.0587190962411327,0.00996325271540822,0.00237594054010634,0.00341496695571302,0.0730523561512797,0.886363636363636,0.100291878734863,0.931818181818182,0.00858240696093543,0.159090909090909,-0.0214175930390646,0.159090909090909,0.109722386087103
baseline,38,2,MIDDLE,0.97,1,0,1,1,0,0.0398792098768539,0.0466522199779869,0.00677301010113296,0.00160139426131126,0.00216101523556845,0.0598624710634142,0.772727272727273,0.0806376206283562,0.931818181818182,0.0058899477760499,0.159090909090909,-0.0241100522239501,0.159090909090909,0.105932145019472
baseline,38,3,LAST,0.94,1,0,1,1,0,0.0217439980665133,0.032015276159101,0.0102712780925878,0.000479218661176968,0.00102888120493508,0.0331955912065302,0.772727272727273,0.0538983917034418,0.931818181818182,0.00762509691570673,0.25,-0.0223749030842932,0.25,0.108535622788971
baseline,40,1,FIRST,1,1,0,1,1,0,0.0606114771110112,0.0632531933096615,0.00264171619865033,0.00365531432200463,0.00393154247489522,0.0936791482176512,0.977272727272727,0.114883080136723,0.977272727272727,0.0132621228299699,0.159090909090909,-0.0167378771700301,0.159090909090909,0.115070033428393
baseline,40,2,MIDDLE,0.97,1,0,1,1,0,0.0415989125329956,0.0490645672505852,0.00746565471758961,0.00173483671460397,0.00238112576527309,0.061166442024667,0.909090909090909,0.0871615945452195,0.954545454545455,0.0109248231880172,0.159090909090909,-0.0190751768119828,0.159090909090909,0.102718752224927
baseline,40,3,LAST,0.94,1,0,1,1,0,0.029405866277956,0.0353692482366658,0.00596338195870979,0.000875781183255492,0.00124657016057603,0.0428930687712555,0.795454545454545,0.0603692431233285,0.931818181818182,0.00740066184516625,0.159090909090909,-0.0225993381548338,0.159090909090909,0.106918434295909
baseline,43,1,FIRST,1,1,0,1,1,0,0.0519375070954474,0.0568075496139465,0.00487004251849914,0.00270615495996304,0.00319283048642466,0.0732834751746165,0.818181818181818,0.0982142611230262,0.954545454545455,0.0151471261758301,0.159090909090909,-0.0148528738241699,0.159090909090909,0.106744515082589
baseline,43,2,MIDDLE,0.97,1,0,1,1,0,0.0467018129511208,0.0454684961312232,-0.00123331681989752,0.0021965936518349,0.00203571993237637,0.06933378936334,0.795454545454545,0.0804198320164655,0.977272727272727,0.00934027825465097,0.159090909090909,-0.020659721745349,0.159090909090909,0.109770169743567
baseline,43,3,LAST,0.94,1,0,1,1,0,0.0190457067961489,0.0279163598852987,0.00887065308914983,0.00036722607424822,0.000782928446743617,0.0256459580090347,0.704545454545455,0.0459190993952959,0.863636363636364,0.00799803516288322,0.159090909090909,-0.0220019648371168,0.159090909090909,0.117354233355886
baseline,45,1,FIRST,1,1,0,1,1,0,0.0522192688576344,0.0557881984355757,0.00356892957794132,0.00273397278122099,0.00307225729325333,0.0689126157537796,0.977272727272727,0.0986267620685002,0.977272727272727,0.015041136331482,0.159090909090909,-0.014958863668518,0.159090909090909,0.108929658159351
baseline,45,2,MIDDLE,0.97,1,0,1,1,0,0.0303347431425875,0.0409182967976017,0.0105835536550141,0.000929587345847287,0.00167278485227148,0.041048379900796,0.727272727272727,0.0675131676376495,0.886363636363636,0.00805965394518335,0.159090909090909,-0.0219403460548167,0.159090909090909,0.102601111143405
baseline,45,3,LAST,0.94,1,0,1,1,0,0.0254682617593663,0.0283876514204912,0.00291938966112486,0.000658729033947346,0.000803272937998011,0.0356533613537268,0.704545454545455,0.047051024853704,0.954545454545455,0.00918929835975665,0.159090909090909,-0.0208107016402433,0.159090909090909,0.105294039710115
baseline,47,1,FIRST,1,1,0,1,1,0,0.0517195890863003,0.0562377279231557,0.0045181388368554,0.00268476610114885,0.00312945462070984,0.0704139317926554,0.840909090909091,0.0948814705432628,0.954545454545455,0.0116205594878737,0.159090909090909,-0.0183794405121263,0.159090909090909,0.113471933990718
baseline,47,2,MIDDLE,0.97,1,0,1,1,0,0.0454719025540337,0.043631441400134,-0.00184046115389967,0.00208837046314301,0.00188004550280355,0.061465567497066,0.75,0.076740292988062,0.977272727272727,0.0170806368587859,0.159090909090909,-0.0129193631412141,0.159090909090909,0.117023633982519
baseline,47,3,LAST,0.94,1,0,1,1,0,0.0241735397163574,0.0273911635193883,0.00321762380303089,0.00059357609449466,0.000749484286252588,0.0338176110519406,0.704545454545455,0.0444741389024755,0.886363636363636,0.0118344044741686,0.159090909090909,-0.0181655955258314,0.159090909090909,0.107496418204477
baseline,49,1,FIRST,1,1,0,1,1,0,0.0543258042158536,0.0565560391006128,0.00223023488475924,0.00296381341308743,0.00316091286253085,0.0718574649420837,0.931818181818182,0.0989901116951101,0.977272727272727,0.0181878047094291,0.159090909090909,-0.0118121952905709,0.159090909090909,0.109392974092848
baseline,49,2,MIDDLE,0.97,1,0,1,1,0,0.0387304257494248,0.0424885855094112,0.00375815975998633,0.00151369759794042,0.00178951652628149,0.0501777893992039,0.727272727272727,0.0738065344696692,0.977272727272727,0.0184080147004226,0.159090909090909,-0.0115919852995774,0.159090909090909,0.109246543754144
baseline,49,3,LAST,0.94,1,0,1,1,0,0.0211809099259502,0.0282542028719416,0.00707329294599144,0.000454805279195989,0.000798899958697002,0.0325339385366327,0.704545454545455,0.0458048722990969,0.931818181818182,0.0108002167933654,0.159090909090909,-0.0191997832066346,0.159090909090909,0.114212492951456
baseline,51,1,FIRST,1,1,0,1,1,0,0.0574692774564826,0.0584299959083195,0.000960718451836894,0.00331295297378325,0.00336661966657202,0.0754440146436893,0.977272727272727,0.102178092514364,0.977272727272727,0.0187114057624861,0.159090909090909,-0.0112885942375139,0.159090909090909,0.110968339290189
baseline,51,2,MIDDLE,0.97,1,0,1,1,0,0.0475376497744577,0.0451284272470308,-0.00240922252742693,0.0022723695133764,0.00200099448611649,0.0621093061182989,0.75,0.0815024446058795,0.977272727272727,0.020538075664881,0.159090909090909,-0.00946192433511903,0.159090909090909,0.110862321841489
baseline,51,3,LAST,0.94,1,0,1,1,0,0.0192130276667594,0.0285179985712686,0.00930497090450918,0.000373315096829698,0.000812987582371918,0.0267381211800215,0.704545454545455,0.044168817527139,0.863636363636364,0.00787090087555331,0.159090909090909,-0.0221290991244467,0.159090909090909,0.113327544955522
baseline,53,1,FIRST,1,1,0,1,1,0,0.0554343797490727,0.059840587851603,0.00440620810253033,0.00308614721274941,0.00354886636925217,0.0713800720255543,0.704545454545455,0.100140957508319,0.977272727272727,0.0212401611848056,0.159090909090909,-0.00875983881519438,0.159090909090909,0.109953721120864
baseline,53,2,MIDDLE,0.97,1,0,1,1,0,0.0377589724571809,0.0459644348826672,0.00820546242548635,0.00143297505191167,0.00209575437531787,0.0496950573624921,0.704545454545455,0.0753406991331604,0.909090909090909,0.0185049730978334,0.159090909090909,-0.0114950269021666,0.159090909090909,0.107123598302921
baseline,53,3,LAST,0.94,1,0,1,1,0,0.0279296553011085,0.0316472436646102,0.00371758836350176,0.00079344373128808,0.00100480259841634,0.0407057238572851,0.704545454545455,0.0520189917864446,0.931818181818182,0.0120034983627835,0.159090909090909,-0.0179965016372165,0.159090909090909,0.10832319652619
baseline,55,1,FIRST,1,1,0,1,1,0,0.0524783639820857,0.0547755247627944,0.00229716078070871,0.0027609186641549,0.00295659507357245,0.0669736834297884,0.954545454545455,0.0956371777455107,0.977272727272727,0.0188955230793216,0.159090909090909,-0.0111044769206784,0.159090909090909,0.111822500640004
baseline,55,2,MIDDLE,0.97,1,0,1,1,0,0.0311344140883719,0.0391975375654304,0.00806312347705851,0.00098146657451135,0.00153534941660324,0.0408157227677887,0.704545454545455,0.0620640070424239,0.863636363636364,0.0122766758119319,0.159090909090909,-0.0177233241880681,0.159090909090909,0.109806826469734
baseline,55,3,LAST,0.94,1,0,1,1,0,0.0184835114114795,0.0251829755011554,0.00669946408967593,0.000345481257778917,0.000631831641884824,0.0228218696308115,0.704545454545455,0.0388493555364762,0.863636363636364,0.0103094411339156,0.181818181818182,-0.0196905588660844,0.181818181818182,0.106286596895335
baseline,57,1,FIRST,1,1,0,1,1,0,0.0592833865332043,0.0623286138536251,0.00304522732042072,0.00352555414031972,0.00384247984176103,0.0760896418683473,0.977272727272727,0.106089641868347,0.977272727272727,0.0197420353756822,0.159090909090909,-0.0102579646243178,0.159090909090909,0.117717389228564
baseline,57,2,MIDDLE,0.97,1,0,1,1,0,0.0451526900824291,0.0482286134145914,0.00307592333216231,0.002054314816662,0.00230459639295709,0.0542983566835266,0.704545454545455,0.0826449135696561,0.954545454545455,0.0225148842589566,0.159090909090909,-0.00748511574104344,0.159090909090909,0.116824776598854
baseline,57,3,LAST,0.94,1,0,1,1,0,0.0225683449383284,0.0310430077190623,0.00847466278073385,0.000516898252727877,0.000968130244718413,0.0278149758902632,0.727272727272727,0.0488069503570462,0.840909090909091,0.00931144102678505,0.159090909090909,-0.0206885589732149,0.159090909090909,0.108782399094816
baseline,59,1,FIRST,1,1,0,1,1,0,0.0590926329524102,0.061074462445191,0.00198182949278079,0.00350016605629185,0.00368100047551346,0.0766070104670044,0.977272727272727,0.106461737558657,0.977272727272727,0.0206308347523033,0.159090909090909,-0.00936916524769671,0.159090909090909,0.113182162639464
baseline,59,2,MIDDLE,0.97,1,0,1,1,0,0.043747631365588,0.0465574030487184,0.00280977168313046,0.00192665766485182,0.0021427373092991,0.0515995860006859,0.727272727272727,0.0798857642254818,0.954545454545455,0.0206362453214301,0.159090909090909,-0.00936375467856987,0.159090909090909,0.110831171499227
baseline,59,3,LAST,0.94,1,0,1,1,0,0.0324584510964805,0.0320862221171926,-0.000372228979287959,0.00106897086030637,0.00102020603055564,0.0399218497581517,0.704545454545455,0.0555175201326196,0.954545454545455,0.0168886381123485,0.159090909090909,-0.0131113618876515,0.159090909090909,0.112163570877603
baseline,61,1,FIRST,1,1,0,1,1,0,0.0537121992943984,0.0552729347884843,0.00156073549408582,0.00289770301697634,0.00301661665308283,0.0648423748895156,0.704545454545455,0.0931353414390282,0.954545454545455,0.0222642980464716,0.159090909090909,-0.00773570195352843,0.159090909090909,0.10382188994275
baseline,61,2,MIDDLE,0.97,1,0,1,1,0,0.0343933941019147,0.0398510195091926,0.00545762540727782,0.00119761679620811,0.00158324124749151,0.0431436050492084,0.704545454545455,0.0631321742080386,0.954545454545455,0.017062693521399,0.159090909090909,-0.012937306478601,0.159090909090909,0.106674141187822
baseline,61,3,LAST,0.94,1,0,1,1,0,0.017912736746644,0.0241363803172623,0.0062236435706183,0.000324171298333329,0.000578518501255291,0.0166346810380288,0.704545454545455,0.0365400951502056,0.818181818181818,0.0138298093924767,0.159090909090909,-0.0161701906075233,0.159090909090909,0.113255195624521
baseline,63,1,FIRST,1,1,0,1,1,0,0.0609918018797384,0.0596375033704043,-0.0013542985093341,0.00372825351188378,0.0034989646932079,0.0771259557868322,0.977272727272727,0.104812403601175,0.977272727272727,0.0252733864804864,0.159090909090909,-0.00472661351951359,0.159090909090909,0.111945495108754
baseline,63,2,MIDDLE,0.97,1,0,1,1,0,0.0457496846382134,0.0456861224613332,-6.35621768802289e-05,0.00210210190628614,0.00204862901606637,0.0573227293591456,0.75,0.0822045597884834,0.977272727272727,0.0217396412224926,0.159090909090909,-0.00826035877750739,0.159090909090909,0.110030559832024
baseline,63,3,LAST,0.94,1,0,1,1,0,0.0234190338997357,0.0282688787863973,0.00484984488666161,0.000556963708509563,0.00080028281090487,0.0214202099148747,0.75,0.0460694528553891,0.954545454545455,0.014202095824695,0.159090909090909,-0.015797904175305,0.159090909090909,0.111092044716266
baseline,65,1,FIRST,1,1,0,1,1,0,0.0540165833418878,0.0550653197922429,0.00104873645035514,0.00292582975989186,0.00298537458914278,0.0690470034397449,0.977272727272727,0.0981796680375374,0.977272727272727,0.0193925981366899,0.159090909090909,-0.0106074018633101,0.159090909090909,0.107833194626318
baseline,65,2,MIDDLE,0.97,1,0,1,1,0,0.0423784589472251,0.0413897326307569,-0.000988726316468194,0.00181463458991144,0.00169229563007916,0.0474487150385144,0.704545454545455,0.0730573346196106,0.977272727272727,0.0247804793176169,0.159090909090909,-0.00521952068238307,0.159090909090909,0.109392594848993
baseline,65,3,LAST,0.94,1,0,1,1,0,0.0292049716823163,0.025721245501728,-0.00348372618058827,0.000868290498381039,0.000659054878151455,0.0320841062402833,0.704545454545455,0.0473394134567267,0.977272727272727,0.0216400789649576,0.159090909090909,-0.00835992103504238,0.159090909090909,0.116345838506
baseline,67,1,FIRST,1,1,0,1,1,0,0.0591704297537092,0.0549897513669045,-0.00418067838680471,0.00352310032087473,0.00297782158714909,0.0691192666548858,0.704545454545455,0.0974742822359448,0.977272727272727,0.0248614612957637,0.159090909090909,-0.00513853870423633,0.159090909090909,0.111138869675764
baseline,67,2,MIDDLE,0.97,1,0,1,1,0,0.0397250074040351,0.0400307734796551,0.000305766075619995,0.00158687332030637,0.00157070551588452,0.0474122745435022,0.931818181818182,0.0746290410992557,0.977272727272727,0.0279960143746698,0.159090909090909,-0.00200398562533025,0.159090909090909,0.109441976056965
baseline,67,3,LAST,0.94,1,0,1,1,0,0.0201901099994316,0.0225401357251987,0.00235002572576712,0.000412990402628717,0.000502919158137831,0.0175825405973188,0.704545454545455,0.0349566216681098,0.931818181818182,0.0198962975323388,0.159090909090909,-0.0101037024676612,0.159090909090909,0.113118103195071
baseline,69,1,FIRST,1,1,0,1,1,0,0.054352071512774,0.0555128532231815,0.00116078171040754,0.00296300377181319,0.00303597430510709,0.0676535127246138,0.977272727272727,0.0976535127246139,0.977272727272727,0.0312125560835728,0.159090909090909,0.00121255608357276,0.159090909090909,0.121105211437464
baseline,69,2,MIDDLE,0.97,1,0,1,1,0,0.0491341090899148,0.0438238111512111,-0.00531029793870377,0.00243137861808963,0.00188039101743479,0.0549987433804642,0.704545454545455,0.0810053508570352,0.977272727272727,0.0246634748305876,0.159090909090909,-0.00533652516941241,0.159090909090909,0.113721495064913
baseline,69,3,LAST,0.94,1,0,1,1,0,0.023406205160653,0.0253922890785144,0.00198608391786139,0.000556435451407662,0.000643211680087595,0.0223334798858732,0.704545454545455,0.0431561464648381,0.954545454545455,0.0170825225397472,0.159090909090909,-0.0129174774602528,0.159090909090909,0.110474266582173
baseline,71,1,FIRST,1,1,0,1,1,0,0.0549595896653159,0.0534881361456703,-0.00147145351964557,0.00302047847277042,0.00280064658827562,0.0750705063673041,0.977272727272727,0.0996795594554138,0.977272727272727,0.0257857814056981,0.159090909090909,-0.00421421859430191,0.159090909090909,0.120073703565779
baseline,71,2,MIDDLE,0.97,1,0,1,1,0,0.0320215955767046,0.0373440086041078,0.0053224130274032,0.0010331835391513,0.00137861809480653,0.03522506582459,0.954545454545455,0.06522506582459,0.954545454545455,0.0222306186145868,0.159090909090909,-0.00776938138541319,0.159090909090909,0.112661911516297
baseline,71,3,LAST,0.94,1,0,1,1,0,0.0209895141691319,0.021265713139283,0.000276198970151117,0.000446815777133157,0.000448469399496858,0.0175333281114975,0.704545454545455,0.0359761086625162,0.931818181818182,0.019205830982958,0.159090909090909,-0.010794169017042,0.159090909090909,0.11018651994442
baseline,73,1,FIRST,1,1,0,1,1,0,0.0443101928034464,0.0542853793253113,0.00997518652186491,0.00195994944653201,0.00291300840293148,0.0621535084420899,0.977272727272727,0.0921535084420899,0.977272727272727,0.0190614431405966,0.159090909090909,-0.0109385568594034,0.159090909090909,0.110356719285962
baseline,73,2,MIDDLE,0.97,1,0,1,1,0,0.0393576757763755,0.0423763305654814,0.00301865478910587,0.00155200737008738,0.00175998812719537,0.0506030104180661,0.977272727272727,0.0806030104180662,0.977272727272727,0.0268330353168004,0.159090909090909,-0.00316696468319963,0.159090909090909,0.106940233662299
baseline,73,3,LAST,0.94,1,0,1,1,0,0.0239445964663976,0.0236413250566386,-0.000303271409758974,0.000582444266466794,0.000554794183183954,0.0161185242494736,0.704545454545455,0.0389452183496071,0.977272727272727,0.0235353301316661,0.590909090909091,-0.00421403628250022,0.159090909090909,0.106171369359615
baseline,75,1,FIRST,1,1,0,1,1,0,0.0528610246739431,0.0521711990543089,-0.000689825619634224,0.00279036708700917,0.00265803450836693,0.0715252491077422,0.977272727272727,0.098785909193522,0.977272727272727,0.0291562667973548,0.159090909090909,-0.000843733202645247,0.159090909090909,0.117156901992272
baseline,75,2,MIDDLE,0.97,1,0,1,1,0,0.0307886470868646,0.0345473609267389,0.00375871383987428,0.000957797507711663,0.00118071865421503,0.0299698592642977,0.977272727272727,0.0599698592642978,0.977272727272727,0.0244997100516223,0.159090909090909,-0.00550028994837773,0.159090909090909,0.107382324453772
baseline,75,3,LAST,0.94,1,0,1,1,0,0.0224974652473649,0.0207478487164865,-0.00174961653087839,0.000513643623842391,0.00042290824869187,0.0149510790187596,0.704545454545455,0.0376154553882098,0.977272727272727,0.0222173384390968,0.159090909090909,-0.00778266156090321,0.159090909090909,0.0951881453860907
baseline,77,1,FIRST,1,1,0,1,1,0,0.0524025831749338,0.0535400579868952,0.00113747481196144,0.00273515217754398,0.00279625796583984,0.0747887212323672,0.977272727272727,0.102709334468331,0.977272727272727,0.0286518607003312,0.159090909090909,-0.00134813929966876,0.159090909090909,0.114922081825725
baseline,77,2,MIDDLE,0.97,1,0,1,1,0,0.0335602848079987,0.0369811965964208,0.0034209117884221,0.00113547784593288,0.00134929732412482,0.0351193653147021,0.931818181818182,0.0651193653147021,0.931818181818182,0.0262371005890857,0.159090909090909,-0.00376289941091432,0.159090909090909,0.109645419536091
baseline,77,3,LAST,0.94,1,0,1,1,0,0.0262400208167213,0.0240557838828197,-0.00218423693390158,0.000698225751232114,0.000566146201488569,0.0214694475908858,0.977272727272727,0.0514694475908858,0.977272727272727,0.0239018871306705,0.159090909090909,-0.00609811286932949,0.159090909090909,0.104927562782657
baseline,79,1,FIRST,1,1,0,1,1,0,0.0485091196231107,0.0525439217244978,0.00403480210138711,0.00234536083620005,0.00270362992936139,0.0671742862170922,0.977272727272727,0.0971742862170922,0.977272727272727,0.0294857295603669,0.159090909090909,-0.000514270439633091,0.159090909090909,0.113045605867141
baseline,79,2,MIDDLE,0.97,1,0,1,1,0,0.0339473018734766,0.0376251539180858,0.0036778520446092,0.00115883951441601,0.00139223198334423,0.0381001141569349,0.977272727272727,0.068100114156935,0.977272727272727,0.0272253829664384,0.159090909090909,-0.00277461703356163,0.159090909090909,0.113624325873788
baseline,79,3,LAST,0.94,1,0,1,1,0,0.0193958171286837,0.0227907741743736,0.00339495704568984,0.000380353824827801,0.00051149735705556,0.0154297969276511,0.75,0.0448396532798155,0.977272727272727,0.0182348721337668,0.590909090909091,-0.0111287682724533,0.159090909090909,0.111119355465803
baseline,81,1,FIRST,1,1,0,1,1,0,0.0493577825946029,0.0498062573361165,0.000448474741513605,0.00242972796028756,0.0024162422240357,0.069660099604044,0.977272727272727,0.0990177738816813,0.977272727272727,0.027594152585561,0.159090909090909,-0.00240584741443897,0.159090909090909,0.115897392206083
baseline,81,2,MIDDLE,0.97,1,0,1,1,0,0.0286402922657137,0.0325202159894597,0.00387992372374599,0.000825436074224101,0.00103796321663195,0.0302600684948335,0.977272727272727,0.0602600684948336,0.977272727272727,0.023716412448788,0.159090909090909,-0.00628358755121203,0.159090909090909,0.111033375723445
baseline,81,3,LAST,0.94,1,0,1,1,0,0.0171828636964911,0.0172376068316196,5.47431351285085e-05,0.00029810083012927,0.000287741522630771,0.00491734925543152,0.977272727272727,0.0349173492554316,0.977272727272727,0.0117597252630736,0.590909090909091,-0.0107809608453961,0.159090909090909,0.109358361781483
baseline,83,1,FIRST,1,1,0,1,1,0,0.037672220740576,0.0458969005974087,0.00822467985683271,0.00140968885274194,0.00206298152163391,0.0564931597883276,0.977272727272727,0.0864931597883276,0.977272727272727,0.025183747158441,0.159090909090909,-0.00481625284155901,0.159090909090909,0.108741856995446
baseline,83,2,MIDDLE,0.97,1,0,1,1,0,0.027597741505045,0.0318956172466277,0.00429787574158269,0.000765927102202874,0.000997741259138518,0.0314320748910563,0.977272727272727,0.0614320748910563,0.977272727272727,0.0229555717047789,0.159090909090909,-0.00704442829522109,0.159090909090909,0.117344092652376
baseline,83,3,LAST,0.94,1,0,1,1,0,0.0173489027529832,0.019148051233236,0.00179914848025274,0.000303367011804202,0.000354938900116623,0.0112945277204168,0.977272727272727,0.0412945277204169,0.977272727272727,0.0158265556242508,0.590909090909091,-0.00843702873883723,0.159090909090909,0.10441177204631
baseline,84,1,FIRST,1,1,0,1,1,0,0.0346085869072601,0.0346643200530782,5.57331458180751e-05,0.00119958439832974,0.00116355556995002,0.042000342866362,0.977272727272727,0.072000342866362,0.977272727272727,0.0285713840880366,0.159090909090909,-0.00142861591196342,0.159090909090909,0.109140115380515
baseline,84,2,MIDDLE,0.97,1,0,1,1,0,0.0239585946668725,0.0217906676395517,-0.00216792702732081,0.000579726969853071,0.000455968607986931,0.0225931535729254,0.977272727272727,0.0525931535729254,0.977272727272727,0.0206466619706224,0.590909090909091,-0.00352342066424682,0.159090909090909,0.111636718125639
baseline,84,3,LAST,0.94,1,0,1,1,0,0.0207333605176427,0.0146009073319288,-0.00613245318571388,0.000435885487949005,0.000204217456910078,-0.0138915656618378,0.977272727272727,0.0161084343381622,0.977272727272727,-0.0217602027367216,0.590909090909091,-0.0214202699956472,0.159090909090909,0.11312023309423
init_soc_plus5,1,1,FIRST,1,1,0.05,1,1,0,0.0453258168372112,0.0450333472553761,-0.000292469581835111,0.00202071638609792,0.00194758604385259,0.0816538262256911,0.977272727272727,0.103515810884333,0.977272727272727,0.0217769852638925,0.181818181818182,-0.00822301473610748,0.181818181818182,0.118973052723682
init_soc_plus5,1,2,MIDDLE,0.97,1,0.05,1,1,0,0.0176020739175776,0.0336980262873126,0.016095952369735,0.00029335275722459,0.0011169103236673,0.0389552755560812,0.977272727272727,0.0689552755560813,0.977272727272727,-0.00448761576012047,0.5,-0.0273644721181394,0.386363636363636,0.111490573375801
init_soc_plus5,1,3,LAST,0.94,1,0.05,1,1,0,0.0130288007647822,0.0294765683878688,0.0164477676230866,0.000161010570126994,0.000870572378638307,0.0218893682237759,0.954545454545455,0.0507327651260671,0.977272727272727,-0.0164278543107466,0.477272727272727,-0.0410554319507923,0.409090909090909,0.11101765862857
init_soc_plus5,3,1,FIRST,1,1,0.05,1,1,0,0.0433319321115008,0.0488850059938315,0.00555307388233071,0.00183320681044028,0.00230367558915919,0.0814143253780703,0.977272727272727,0.107995325960339,0.977272727272727,0.0157387355289552,0.204545454545455,-0.0142612644710448,0.204545454545455,0.118531238872952
init_soc_plus5,3,2,MIDDLE,0.97,1,0.05,1,1,0,0.0302495145630662,0.0390222591458879,0.00877274458282162,0.00088674860872834,0.00147114384210187,0.0639025122123783,0.954545454545455,0.0864868252335714,0.977272727272727,0.00519012546223302,0.454545454545455,-0.0247391443848066,0.386363636363636,0.106743013955306
init_soc_plus5,3,3,LAST,0.94,1,0.05,1,1,0,0.0121643085607222,0.0290629183951923,0.0168986098344701,0.000139758776500285,0.000851821749379131,0.0154832930661879,0.977272727272727,0.0454832930661879,0.977272727272727,-0.0171183160404313,0.454545454545455,-0.0428702324720566,0.363636363636364,0.119724363251016
init_soc_plus5,5,1,FIRST,1,1,0.05,1,1,0,0.0517795022814398,0.050176461049787,-0.00160304123165281,0.0026369179150392,0.00242738153151933,0.0943681556143104,0.954545454545455,0.11114860894514,0.977272727272727,0.01501098516878,0.159090909090909,-0.01498901483122,0.159090909090909,0.117258486445023
init_soc_plus5,5,2,MIDDLE,0.97,1,0.05,1,1,0,0.0337989798969352,0.0399707114250386,0.00617173152810342,0.00111065837076378,0.00154323144347269,0.0684466684111137,0.977272727272727,0.088432692051957,0.977272727272727,0.00852400048274182,0.386363636363636,-0.0214759995172582,0.386363636363636,0.112837730973752
init_soc_plus5,5,3,LAST,0.94,1,0.05,1,1,0,0.0120463500848203,0.0302734024623914,0.0182270523775711,0.000136157447250822,0.000920750942195857,0.020919167282739,0.886363636363636,0.0501071698188417,0.977272727272727,-0.0133920328780724,0.5,-0.038732461431187,0.386363636363636,0.127639513613195
init_soc_plus5,7,1,FIRST,1,1,0.05,1,1,0,0.0389783837591088,0.0483503382359553,0.00937195447684649,0.00147037586091923,0.00225764810059588,0.077935685249652,0.977272727272727,0.104897695060827,0.977272727272727,0.0120008141800637,0.272727272727273,-0.0179991858199363,0.272727272727273,0.115677860371268
init_soc_plus5,7,2,MIDDLE,0.97,1,0.05,1,1,0,0.029505298526122,0.0372291588235131,0.00772386029739108,0.000849512507256437,0.00134327479968705,0.0568738872942011,0.954545454545455,0.0824894744886703,0.977272727272727,0.0111479663776122,0.522727272727273,-0.0187713387026854,0.295454545454545,0.11808418883225
init_soc_plus5,7,3,LAST,0.94,1,0.05,1,1,0,0.0143623365602723,0.0300090682745524,0.0156467317142802,0.000198138808456823,0.000902072101747839,0.0278634490297603,0.886363636363636,0.0543461709186257,0.977272727272727,-0.00748787253126265,0.454545454545455,-0.0359190469967908,0.386363636363636,0.111049860423403
init_soc_plus5,11,1,FIRST,1,1,0.05,1,1,0,0.0592737297349501,0.049536351889998,-0.00973737784495213,0.00348560496240791,0.00237182460596896,0.0998297811247384,0.954545454545455,0.108832425164185,0.977272727272727,0.0272593114797368,0.159090909090909,-0.00274068852026321,0.159090909090909,0.115667975741366
init_soc_plus5,11,2,MIDDLE,0.97,1,0.05,1,1,0,0.025766709452032,0.0376380357351452,0.0118713262831132,0.000648047507305329,0.00139087695536593,0.0499633943693246,0.954545454545455,0.0780223659236372,0.977272727272727,0.00172379875415313,0.409090909090909,-0.0271459838425938,0.386363636363636,0.107672238705639
init_soc_plus5,11,3,LAST,0.94,1,0.05,1,1,0,0.0182476066356967,0.0280964782621004,0.00984887162640369,0.000328586577662835,0.00079233817645175,0.0334225916982503,0.886363636363636,0.0534705990287526,0.977272727272727,-0.00286689916569494,0.431818181818182,-0.0328668991656949,0.431818181818182,0.10929006616097
init_soc_plus5,13,1,FIRST,1,1,0.05,1,1,0,0.0631745655516478,0.0543501747043688,-0.00882439084727892,0.00394095085817893,0.00285649159585432,0.110103247040505,0.954545454545455,0.117426193288319,0.977272727272727,0.0224820525289641,0.159090909090909,-0.0075179474710359,0.159090909090909,0.108673552765714
init_soc_plus5,13,2,MIDDLE,0.97,1,0.05,1,1,0,0.0374422758000843,0.0407867286544574,0.0033444528543731,0.00138564015152758,0.0016157428308858,0.0670889397887255,0.931818181818182,0.0885186890157834,0.977272727272727,0.0164697817761622,0.25,-0.0135302182238378,0.25,0.120458481519746
init_soc_plus5,13,3,LAST,0.94,1,0.05,1,1,0,0.0204653025730496,0.032923694314392,0.0124583917413425,0.00040890781314891,0.00107238818816142,0.0411614793273026,0.954545454545455,0.0629943879377654,0.977272727272727,-0.00498994360734195,0.454545454545455,-0.0345491565737408,0.363636363636364,0.108474793958086
init_soc_plus5,17,1,FIRST,1,1,0.05,1,1,0,0.0554955101257596,0.0518771013288573,-0.00361840879690224,0.00304081413268573,0.00261195339927308,0.0963996713977234,0.977272727272727,0.109094072124567,0.977272727272727,0.0118399746159133,0.159090909090909,-0.0181600253840867,0.159090909090909,0.115178132562
init_soc_plus5,17,2,MIDDLE,0.97,1,0.05,1,1,0,0.0370967284231515,0.0404986164416699,0.00340188801851841,0.0013578884807485,0.00159663951415397,0.0655502837874171,0.954545454545455,0.0850834425026452,0.977272727272727,0.0055013075320911,0.272727272727273,-0.0244986924679089,0.272727272727273,0.113914251278266
init_soc_plus5,17,3,LAST,0.94,1,0.05,1,1,0,0.0157710350630919,0.0309752325461652,0.0152041974830733,0.000240302287661794,0.000958177808277923,0.0294496835267659,0.909090909090909,0.0541566823390573,0.977272727272727,-0.00705646591453651,0.340909090909091,-0.0370564659145365,0.340909090909091,0.107165341233444
init_soc_plus5,20,1,FIRST,1,1,0.05,1,1,0,0.0403875180631486,0.0521922083632186,0.01180469030007,0.00160020283120757,0.00267107215803205,0.0730013070881861,0.977272727272727,0.103001307088186,0.977272727272727,0.00706706454442116,0.181818181818182,-0.0229329354555788,0.181818181818182,0.118567834461517
init_soc_plus5,20,2,MIDDLE,0.97,1,0.05,1,1,0,0.049768350561258,0.0424686464289474,-0.0072997041323106,0.0024591840866979,0.00174716247778997,0.0826559646918852,0.909090909090909,0.0922624721011668,0.977272727272727,0.0186702994222306,0.204545454545455,-0.0113297005777694,0.204545454545455,0.109930508035064
init_soc_plus5,20,3,LAST,0.94,1,0.05,1,1,0,0.0246049703019957,0.028740887446858,0.00413591714486223,0.000605786067075112,0.000823920325321536,0.0415445493178842,0.863636363636364,0.0582503147799173,0.977272727272727,0.00459931344073633,0.431818181818182,-0.0254006865592637,0.431818181818182,0.115783398376893
init_soc_plus5,22,1,FIRST,1,1,0.05,1,1,0,0.0523230544902944,0.0587223715541674,0.00639931706387299,0.00270270728395907,0.00337267885658184,0.0872396519580835,0.977272727272727,0.114143552708169,0.977272727272727,0.00710064527097198,0.159090909090909,-0.022899354729028,0.159090909090909,0.110432320961845
init_soc_plus5,22,2,MIDDLE,0.97,1,0.05,1,1,0,0.0524340397446402,0.047318460248184,-0.00511557949645616,0.00273076662882653,0.00217856426429439,0.0855910278357734,0.954545454545455,0.0982232338528662,0.977272727272727,0.0193512348576445,0.159090909090909,-0.0106487651423555,0.159090909090909,0.106263651757404
init_soc_plus5,22,3,LAST,0.94,1,0.05,1,1,0,0.041096880689689,0.0349461046274776,-0.00615077606221148,0.00168366720552414,0.00118570349415157,0.0644636373088866,0.863636363636364,0.0751773200119035,0.977272727272727,0.0147297572650944,0.295454545454545,-0.0152702427349056,0.295454545454545,0.109756073704746
init_soc_plus5,24,1,FIRST,1,1,0.05,1,1,0,0.062758216897226,0.056426559786892,-0.006331657110334,0.00391307738893597,0.00310641904375505,0.0983464511707931,0.909090909090909,0.112349653330065,0.977272727272727,0.0173628069641484,0.159090909090909,-0.0126371930358516,0.159090909090909,0.110923181558911
init_soc_plus5,24,2,MIDDLE,0.97,1,0.05,1,1,0,0.0391101979477385,0.0431740070839489,0.00406380913621043,0.00151844359524855,0.00182414395004218,0.0642682243030914,0.909090909090909,0.085090409421549,0.977272727272727,0.0105462436524096,0.272727272727273,-0.0194537563475904,0.272727272727273,0.119586944285728
init_soc_plus5,24,3,LAST,0.94,1,0.05,1,1,0,0.0280455506001738,0.0322168318604574,0.00417128126028355,0.000788315131442453,0.00103290707919396,0.0476186492445586,0.840909090909091,0.0606222194645821,0.954545454545455,0.00434589915608136,0.363636363636364,-0.0256541008439186,0.363636363636364,0.113167610154902
init_soc_plus5,26,1,FIRST,1,1,0.05,1,1,0,0.0639044725841659,0.0578911399457715,-0.00601333263839441,0.00405785639647737,0.00327380829318887,0.100354088630892,0.977272727272727,0.114218692793665,0.977272727272727,0.0192371265544942,0.204545454545455,-0.0107628734455058,0.204545454545455,0.110430712582782
init_soc_plus5,26,2,MIDDLE,0.97,1,0.05,1,1,0,0.0364514356259233,0.0455191994167967,0.00906776379087344,0.00131930709232794,0.00204682908581864,0.0583282864148363,0.75,0.0849738192879077,0.977272727272727,0.000387016068222806,0.159090909090909,-0.0296129839317772,0.159090909090909,0.110554116996416
init_soc_plus5,26,3,LAST,0.94,1,0.05,1,1,0,0.0235295751938755,0.0355305326760642,0.0120009574821887,0.000546703655934011,0.00125472156661615,0.0407776348915926,0.863636363636364,0.0614833535640987,0.954545454545455,-0.00680948355190758,0.25,-0.0368094835519076,0.25,0.115054768488955
init_soc_plus5,28,1,FIRST,1,1,0.05,1,1,0,0.0639892073969567,0.0578924161276285,-0.0060967912693282,0.00407143582325736,0.00327673814666034,0.0994721059971286,0.931818181818182,0.113068416755184,0.977272727272727,0.0185943408272376,0.159090909090909,-0.0114056591727624,0.159090909090909,0.117773084694354
init_soc_plus5,28,2,MIDDLE,0.97,1,0.05,1,1,0,0.0321303406574764,0.0447629623847363,0.0126326217272599,0.00101734074026435,0.00197880079761011,0.0551524713253333,0.977272727272727,0.0843727603480471,0.977272727272727,0.00221914965052128,0.159090909090909,-0.0277808503494787,0.159090909090909,0.108475098942859
init_soc_plus5,28,3,LAST,0.94,1,0.05,1,1,0,0.0220002049718326,0.0363538595947578,0.0143536546229252,0.000476901863650151,0.00131833662411741,0.0379041975918312,0.772727272727273,0.0593996152779108,0.977272727272727,-0.0103083570539057,0.25,-0.0403083570539057,0.25,0.114913101462683
init_soc_plus5,30,1,FIRST,1,1,0.05,1,1,0,0.0613552192219605,0.0576184878862404,-0.00373673133572011,0.00374879577060136,0.00325248543588469,0.0954404650350832,0.886363636363636,0.111014706189132,0.977272727272727,0.0159793683545427,0.159090909090909,-0.0140206316454573,0.159090909090909,0.109739464687372
init_soc_plus5,30,2,MIDDLE,0.97,1,0.05,1,1,0,0.0370327255093877,0.0453203358992112,0.00828761038982347,0.00136144930707891,0.00202589041808293,0.0594595499066402,0.886363636363636,0.0837343693361519,0.977272727272727,0.00397713593401328,0.204545454545455,-0.0260228640659867,0.204545454545455,0.109864084906729
init_soc_plus5,30,3,LAST,0.94,1,0.05,1,1,0,0.0253829734118708,0.0308173626551987,0.00543438924332787,0.000647059192747319,0.000956739346728255,0.04107709711228,0.75,0.0564407603718524,0.954545454545455,0.00966316569076303,0.227272727272727,-0.020336834309237,0.227272727272727,0.113341085867451
init_soc_plus5,32,1,FIRST,1,1,0.05,1,1,0,0.0498872947234612,0.0576981322282563,0.00781083750479508,0.00247167927174972,0.00328193836124462,0.0781621836081198,0.977272727272727,0.107023076703461,0.977272727272727,0.00750934697826033,0.159090909090909,-0.0224906530217397,0.159090909090909,0.111679528942372
init_soc_plus5,32,2,MIDDLE,0.97,1,0.05,1,1,0,0.0454219431624866,0.0450347799622456,-0.000387163200240979,0.00207050157178894,0.00200205705781851,0.0668694728643855,0.886363636363636,0.0863312956125051,0.977272727272727,0.0142825657742902,0.159090909090909,-0.0157174342257098,0.159090909090909,0.119056215140415
init_soc_plus5,32,3,LAST,0.94,1,0.05,1,1,0,0.031963521404048,0.0314663073147855,-0.000497214089262552,0.00102692473241505,0.000979656529032491,0.0472501035606765,0.75,0.060516247224809,0.977272727272727,0.0142127538641976,0.25,-0.0157872461358024,0.25,0.115458301332743
init_soc_plus5,34,1,FIRST,1,1,0.05,1,1,0,0.062715224786648,0.0574646917157372,-0.00525053307091086,0.00392823804803015,0.00324187836131248,0.0923072479169,0.931818181818182,0.108244048358756,0.977272727272727,0.0185139625632002,0.159090909090909,-0.0114860374367998,0.159090909090909,0.118645015825675
init_soc_plus5,34,2,MIDDLE,0.97,1,0.05,1,1,0,0.0483465223141752,0.0448690560517359,-0.00347746626243931,0.00233903408648213,0.001975907325701,0.0691701059628721,0.863636363636364,0.0859498754892439,0.977272727272727,0.0188612120111048,0.181818181818182,-0.0111387879888952,0.181818181818182,0.110799936069025
init_soc_plus5,34,3,LAST,0.94,1,0.05,1,1,0,0.020274911773843,0.0313839506945223,0.0111090389206794,0.000408349075206561,0.000991721130533587,0.0342042428100351,0.704545454545455,0.0516945966331028,0.931818181818182,0.00151269752642391,0.25,-0.0284873024735761,0.25,0.117784319732991
init_soc_plus5,36,1,FIRST,1,1,0.05,1,1,0,0.0764598190692573,0.0642538687916824,-0.0122059502775749,0.00585111129482541,0.00406038935160772,0.107457006415066,0.863636363636364,0.117280043946549,0.977272727272727,0.0319834822307053,0.159090909090909,0.0019834822307053,0.159090909090909,0.10411184284708
init_soc_plus5,36,2,MIDDLE,0.97,1,0.05,1,1,0,0.0475719348320207,0.0484288278892401,0.000856893057219449,0.0022643778481679,0.00230999090247167,0.0688971671330972,0.772727272727273,0.0904700728770822,0.977272727272727,0.0134663450994472,0.159090909090909,-0.0165336549005528,0.159090909090909,0.1187687128214
init_soc_plus5,36,3,LAST,0.94,1,0.05,1,1,0,0.0245314567653706,0.03350062243601,0.0089691656706394,0.00060167881376887,0.00112557655157794,0.0384582046277825,0.75,0.0577919608525437,0.909090909090909,0.00736647805262319,0.204545454545455,-0.0226335219473768,0.204545454545455,0.120399416162497
init_soc_plus5,38,1,FIRST,1,1,0.05,1,1,0,0.0681289881540514,0.0616025430627978,-0.00652644509125361,0.00464027916800284,0.00373189961630326,0.0949645542472133,0.977272727272727,0.112843349732473,0.977272727272727,0.0221846036528124,0.159090909090909,-0.00781539634718756,0.159090909090909,0.114462944508553
init_soc_plus5,38,2,MIDDLE,0.97,1,0.05,1,1,0,0.0599031726007163,0.0495156312357153,-0.010387541365001,0.0035961393837421,0.00240618280580181,0.0848086442588557,0.886363636363636,0.0939525695883631,0.977272727272727,0.022992210788301,0.159090909090909,-0.00700778921169895,0.159090909090909,0.112866729154418
init_soc_plus5,38,3,LAST,0.94,1,0.05,1,1,0,0.0408457528685147,0.0339551797851423,-0.00689057308337242,0.00168440103807142,0.00113813486873362,0.0559770965051324,0.704545454545455,0.0645104488955064,0.977272727272727,0.0209370037414535,0.181818181818182,-0.00906299625854654,0.181818181818182,0.115592062404904
init_soc_plus5,40,1,FIRST,1,1,0.05,1,1,0,0.0811434749806493,0.0670550993495592,-0.0140883756310901,0.00658346414585287,0.00442589502188079,0.112414629418017,0.977272727272727,0.120138478274511,0.977272727272727,0.0281756938617551,0.159090909090909,-0.00182430613824491,0.159090909090909,0.120957867651276
init_soc_plus5,40,2,MIDDLE,0.97,1,0.05,1,1,0,0.0534475695324395,0.0505091677540204,-0.00293840177841911,0.00285272454724737,0.00250632172155585,0.0750078506402546,0.840909090909091,0.0930771937275994,0.977272727272727,0.0166086114579083,0.159090909090909,-0.0133913885420917,0.159090909090909,0.127476731097608
init_soc_plus5,40,3,LAST,0.94,1,0.05,1,1,0,0.042929539982584,0.0366636167716386,-0.00626592321094543,0.0018544722633174,0.00132332941142641,0.0608748669067767,0.795454545454545,0.068631198834326,0.977272727272727,0.016148961462871,0.181818181818182,-0.013851038537129,0.181818181818182,0.112859631471828
init_soc_plus5,43,1,FIRST,1,1,0.05,1,1,0,0.0654736142547633,0.0590505367171641,-0.00642307753759924,0.00429032245336777,0.00343238625114427,0.0868429926151448,0.977272727272727,0.106258526608466,0.977272727272727,0.0312549302228111,0.159090909090909,0.00125493022281109,0.159090909090909,0.105772667808189
init_soc_plus5,43,2,MIDDLE,0.97,1,0.05,1,1,0,0.0452976117326218,0.0440938955160171,-0.00120371621660476,0.0020669317174979,0.00192946935033749,0.0630652987300657,0.704545454545455,0.0799348970851952,0.977272727272727,0.0189410377146028,0.159090909090909,-0.0110589622853972,0.159090909090909,0.108170133765414
init_soc_plus5,43,3,LAST,0.94,1,0.05,1,1,0,0.0396406340114163,0.0309022950427977,-0.00873833896861853,0.00158929455670071,0.00094405025913434,0.0551380004049818,0.727272727272727,0.0588524439540262,0.977272727272727,0.0286021647443161,0.159090909090909,-0.00139783525568393,0.159090909090909,0.106474054390783
init_soc_plus5,45,1,FIRST,1,1,0.05,1,1,0,0.0739813984467331,0.0603436307958362,-0.0136377676508969,0.00549676835882378,0.00359173610634319,0.0937637551756353,0.727272727272727,0.105447631921205,0.977272727272727,0.0378196845540054,0.159090909090909,0.00781968455400539,0.159090909090909,0.115277767368972
init_soc_plus5,45,2,MIDDLE,0.97,1,0.05,1,1,0,0.0449827728283364,0.0424898776259436,-0.00249289520239278,0.00204066411786043,0.00179230863973298,0.057768694649818,0.727272727272727,0.0772066604323669,0.977272727272727,0.0241441451472047,0.159090909090909,-0.00585585485279533,0.159090909090909,0.117019945561225
init_soc_plus5,45,3,LAST,0.94,1,0.05,1,1,0,0.0280724574066823,0.0288661727811381,0.000793715374455765,0.000794468876616871,0.000841928727359349,0.0397702436393635,0.704545454545455,0.048071162511066,0.954545454545455,0.0074076312009366,0.159090909090909,-0.0225923687990634,0.159090909090909,0.100708786134587
init_soc_plus5,47,1,FIRST,1,1,0.05,1,1,0,0.0652540998791444,0.0583562817653727,-0.00689781811377175,0.00426627335640834,0.00335527443575157,0.0879069354096785,0.909090909090909,0.104480486380313,0.977272727272727,0.0217809546154333,0.159090909090909,-0.00821904538456669,0.159090909090909,0.117863784195533
init_soc_plus5,47,2,MIDDLE,0.97,1,0.05,1,1,0,0.0547911321386679,0.0447316220138647,-0.0100595101248033,0.0030313048633628,0.00197717176098516,0.0714221942794505,0.75,0.0805800231408096,0.977272727272727,0.026262513926692,0.159090909090909,-0.00373748607330796,0.159090909090909,0.11895390719364
init_soc_plus5,47,3,LAST,0.94,1,0.05,1,1,0,0.0319924889912695,0.027674939237691,-0.00431754975357849,0.00103527664741898,0.000773044292929158,0.0399492981477326,0.704545454545455,0.0490312496038203,0.977272727272727,0.0221411671861926,0.159090909090909,-0.00785883281380742,0.159090909090909,0.10994842450519
init_soc_plus5,49,1,FIRST,1,1,0.05,1,1,0,0.0532453443255835,0.0567520901674976,0.00350674584191408,0.00283984308892475,0.00319119922314878,0.0698678949259964,0.931818181818182,0.0982686175679192,0.977272727272727,0.0120784103622282,0.159090909090909,-0.0179215896377718,0.159090909090909,0.109571842752659
init_soc_plus5,49,2,MIDDLE,0.97,1,0.05,1,1,0,0.0357915339787477,0.040879580222423,0.00508804624367529,0.00129040497233394,0.00167225813226361,0.045964629147676,0.704545454545455,0.0678981291527078,0.886363636363636,0.0170930888873086,0.159090909090909,-0.0129069111126914,0.159090909090909,0.111895427175785
init_soc_plus5,49,3,LAST,0.94,1,0.05,1,1,0,0.0319605449521745,0.029350849346146,-0.00260969560602843,0.00103093250421607,0.000858927391231325,0.0449071291055551,0.727272727272727,0.0519598532447562,0.977272727272727,0.0127666612015903,0.159090909090909,-0.0172333387984097,0.159090909090909,0.108727820384562
init_soc_plus5,51,1,FIRST,1,1,0.05,1,1,0,0.0539848740631847,0.0566033711798986,0.00261849711671389,0.0029299132012642,0.00318727159912982,0.0675284459955534,0.727272727272727,0.0926804028820246,0.931818181818182,0.0259023271385254,0.159090909090909,-0.00409767286147456,0.159090909090909,0.121398396413277
init_soc_plus5,51,2,MIDDLE,0.97,1,0.05,1,1,0,0.0371881209151803,0.0431445889675683,0.00595646805238802,0.00139428215142939,0.00186613865684366,0.050313752092663,0.704545454545455,0.0721167729408444,0.931818181818182,0.0138825766305153,0.159090909090909,-0.0161174233694847,0.159090909090909,0.109290235013527
init_soc_plus5,51,3,LAST,0.94,1,0.05,1,1,0,0.0302200660880378,0.0287777731952872,-0.00144229289275059,0.000921942207247451,0.00083136341014558,0.0406807168328578,0.727272727272727,0.0500328154678615,0.954545454545455,0.0179624583181794,0.159090909090909,-0.0120375416818206,0.159090909090909,0.118834916008789
init_soc_plus5,53,1,FIRST,1,1,0.05,1,1,0,0.0701571608077701,0.0628297209236823,-0.00732743988408778,0.004932941870134,0.00389272575094959,0.0892451035720789,0.818181818181818,0.109498048850544,0.977272727272727,0.0264857523948278,0.159090909090909,-0.00351424760517224,0.159090909090909,0.116146519372571
init_soc_plus5,53,2,MIDDLE,0.97,1,0.05,1,1,0,0.0414770077866544,0.0453988822144431,0.00392187442778869,0.00173563565470258,0.00206290285734224,0.0533798154373077,0.727272727272727,0.0751849437594827,0.909090909090909,0.0133040515590515,0.159090909090909,-0.0166959484409485,0.159090909090909,0.119616681156884
init_soc_plus5,53,3,LAST,0.94,1,0.05,1,1,0,0.0357487683859372,0.0325751017886154,-0.00317366659732179,0.00129363155830265,0.00106432856880319,0.0487305699939241,0.704545454545455,0.0568355180237026,0.977272727272727,0.0151647678768332,0.159090909090909,-0.0148352321231668,0.159090909090909,0.113252641057593
init_soc_plus5,55,1,FIRST,1,1,0.05,1,1,0,0.0608500474806574,0.0561200942771962,-0.00472995320346112,0.00371311413586266,0.00310491809738983,0.0765886925871133,0.977272727272727,0.0991207832453942,0.977272727272727,0.0275804665172016,0.159090909090909,-0.00241953348279839,0.159090909090909,0.112408784978023
init_soc_plus5,55,2,MIDDLE,0.97,1,0.05,1,1,0,0.051596355439973,0.0429600469724139,-0.00863630846755906,0.00268591898945067,0.00182125671402498,0.0648996297437735,0.704545454545455,0.0762587781057511,0.977272727272727,0.0258437755479819,0.159090909090909,-0.0041562244520181,0.159090909090909,0.106131134677836
init_soc_plus5,55,3,LAST,0.94,1,0.05,1,1,0,0.0305875312744465,0.0260924631572824,-0.00449506811716414,0.000945323816395364,0.000684842813847881,0.0374545578433171,0.704545454545455,0.0461911916689774,0.977272727272727,0.0190805478859775,0.159090909090909,-0.0109194521140225,0.159090909090909,0.109091224560691
init_soc_plus5,57,1,FIRST,1,1,0.05,1,1,0,0.0653318923763801,0.0630610177729729,-0.00227087460340722,0.00427160875867469,0.00392219635660257,0.0871279351606673,0.954545454545455,0.11045402032212,0.977272727272727,0.018561997520135,0.159090909090909,-0.011438002479865,0.159090909090909,0.11133472855911
init_soc_plus5,57,2,MIDDLE,0.97,1,0.05,1,1,0,0.0588929792835138,0.0510301032405178,-0.00786287604299603,0.00350256995445037,0.00258303694204162,0.0688186199116837,0.704545454545455,0.087626181904518,0.977272727272727,0.0325061379045934,0.159090909090909,0.00250613790459342,0.159090909090909,0.112796462284612
init_soc_plus5,57,3,LAST,0.94,1,0.05,1,1,0,0.0319846859204279,0.0322390469287408,0.000254361008312907,0.00103419751679344,0.0010473216590494,0.0403073810897141,0.704545454545455,0.0538592410901128,0.954545454545455,0.0184544470385242,0.159090909090909,-0.0115455529614758,0.159090909090909,0.109073181274304
init_soc_plus5,59,1,FIRST,1,1,0.05,1,1,0,0.0796179793294221,0.0647242887122436,-0.0148936906171785,0.00634823250551211,0.00412560687998254,0.105939762312456,0.977272727272727,0.114549210793299,0.977272727272727,0.0301407951458336,0.159090909090909,0.000140795145833567,0.159090909090909,0.113730348599894
init_soc_plus5,59,2,MIDDLE,0.97,1,0.05,1,1,0,0.0514284666073951,0.0478869998861819,-0.00354146672121315,0.00266223998659333,0.00226800654980546,0.0594451517639815,0.704545454545455,0.0834767018580215,0.977272727272727,0.0293514452653736,0.159090909090909,-0.000648554734626383,0.159090909090909,0.11816479093761
init_soc_plus5,59,3,LAST,0.94,1,0.05,1,1,0,0.0331313656010915,0.031348667916844,-0.00178269768424745,0.00110772048278151,0.000979588553285533,0.0389265909622472,0.704545454545455,0.0565031542022486,0.977272727272727,0.026309466441166,0.181818181818182,-0.00369053355883403,0.181818181818182,0.111031586150554
init_soc_plus5,61,1,FIRST,1,1,0.05,1,1,0,0.0543606779233795,0.0556398350729699,0.00127915714959032,0.00296100248241944,0.00306104026844416,0.0690576959834033,0.863636363636364,0.0974172524676938,0.977272727272727,0.0206325041770678,0.159090909090909,-0.00936749582293223,0.159090909090909,0.11505061013138
init_soc_plus5,61,2,MIDDLE,0.97,1,0.05,1,1,0,0.0413694922692233,0.0406088630929125,-0.00076062917631084,0.00172875010183719,0.00164591423879864,0.0464314780901067,0.704545454545455,0.0683989603732252,0.931818181818182,0.0211959587786832,0.159090909090909,-0.00880404122131676,0.159090909090909,0.115452751031173
init_soc_plus5,61,3,LAST,0.94,1,0.05,1,1,0,0.0317070097394163,0.0256102175521266,-0.00609679218728975,0.00101666973922402,0.000659918499283372,0.0323070859349429,0.727272727272727,0.0423981120996557,0.909090909090909,0.0254920860499302,0.159090909090909,-0.0045079139500698,0.159090909090909,0.107756691429904
init_soc_plus5,63,1,FIRST,1,1,0.05,1,1,0,0.0455777890791975,0.0557976243340617,0.0102198352548642,0.00206920600266382,0.00308768455179531,0.0615495016250007,0.977272727272727,0.0915495016250008,0.977272727272727,0.0159579992765821,0.159090909090909,-0.0140420007234179,0.159090909090909,0.107965772563909
init_soc_plus5,63,2,MIDDLE,0.97,1,0.05,1,1,0,0.0473954628687345,0.0452808023486191,-0.00211466052011538,0.00225935761216329,0.00202722596459104,0.0542200591792285,0.704545454545455,0.0808969378128792,0.977272727272727,0.0257539698841832,0.159090909090909,-0.00424603011581676,0.159090909090909,0.108917243033168
init_soc_plus5,63,3,LAST,0.94,1,0.05,1,1,0,0.0504622235293408,0.0354268699792215,-0.0150353535501193,0.00257273597860244,0.00123467669559442,0.0563849371811906,0.704545454545455,0.0676089196137217,0.977272727272727,0.0363203683178072,0.159090909090909,0.00632036831780719,0.159090909090909,0.117311572213935
init_soc_plus5,65,1,FIRST,1,1,0.05,1,1,0,0.0631628778920713,0.0569270181102955,-0.00623585978177583,0.0040079831447766,0.00319454870879056,0.0736891548880462,0.977272727272727,0.0997081450232135,0.977272727272727,0.0284930283493059,0.159090909090909,-0.00150697165069411,0.159090909090909,0.112242961637314
init_soc_plus5,65,2,MIDDLE,0.97,1,0.05,1,1,0,0.0540418320721422,0.0439555858559982,-0.010086246216144,0.00294503676817143,0.00190234439995403,0.0631625820835253,0.75,0.0806683562008036,0.977272727272727,0.0279103065039553,0.159090909090909,-0.00208969349604474,0.159090909090909,0.119846776069207
init_soc_plus5,65,3,LAST,0.94,1,0.05,1,1,0,0.0250423691623,0.0256013393821173,0.000558970219817337,0.000629868478400766,0.000660059843740088,0.0266045924285012,0.704545454545455,0.0493220140658314,0.977272727272727,0.0172215704319185,0.159090909090909,-0.0127784295680815,0.159090909090909,0.112054511376009
init_soc_plus5,67,1,FIRST,1,1,0.05,1,1,0,0.0535105562220786,0.0535067619421256,-3.7942799529303e-06,0.00287357547285744,0.0028322751477983,0.0654428970562309,0.954545454545455,0.0953387665133544,0.977272727272727,0.0278981981528837,0.159090909090909,-0.00210180184711631,0.159090909090909,0.114418579562693
init_soc_plus5,67,2,MIDDLE,0.97,1,0.05,1,1,0,0.0545682649515501,0.0432290439992982,-0.0113392209522519,0.00299877983036279,0.00183605892642744,0.0635357221971329,0.863636363636364,0.0807643314180311,0.977272727272727,0.0356733545521075,0.159090909090909,0.00567335455210749,0.159090909090909,0.111476582423198
init_soc_plus5,67,3,LAST,0.94,1,0.05,1,1,0,0.0265766184181658,0.0236289938996343,-0.00294762451853151,0.000710847813207964,0.000559903478487453,0.0235615972474598,0.727272727272727,0.045940448092659,0.977272727272727,0.0235276033753445,0.159090909090909,-0.00647239662465546,0.159090909090909,0.108335616510092
init_soc_plus5,69,1,FIRST,1,1,0.05,1,1,0,0.059288400776865,0.0566584834786996,-0.00262991729816542,0.00351633106566126,0.00315441040977949,0.0786596114470181,0.977272727272727,0.103544786499287,0.977272727272727,0.0278006093047144,0.159090909090909,-0.0021993906952856,0.159090909090909,0.11012365131242
init_soc_plus5,69,2,MIDDLE,0.97,1,0.05,1,1,0,0.0468879479191764,0.0426885636307991,-0.00419938428837735,0.00221306829990429,0.00179834203754569,0.0512356846767428,0.704545454545455,0.0788685316283955,0.977272727272727,0.0279955027746322,0.159090909090909,-0.00200449722536783,0.159090909090909,0.11389522865208
init_soc_plus5,69,3,LAST,0.94,1,0.05,1,1,0,0.0233163196275818,0.0237355092870102,0.000419189659428353,0.000544422689167798,0.000564033547145398,0.0178505561295268,0.704545454545455,0.0396020788408087,0.977272727272727,0.0213697445435121,0.159090909090909,-0.00863025545648785,0.159090909090909,0.117170838568449
init_soc_plus5,71,1,FIRST,1,1,0.05,1,1,0,0.0615120564550233,0.0545172716138264,-0.00699478484119686,0.00379816831332857,0.00292100856921341,0.0732303650326535,0.931818181818182,0.0986066903182784,0.977272727272727,0.0302326801066454,0.159090909090909,0.000232680106645372,0.159090909090909,0.119922324563721
init_soc_plus5,71,2,MIDDLE,0.97,1,0.05,1,1,0,0.0524492642325327,0.0419799772382722,-0.0104692869942605,0.00276525938852217,0.00172491987627614,0.060238292142809,0.977272727272727,0.0807965697804066,0.977272727272727,0.0345365527226761,0.159090909090909,0.00453655272267611,0.159090909090909,0.114132512856998
init_soc_plus5,71,3,LAST,0.94,1,0.05,1,1,0,0.0229388763004101,0.0215162931342751,-0.00142258316613492,0.000526597177522418,0.000461738647380918,0.0152284004386175,0.704545454545455,0.0366558032560703,0.886363636363636,0.0218634912537762,0.159090909090909,-0.00813650874622376,0.159090909090909,0.117449056062744
init_soc_plus5,73,1,FIRST,1,1,0.05,1,1,0,0.0589781429621036,0.0569029694561782,-0.00207517350592541,0.00347807733830356,0.00318067626229445,0.0779372303021487,0.977272727272727,0.105245259668757,0.977272727272727,0.0285507289844602,0.159090909090909,-0.00144927101553979,0.159090909090909,0.104870712734394
init_soc_plus5,73,2,MIDDLE,0.97,1,0.05,1,1,0,0.0386771389452727,0.0410307068649571,0.00235356791968432,0.00149931775197614,0.0016644681330272,0.0411356338353425,0.75,0.0708219085117843,0.977272727272727,0.0259985468199486,0.159090909090909,-0.00400145318005143,0.159090909090909,0.114657506421733
init_soc_plus5,73,3,LAST,0.94,1,0.05,1,1,0,0.029144840768691,0.0259428821513763,-0.0032019586173147,0.000855784304455199,0.000668956716928298,0.0261218819228559,0.704545454545455,0.0487174678618588,0.931818181818182,0.0296045649732249,0.159090909090909,-0.000395435026775137,0.159090909090909,0.111728125032989
init_soc_plus5,75,1,FIRST,1,1,0.05,1,1,0,0.0578587892494874,0.053332014261365,-0.00452677498812238,0.00333673106352392,0.00277928321010927,0.079882582992078,0.977272727272727,0.102262062285825,0.977272727272727,0.0342473426193957,0.159090909090909,0.00424734261939569,0.159090909090909,0.122305098201191
init_soc_plus5,75,2,MIDDLE,0.97,1,0.05,1,1,0,0.036928806393816,0.0380062398437081,0.0010774334498921,0.00136079049867397,0.00141430699041113,0.0474116624195686,0.977272727272727,0.0760898108340398,0.977272727272727,0.0225867550591101,0.159090909090909,-0.00741324494088985,0.159090909090909,0.119538045360613
init_soc_plus5,75,3,LAST,0.94,1,0.05,1,1,0,0.0143870400014469,0.021820595366283,0.00743355536483611,0.00020014943542935,0.000475423613473083,0.010357350167801,0.977272727272727,0.0403573501678011,0.977272727272727,0.0153929370997847,0.590909090909091,-0.0143208247536984,0.181818181818182,0.115747060858215
init_soc_plus5,77,1,FIRST,1,1,0.05,1,1,0,0.0470488363959496,0.0513259024466089,0.00427706605065926,0.00220876704333477,0.00259807675408842,0.0621169884806899,0.977272727272727,0.0921169884806899,0.977272727272727,0.0293061171042688,0.159090909090909,-0.000693882895731163,0.159090909090909,0.10795861719598
init_soc_plus5,77,2,MIDDLE,0.97,1,0.05,1,1,0,0.0397366858368629,0.0384363399205664,-0.00130034591629646,0.0015892634394207,0.00146250448622824,0.0418664900159812,0.931818181818182,0.0712853916044325,0.954545454545455,0.0303699211079661,0.159090909090909,0.000369921107966131,0.159090909090909,0.116074653523683
init_soc_plus5,77,3,LAST,0.94,1,0.05,1,1,0,0.0228548589098093,0.0211980462889297,-0.00165681262087961,0.000522516542545642,0.000446285642083217,0.0123053187309182,0.977272727272727,0.0423053187309183,0.977272727272727,0.0165605850421791,0.590909090909091,0.000997795505723154,0.159090909090909,0.136854190536653
init_soc_plus5,79,1,FIRST,1,1,0.05,1,1,0,0.0557665880464832,0.0542720729203376,-0.0014945151261456,0.00309263075757514,0.00287388348066916,0.0801567429963915,0.977272727272727,0.105743328122132,0.977272727272727,0.0276800695382965,0.159090909090909,-0.00231993046170353,0.159090909090909,0.114315055497296
init_soc_plus5,79,2,MIDDLE,0.97,1,0.05,1,1,0,0.0364801619308954,0.0397669398048648,0.00328677787396948,0.00131975755806711,0.00154239305788641,0.0548652323777008,0.977272727272727,0.0819621843978917,0.977272727272727,0.0185561381581729,0.159090909090909,-0.0114438618418271,0.159090909090909,0.112803284672963
init_soc_plus5,79,3,LAST,0.94,1,0.05,1,1,0,0.0181513155062821,0.0237578643879558,0.00560654888167368,0.000325453707051805,0.000566999375451827,0.0159354780405827,0.954545454545455,0.0459354780405827,0.954545454545455,0.0114182125206997,0.159090909090909,-0.0185817874793003,0.159090909090909,0.106848992328649
init_soc_plus5,81,1,FIRST,1,1,0.05,1,1,0,0.0408430489712427,0.0478859361922854,0.00704288722104272,0.00165517947284528,0.00225539090488817,0.0597666401946569,0.977272727272727,0.089766640194657,0.977272727272727,0.0208260098088122,0.159090909090909,-0.00917399019118775,0.159090909090909,0.106037033556599
init_soc_plus5,81,2,MIDDLE,0.97,1,0.05,1,1,0,0.0393322295034496,0.0355906413011713,-0.00374158820227827,0.00155442876447456,0.00124318305501365,0.0422507911386648,0.977272727272727,0.0722507911386648,0.977272727272727,0.0315797142887943,0.159090909090909,0.00157971428879433,0.159090909090909,0.111416628276944
init_soc_plus5,81,3,LAST,0.94,1,0.05,1,1,0,0.0118301876503671,0.0192340410181159,0.00740385336774878,0.000131258764342481,0.000363825701995459,0.0054769212670891,0.977272727272727,0.0354769212670891,0.977272727272727,0.0084070876553789,0.590909090909091,-0.0167681629736962,0.159090909090909,0.115412795854511
init_soc_plus5,83,1,FIRST,1,1,0.05,1,1,0,0.0550187353269717,0.0505177184847233,-0.00450101684224836,0.00300101745742316,0.00247419958139122,0.0827030007296834,0.977272727272727,0.103917884635333,0.977272727272727,0.0318798588204932,0.159090909090909,0.00187985882049324,0.159090909090909,0.117570381281665
init_soc_plus5,83,2,MIDDLE,0.97,1,0.05,1,1,0,0.0351904631626886,0.0353878938731063,0.000197430710417661,0.00123446614169999,0.00122096740816436,0.0450342741650418,0.977272727272727,0.0750342741650418,0.977272727272727,0.030027442212513,0.159090909090909,2.74422125129681e-05,0.159090909090909,0.114570424427355
init_soc_plus5,83,3,LAST,0.94,1,0.05,1,1,0,0.0179401039053899,0.0208805950855471,0.00294049118015713,0.000316676535907119,0.000428327534120687,0.0212788491205913,0.977272727272727,0.0506860794629773,0.977272727272727,0.0127338723943738,0.590909090909091,-0.0104782139125947,0.159090909090909,0.115806427223528
init_soc_plus5,84,1,FIRST,1,1,0.05,1,1,0,0.0324985918286645,0.0346322819225906,0.00213369009392612,0.00104914722048949,0.00116862718837395,0.0429580511707508,0.977272727272727,0.0729580511707508,0.977272727272727,0.0237653910988977,0.159090909090909,-0.00623460890110228,0.159090909090909,0.114911755913073
init_soc_plus5,84,2,MIDDLE,0.97,1,0.05,1,1,0,0.0207324110942291,0.018617859971151,-0.00211455112307806,0.000428097290749946,0.000344237705754101,0.0128148579001468,0.977272727272727,0.0428148579001468,0.977272727272727,0.0160969010598442,0.590909090909091,-0.00495787716311172,0.159090909090909,0.11118411130102
init_soc_plus5,84,3,LAST,0.94,1,0.05,1,1,0,0.0192635739631413,0.0125128988759667,-0.00675067508717462,0.000367978048035328,0.000149027502392822,-0.00627939034635749,0.977272727272727,0.0237206096536425,0.977272727272727,-0.0102403057370182,0.590909090909091,-0.0165345313138983,0.159090909090909,0.105924292852061
high_noise,1,1,FIRST,1,1,0,1.5,1.5,0,0.0257910250122585,0.0426903270325187,0.0168993020202602,0.000635180827099327,0.00176741003435215,0.060623108237816,0.977272727272727,0.0906231082378161,0.977272727272727,0.00447540652551726,0.590909090909091,-0.0215098936952544,0.159090909090909,0.123657656179291
high_noise,1,2,MIDDLE,0.97,1,0,1.5,1.5,0,0.0211678797525778,0.0355974297632965,0.0144295500107187,0.000433774367525767,0.00123213833791936,0.042552908246606,0.977272727272727,0.072552908246606,0.977272727272727,0.00303659497819775,0.431818181818182,-0.0260443165430195,0.295454545454545,0.111073391989238
high_noise,1,3,LAST,0.94,1,0,1.5,1.5,0,0.0249171449164386,0.0308811670022608,0.00596402208582217,0.000631215642950836,0.000961017913497287,-0.00413004024909691,0.977272727272727,0.0258699597509031,0.977272727272727,-0.039423535382111,0.545454545454545,-0.0508432362946751,0.272727272727273,0.103224701882356
high_noise,3,1,FIRST,1,1,0,1.5,1.5,0,0.044085581773137,0.0509628537328199,0.00687727195968292,0.00188747814840667,0.00250262092590806,0.0896147594671493,0.954545454545455,0.110359630536774,0.977272727272727,0.0038740420976725,0.181818181818182,-0.0261259579023275,0.181818181818182,0.1252189736396
high_noise,3,2,MIDDLE,0.97,1,0,1.5,1.5,0,0.0096053556730604,0.0296712829014363,0.0200659272283759,8.76225630749531e-05,0.00087238696605449,0.0189700776823061,0.977272727272727,0.0489700776823061,0.977272727272727,-0.01334959911084,0.363636363636364,-0.0347600805794792,0.295454545454545,0.120462412731438
high_noise,3,3,LAST,0.94,1,0,1.5,1.5,0,0.0132416230946864,0.0314704653105594,0.018228842215873,0.000175412191085831,0.000996225437516306,0.0133909629859447,0.909090909090909,0.0433909629859447,0.909090909090909,-0.0258614668316202,0.386363636363636,-0.0465760933867651,0.318181818181818,0.10504169171892
high_noise,5,1,FIRST,1,1,0,1.5,1.5,0,0.0413352234226735,0.0488583926647691,0.0075231692420956,0.00167679902429077,0.00230822940814949,0.0763328453199837,0.954545454545455,0.105921017920891,0.977272727272727,0.0125207309928632,0.159090909090909,-0.0174792690071368,0.159090909090909,0.10192022776625
high_noise,5,2,MIDDLE,0.97,1,0,1.5,1.5,0,0.0145945096178084,0.0327510760793021,0.0181565664614937,0.000207522181033426,0.00106008117308666,0.0299792244030823,0.977272727272727,0.0599792244030823,0.977272727272727,-0.00772870495831623,0.522727272727273,-0.0255877684706726,0.386363636363636,0.113805541788276
high_noise,5,3,LAST,0.94,1,0,1.5,1.5,0,0.0131943089165301,0.0319432913716013,0.0187489824550712,0.000174220450206967,0.00102782663335299,0.0178018287438725,0.909090909090909,0.0476064305445862,0.931818181818182,-0.0244039742795812,0.5,-0.0438028138877298,0.363636363636364,0.102152873534054
high_noise,7,1,FIRST,1,1,0,1.5,1.5,0,0.0400443822093117,0.0501274287890083,0.0100830465796966,0.0015572443928158,0.00242880136656418,0.0849546428364205,0.977272727272727,0.107310015127654,0.977272727272727,0.00538392202979468,0.159090909090909,-0.0246160779702053,0.159090909090909,0.113457771391738
high_noise,7,2,MIDDLE,0.97,1,0,1.5,1.5,0,0.0288191630957159,0.0390709315959857,0.0102517685002697,0.00081506116303522,0.0014812630129788,0.0553534745705745,0.909090909090909,0.0818578839503836,0.977272727272727,0.000538325582556454,0.454545454545455,-0.027191080253875,0.295454545454545,0.113791492994821
high_noise,7,3,LAST,0.94,1,0,1.5,1.5,0,0.0170473205828573,0.0333040956401596,0.0162567750573023,0.000292391092106495,0.0011127081630567,0.012107125510931,0.909090909090909,0.042107125510931,0.909090909090909,-0.0320772289740678,0.5,-0.0490743492113715,0.318181818181818,0.115197209701285
high_noise,11,1,FIRST,1,1,0,1.5,1.5,0,0.0465771435692706,0.0497654745000152,0.00318833093074464,0.00212720421385606,0.00239231752141454,0.0909361014408159,0.977272727272727,0.107439306929825,0.977272727272727,0.0127994119327839,0.227272727272727,-0.0172005880672161,0.227272727272727,0.10529122334715
high_noise,11,2,MIDDLE,0.97,1,0,1.5,1.5,0,0.0189037014518118,0.0394581939009193,0.0205544924491076,0.000346609810232237,0.00153838694723649,0.0391063439921412,0.954545454545455,0.0691063439921412,0.954545454545455,-0.0156521529967871,0.363636363636364,-0.0396085013509595,0.295454545454545,0.10523010077358
high_noise,11,3,LAST,0.94,1,0,1.5,1.5,0,0.010876979090097,0.0307212372014453,0.0198442581113483,0.000117096213651548,0.000948682542042214,0.0128337309355312,0.863636363636364,0.0408396436576269,0.886363636363636,-0.0195673203663032,0.5,-0.0460330749173292,0.363636363636364,0.110294021793649
high_noise,13,1,FIRST,1,1,0,1.5,1.5,0,0.0334189400990141,0.04816287004305,0.014743929944036,0.00110061295010149,0.00228121554774776,0.0606141588501474,0.954545454545455,0.0906141588501475,0.954545454545455,0.00649462771360854,0.272727272727273,-0.0235053722863915,0.272727272727273,0.113000550697785
high_noise,13,2,MIDDLE,0.97,1,0,1.5,1.5,0,0.0202537288112832,0.0394401826643365,0.0191864538530533,0.000395985926650962,0.00152864677318976,0.0441517797456755,0.977272727272727,0.0741517797456756,0.977272727272727,-0.00369396180880394,0.454545454545455,-0.0323056899421804,0.295454545454545,0.112748546333019
high_noise,13,3,LAST,0.94,1,0,1.5,1.5,0,0.0103423692564493,0.0314758296086277,0.0211334603521784,0.00010558280290756,0.000997687510249288,0.0185829621023897,0.977272727272727,0.0485829621023898,0.977272727272727,-0.0158382459214007,0.454545454545455,-0.0398307279249835,0.340909090909091,0.108409346332795
high_noise,17,1,FIRST,1,1,0,1.5,1.5,0,0.0459659478243557,0.0519787269560552,0.0060127791316995,0.00208508573881477,0.00262931400918127,0.0804755452931594,0.954545454545455,0.104375511268603,0.977272727272727,0.00533117672119149,0.295454545454545,-0.0246688232788085,0.295454545454545,0.121717898034087
high_noise,17,2,MIDDLE,0.97,1,0,1.5,1.5,0,0.0265277962785255,0.0400138752450755,0.01348607896655,0.000691041710066799,0.00156666729035958,0.0523523659801151,0.954545454545455,0.0795332413527412,0.977272727272727,0.000903667518840578,0.295454545454545,-0.0290963324811594,0.295454545454545,0.109652173936528
high_noise,17,3,LAST,0.94,1,0,1.5,1.5,0,0.0197230567719008,0.0310118946361788,0.011288837864278,0.000386381433693399,0.000944849659418505,0.034165771428849,0.863636363636364,0.0563562762541138,0.977272727272727,-0.000147471607485072,0.272727272727273,-0.0301474716074851,0.272727272727273,0.118574864412195
high_noise,20,1,FIRST,1,1,0,1.5,1.5,0,0.0534037916856374,0.0541553385477413,0.000751546862103901,0.00281625526445584,0.00285100106859802,0.0924487962924746,0.931818181818182,0.109405038873837,0.977272727272727,0.0109865558131567,0.159090909090909,-0.0190134441868433,0.159090909090909,0.115567818364686
high_noise,20,2,MIDDLE,0.97,1,0,1.5,1.5,0,0.0248774109126286,0.0412000952814455,0.0163226843688169,0.000605258009227175,0.00166681324777278,0.0488200099758906,0.954545454545455,0.0788200099758907,0.954545454545455,0.00195968248184708,0.340909090909091,-0.0280403175181529,0.340909090909091,0.103255351959026
high_noise,20,3,LAST,0.94,1,0,1.5,1.5,0,0.0111832632331991,0.0327284643262493,0.0215452010930502,0.00012388570509472,0.00107795179935036,0.0172879081565991,0.818181818181818,0.0457890535942274,0.886363636363636,-0.0154763706075255,0.522727272727273,-0.0433117108727765,0.318181818181818,0.100743490553286
high_noise,22,1,FIRST,1,1,0,1.5,1.5,0,0.0537194106760545,0.0595993873111783,0.00587997663512371,0.00284718466702194,0.00346733324655834,0.0943559929095898,0.977272727272727,0.116652761998536,0.977272727272727,0.00613618825324408,0.159090909090909,-0.0238638117467559,0.159090909090909,0.115344108548814
high_noise,22,2,MIDDLE,0.97,1,0,1.5,1.5,0,0.0270700503172559,0.0439841718334018,0.0169141215161459,0.000727061271501934,0.00191836542844154,0.0453164221981303,0.772727272727273,0.0746900206278296,0.931818181818182,-0.00440890150157958,0.204545454545455,-0.0344089015015795,0.204545454545455,0.115075135464349
high_noise,22,3,LAST,0.94,1,0,1.5,1.5,0,0.0132351964300462,0.0344411581883999,0.0212059617583537,0.000175331085708221,0.00119748760797722,0.0256984163086488,0.909090909090909,0.0556984163086488,0.909090909090909,-0.0115599167995425,0.340909090909091,-0.0406527419437953,0.318181818181818,0.113451851283457
high_noise,24,1,FIRST,1,1,0,1.5,1.5,0,0.0486245633606719,0.0555631798403891,0.0069386164797172,0.00235233371586753,0.00303109570376557,0.0764789777350172,0.954545454545455,0.106388096161822,0.977272727272727,0.00607158458263526,0.227272727272727,-0.0239284154173648,0.227272727272727,0.115463631983405
high_noise,24,2,MIDDLE,0.97,1,0,1.5,1.5,0,0.0304096239134252,0.0433472319850022,0.012937608071577,0.000919331301377084,0.00185457226191101,0.0531206857720858,0.863636363636364,0.0816793366365064,0.954545454545455,0.000999913450667383,0.181818181818182,-0.0290000865493326,0.181818181818182,0.114513196865424
high_noise,24,3,LAST,0.94,1,0,1.5,1.5,0,0.0215467260311961,0.0325053758867001,0.010958649855504,0.000464028121161825,0.00104264491861993,0.0358531579726354,0.840909090909091,0.0587738882051954,0.954545454545455,0.000660951616819117,0.363636363636364,-0.0293390483831809,0.363636363636364,0.113564607642019
high_noise,26,1,FIRST,1,1,0,1.5,1.5,0,0.0559149349765727,0.0573757863507288,0.0014608513741561,0.00310822817343211,0.00321692009583355,0.0881543720329578,0.954545454545455,0.110747901935625,0.977272727272727,0.0144428858872082,0.159090909090909,-0.0155571141127918,0.159090909090909,0.10389025325705
high_noise,26,2,MIDDLE,0.97,1,0,1.5,1.5,0,0.0390621281722685,0.0454676516012226,0.00640552342895412,0.00151566689034076,0.00202071414036315,0.064656375667156,0.909090909090909,0.0872947486409296,0.977272727272727,0.00249581796291026,0.159090909090909,-0.0275041820370897,0.159090909090909,0.106765663857537
high_noise,26,3,LAST,0.94,1,0,1.5,1.5,0,0.015817214358325,0.0339475775167102,0.0181303631583852,0.000250314130144472,0.00115426623049324,0.0281288877671997,0.863636363636364,0.0540403096252058,0.931818181818182,-0.00920035162644706,0.318181818181818,-0.0392003516264471,0.318181818181818,0.118143079722174
high_noise,28,1,FIRST,1,1,0,1.5,1.5,0,0.0491301174387492,0.056939266812678,0.00780914937392883,0.00239846318792006,0.00318325133314155,0.0827619839320898,0.909090909090909,0.107191258421777,0.977272727272727,0.00877537800007752,0.159090909090909,-0.0212246219999225,0.159090909090909,0.109721615201346
high_noise,28,2,MIDDLE,0.97,1,0,1.5,1.5,0,0.0305419865146657,0.0427978893292122,0.0122559028145465,0.000928338424427699,0.00180744166966298,0.0485734661634111,0.954545454545455,0.0785734661634111,0.954545454545455,0.00826411237707239,0.159090909090909,-0.0217358876229276,0.159090909090909,0.108524753382308
high_noise,28,3,LAST,0.94,1,0,1.5,1.5,0,0.0213422642044274,0.0338194536054395,0.0124771894010122,0.000459655220686303,0.00114335786764283,0.0405624994836208,0.818181818181818,0.0561425795215084,0.931818181818182,-0.00659770246859387,0.363636363636364,-0.0343124268750124,0.340909090909091,0.116711269651725
high_noise,30,1,FIRST,1,1,0,1.5,1.5,0,0.0405298442448687,0.0532302670870182,0.0127004228421495,0.00163231163638452,0.00279754659988769,0.0623231500041058,0.977272727272727,0.0923231500041058,0.977272727272727,0.00851130132198288,0.159090909090909,-0.0214886986780171,0.159090909090909,0.116238232397436
high_noise,30,2,MIDDLE,0.97,1,0,1.5,1.5,0,0.0404533710415903,0.0447047730998381,0.00425140205824788,0.00163305957643739,0.00195580305072843,0.0655814108098215,0.863636363636364,0.0852200831645995,0.977272727272727,0.0128624317422745,0.181818181818182,-0.0171375682577255,0.181818181818182,0.10894934747327
high_noise,30,3,LAST,0.94,1,0,1.5,1.5,0,0.0222673846871532,0.0309571972038602,0.00868981251670698,0.000501958993871546,0.0009572145620649,0.0376105999643624,0.727272727272727,0.0531170208761478,0.909090909090909,0.00317477288937984,0.159090909090909,-0.0268252271106202,0.159090909090909,0.0910741809976692
high_noise,32,1,FIRST,1,1,0,1.5,1.5,0,0.0445555920405315,0.0564682532821867,0.0119126612416552,0.00197998884730724,0.00315692631332179,0.0674639792269519,0.931818181818182,0.0974639792269519,0.931818181818182,0.00366017043941588,0.159090909090909,-0.0263398295605841,0.159090909090909,0.115377595211225
high_noise,32,2,MIDDLE,0.97,1,0,1.5,1.5,0,0.0327724758291587,0.0448314839485746,0.0120590081194158,0.00107281806111529,0.00198977483553265,0.0512317065568341,0.772727272727273,0.0788621470643641,0.977272727272727,0.0054688324677761,0.204545454545455,-0.0245311675322239,0.204545454545455,0.117020140447302
high_noise,32,3,LAST,0.94,1,0,1.5,1.5,0,0.0102728479341075,0.0296654002533892,0.0193925523192817,0.000104082624473671,0.000884036602379632,0.0163400175376012,0.704545454545455,0.0452006247393887,0.795454545454545,-0.00229806362748769,0.295454545454545,-0.0322980636274877,0.295454545454545,0.115853275623922
high_noise,34,1,FIRST,1,1,0,1.5,1.5,0,0.0462817282752378,0.0543421800222219,0.00806045174698413,0.00214954861446793,0.00292972688214844,0.06783638383395,0.727272727272727,0.0940956144514095,0.886363636363636,0.00716387626039719,0.181818181818182,-0.0228361237396028,0.181818181818182,0.122771157122919
high_noise,34,2,MIDDLE,0.97,1,0,1.5,1.5,0,0.0506602954918624,0.04512086657749,-0.0055394289143724,0.00258886691324463,0.00199973042608601,0.0692920797029445,0.75,0.0837879215983429,0.977272727272727,0.021101008576469,0.181818181818182,-0.00889899142353096,0.181818181818182,0.109516567297461
high_noise,34,3,LAST,0.94,1,0,1.5,1.5,0,0.0271146201042695,0.032114411786353,0.00499979168208353,0.000741224938344124,0.00101702300197391,0.0454091728866545,0.727272727272727,0.0560084951535847,0.977272727272727,0.00470846477877673,0.295454545454545,-0.0252915352212233,0.295454545454545,0.0962850301054872
high_noise,36,1,FIRST,1,1,0,1.5,1.5,0,0.0490393472481293,0.0601176964701375,0.0110783492220083,0.00239786677958785,0.00357573852157699,0.0746914921802015,0.931818181818182,0.104691492180202,0.931818181818182,0.00665911588339677,0.159090909090909,-0.0233408841166032,0.159090909090909,0.115236851861046
high_noise,36,2,MIDDLE,0.97,1,0,1.5,1.5,0,0.041957661615068,0.0484016638832579,0.00644400226818988,0.00176432453844827,0.00231321410848746,0.0625492061977498,0.795454545454545,0.0860456186887624,0.954545454545455,0.00662408893551664,0.181818181818182,-0.0233759110644834,0.181818181818182,0.100690412194189
high_noise,36,3,LAST,0.94,1,0,1.5,1.5,0,0.0232482819001862,0.0355362505502433,0.012287968650057,0.000546006789657654,0.00126345521621018,0.0393940069150732,0.704545454545455,0.0581195448199445,0.909090909090909,-0.00230849198087424,0.204545454545455,-0.0323084919808742,0.204545454545455,0.120460236563347
high_noise,38,1,FIRST,1,1,0,1.5,1.5,0,0.0529002496045967,0.0607130344566154,0.00781278485201871,0.00279238960423215,0.00363805340344068,0.0785355214164694,0.977272727272727,0.108535521416469,0.977272727272727,0.00495691461786957,0.159090909090909,-0.0250430853821304,0.159090909090909,0.118950151933308
high_noise,38,2,MIDDLE,0.97,1,0,1.5,1.5,0,0.0318919652158748,0.0457205909800095,0.0138286257641347,0.00101757431412409,0.00207722144573786,0.0478684141181018,0.704545454545455,0.076704273338016,0.886363636363636,0.00244856247370728,0.159090909090909,-0.0275514375262927,0.159090909090909,0.108168976487372
high_noise,38,3,LAST,0.94,1,0,1.5,1.5,0,0.0329525398992782,0.0361646469917344,0.0032121070924562,0.0010989778535184,0.00129792860485809,0.050591586172828,0.818181818181818,0.0607049584716173,0.977272727272727,0.000385033228162579,0.25,-0.0296149667718374,0.25,0.110414310213217
high_noise,40,1,FIRST,1,1,0,1.5,1.5,0,0.0617348239875945,0.0634864015553496,0.00175157756775508,0.00381418258966047,0.00397111461503618,0.0857565139155285,0.977272727272727,0.113129296193273,0.977272727272727,0.0140552632507064,0.159090909090909,-0.0159447367492936,0.159090909090909,0.106754552307957
high_noise,40,2,MIDDLE,0.97,1,0,1.5,1.5,0,0.0504346729212239,0.0515042096958872,0.00106953677466326,0.00253940889929571,0.0026048085956392,0.0762720072183297,0.909090909090909,0.0946904107275758,0.977272727272727,0.00900279620501637,0.159090909090909,-0.0209972037949836,0.159090909090909,0.117908316075577
high_noise,40,3,LAST,0.94,1,0,1.5,1.5,0,0.0190279403715186,0.034512748717646,0.0154848083461275,0.000365936435145677,0.00119867201419103,0.0330686825595462,0.795454545454545,0.0560743609867788,0.886363636363636,0.00371654661416945,0.159090909090909,-0.0262834533858305,0.159090909090909,0.0983520886139075
high_noise,43,1,FIRST,1,1,0,1.5,1.5,0,0.0685759972847926,0.0600782440778457,-0.0084977532069469,0.00471968937772969,0.00355174155525688,0.0955841852744603,0.909090909090909,0.107084446111658,0.977272727272727,0.0261073548692357,0.159090909090909,-0.00389264513076434,0.159090909090909,0.112838756930335
high_noise,43,2,MIDDLE,0.97,1,0,1.5,1.5,0,0.0263157987722085,0.0407946346070708,0.0144788358348623,0.000696726644756322,0.00166242702757328,0.0382638608836522,0.727272727272727,0.0640858051005957,0.795454545454545,0.00515946810573839,0.159090909090909,-0.0248405318942616,0.159090909090909,0.110792757873116
high_noise,43,3,LAST,0.94,1,0,1.5,1.5,0,0.0274955415946549,0.0325020786488887,0.00500653705423377,0.000763356410457834,0.00104457328945066,0.0423486151692789,0.795454545454545,0.0556748772290104,0.954545454545455,0.00593881126388812,0.204545454545455,-0.0240611887361119,0.204545454545455,0.121804413339896
high_noise,45,1,FIRST,1,1,0,1.5,1.5,0,0.0485190064482443,0.0554989840270327,0.00697997757878835,0.00236125455037241,0.00305183286767277,0.0715404947990398,0.818181818181818,0.0933324365081742,0.977272727272727,0.00677929522186038,0.159090909090909,-0.0232207047781396,0.159090909090909,0.103757941919519
high_noise,45,2,MIDDLE,0.97,1,0,1.5,1.5,0,0.0304121728489122,0.0415702608686181,0.011158088019706,0.00092778196620402,0.00171473908901566,0.0442015677903269,0.75,0.0683112538924796,0.909090909090909,0.00865969091863286,0.159090909090909,-0.0213403090813671,0.159090909090909,0.117709439293954
high_noise,45,3,LAST,0.94,1,0,1.5,1.5,0,0.0183368531883541,0.0278772501956018,0.00954039700724765,0.000339970198596211,0.000778144272964936,0.0255125478134454,0.704545454545455,0.0438726327968916,0.863636363636364,0.00498230319418577,0.159090909090909,-0.0250176968058142,0.159090909090909,0.103469021809221
high_noise,47,1,FIRST,1,1,0,1.5,1.5,0,0.0594610015665699,0.057698611268298,-0.00176239029827193,0.00353884280267825,0.00327501995642775,0.0826542467025981,0.704545454545455,0.102082151638479,0.977272727272727,0.0141087855759987,0.159090909090909,-0.0158912144240013,0.159090909090909,0.111154743552393
high_noise,47,2,MIDDLE,0.97,1,0,1.5,1.5,0,0.0526471301065855,0.0462061255352776,-0.00644100457130793,0.00278107991571532,0.00209369974858909,0.0757920607317437,0.863636363636364,0.0847667850668684,0.977272727272727,0.0126530670844335,0.159090909090909,-0.0173469329155665,0.159090909090909,0.11227419050211
high_noise,47,3,LAST,0.94,1,0,1.5,1.5,0,0.0218546921905889,0.0272059715901783,0.00535127939958938,0.000484555024744882,0.000740185822680101,0.0322964771198377,0.75,0.0449188978386564,0.886363636363636,0.0113891594918057,0.340909090909091,-0.018498931326006,0.318181818181818,0.100812537754346
high_noise,49,1,FIRST,1,1,0,1.5,1.5,0,0.0514697616549358,0.0561349198003156,0.00466515814537986,0.0026668555295174,0.0031302244255566,0.0668093851074821,0.704545454545455,0.0931960113255899,0.954545454545455,0.0104989617150189,0.159090909090909,-0.0195010382849811,0.159090909090909,0.11145747984269
high_noise,49,2,MIDDLE,0.97,1,0,1.5,1.5,0,0.0290851277085832,0.041016602571081,0.0119314748624978,0.000855689667857237,0.00168558592904829,0.0411905019100999,0.727272727272727,0.0654138419824718,0.840909090909091,0.00604364191785109,0.159090909090909,-0.0239563580821489,0.159090909090909,0.11997307304989
high_noise,49,3,LAST,0.94,1,0,1.5,1.5,0,0.0248604132974503,0.0295634507307184,0.0047030374332681,0.000627284966615382,0.000872294106408946,0.0324231830775195,0.75,0.049903360340785,0.954545454545455,0.0120176194612694,0.181818181818182,-0.0179823805387306,0.181818181818182,0.109938018691309
high_noise,51,1,FIRST,1,1,0,1.5,1.5,0,0.0539277692581249,0.0577961777189096,0.00386840846078467,0.00292144100748375,0.00330841133623291,0.0677212750316137,0.772727272727273,0.0957806357225097,0.977272727272727,0.0199284178464953,0.159090909090909,-0.0100715821535047,0.159090909090909,0.114656443114411
high_noise,51,2,MIDDLE,0.97,1,0,1.5,1.5,0,0.0522476332217704,0.0470998563029063,-0.00514777691886418,0.00274242639890332,0.00217917009438982,0.0684078195526728,0.727272727272727,0.0857545633083567,0.977272727272727,0.0113817833942026,0.159090909090909,-0.0186182166057973,0.159090909090909,0.115036233824617
high_noise,51,3,LAST,0.94,1,0,1.5,1.5,0,0.0249706304740728,0.0306897720345646,0.00571914156049179,0.00063168276145742,0.000937395629257653,0.0321683888360241,0.75,0.051176228234702,0.954545454545455,0.00856161929236854,0.159090909090909,-0.0214383807076315,0.159090909090909,0.125438585119758
high_noise,53,1,FIRST,1,1,0,1.5,1.5,0,0.0489089200592808,0.0598417165923012,0.0109327965330204,0.00238851837610067,0.00354718504049558,0.0694915160682832,0.931818181818182,0.0994334720165859,0.931818181818182,0.0156051241736523,0.159090909090909,-0.0143948758263477,0.159090909090909,0.118558184318964
high_noise,53,2,MIDDLE,0.97,1,0,1.5,1.5,0,0.0491386443708016,0.0478720791819264,-0.00126656518887513,0.00243468778376171,0.00226316341510826,0.063599703011625,0.75,0.0835276256926315,0.977272727272727,0.0236676742577157,0.204545454545455,-0.00633232574228426,0.204545454545455,0.110367628882716
high_noise,53,3,LAST,0.94,1,0,1.5,1.5,0,0.0175152866415399,0.0300170113924805,0.0125017247509405,0.000309737605957263,0.000903968308607865,0.0265830609686836,0.727272727272727,0.0475196482397733,0.840909090909091,0.00905683220130707,0.204545454545455,-0.0209431677986929,0.204545454545455,0.11105224493148
high_noise,55,1,FIRST,1,1,0,1.5,1.5,0,0.0533581909008123,0.055710531997588,0.00235234109677564,0.00284879682672173,0.00305480900849592,0.0730013359077781,0.977272727272727,0.0984749018405489,0.977272727272727,0.0136254366787111,0.159090909090909,-0.0163745633212889,0.159090909090909,0.120150085074067
high_noise,55,2,MIDDLE,0.97,1,0,1.5,1.5,0,0.0284247582145922,0.0380361797484612,0.009611421533869,0.000818749969781318,0.00144931843191532,0.0325693827355942,0.727272727272727,0.0589979281559024,0.818181818181818,0.0104147917202638,0.159090909090909,-0.0195852082797362,0.159090909090909,0.107805996897369
high_noise,55,3,LAST,0.94,1,0,1.5,1.5,0,0.0173155002183976,0.0268972915214121,0.00958179130301447,0.000302786220015896,0.000723822615996906,0.023446278522985,0.704545454545455,0.0405648714246405,0.909090909090909,0.00500159751806223,0.181818181818182,-0.0249984024819378,0.181818181818182,0.113717947877428
high_noise,57,1,FIRST,1,1,0,1.5,1.5,0,0.0651948573700644,0.063726316573383,-0.00146854079668141,0.00425451881602708,0.00399976550207359,0.0926736422482766,0.954545454545455,0.1122988928706,0.977272727272727,0.0182980005403933,0.159090909090909,-0.0117019994596067,0.159090909090909,0.0995178116009569
high_noise,57,2,MIDDLE,0.97,1,0,1.5,1.5,0,0.0411841118901509,0.0471777793437708,0.00599366745361984,0.0017150837078246,0.00222104963793151,0.0555401267142042,0.704545454545455,0.0769266048020816,0.909090909090909,0.0193241312170871,0.159090909090909,-0.0106758687829129,0.159090909090909,0.113928697579172
high_noise,57,3,LAST,0.94,1,0,1.5,1.5,0,0.0353598127626427,0.0349993786933338,-0.000360434069308913,0.00126397867903369,0.00120660451319242,0.0484485554878497,0.727272727272727,0.0617393835451979,0.977272727272727,0.0167609130494263,0.159090909090909,-0.0132390869505737,0.159090909090909,0.115960426589433
high_noise,59,1,FIRST,1,1,0,1.5,1.5,0,0.0556771304014631,0.0610268444448639,0.00534971404340085,0.00309666744219476,0.00367146016448589,0.0763757234629895,0.977272727272727,0.106193651965958,0.977272727272727,0.0149626395617577,0.159090909090909,-0.0150373604382423,0.159090909090909,0.114493908725717
high_noise,59,2,MIDDLE,0.97,1,0,1.5,1.5,0,0.0469160540076519,0.0478545237699994,0.000938469762347433,0.00221152224686461,0.00225395278250537,0.0575582812707677,0.863636363636364,0.084951764222858,0.977272727272727,0.0248750065137048,0.181818181818182,-0.00512499348629525,0.181818181818182,0.104672718837932
high_noise,59,3,LAST,0.94,1,0,1.5,1.5,0,0.0319536704075555,0.0322573648033096,0.000303694395754131,0.00103427397994912,0.00102804920893218,0.0407909124233223,0.704545454545455,0.0564520499545618,0.977272727272727,0.0205413782193285,0.159090909090909,-0.00945862178067153,0.159090909090909,0.0986099353324592
high_noise,61,1,FIRST,1,1,0,1.5,1.5,0,0.0379919381050717,0.05190753511766,0.0139155970125884,0.00144592175050879,0.00268219745307776,0.0501481532647011,0.704545454545455,0.0772729995496596,0.977272727272727,0.0130776897203592,0.159090909090909,-0.0169223102796408,0.159090909090909,0.117768312783329
high_noise,61,2,MIDDLE,0.97,1,0,1.5,1.5,0,0.0410073784720538,0.0421422099055834,0.0011348314335296,0.00169227364319657,0.00174735303118083,0.0459031560514319,0.863636363636364,0.0735498299087763,0.977272727272727,0.0265277333139878,0.159090909090909,-0.00347226668601225,0.159090909090909,0.110790824101049
high_noise,61,3,LAST,0.94,1,0,1.5,1.5,0,0.0163615846118266,0.0248802770783314,0.0085186924665048,0.000269828476855788,0.000616048506486088,0.0176073372449103,0.75,0.0380919667858235,0.840909090909091,0.0112970903814378,0.204545454545455,-0.0187029096185622,0.204545454545455,0.118320976075148
high_noise,63,1,FIRST,1,1,0,1.5,1.5,0,0.0506255603156744,0.0588893155080219,0.0082637551923475,0.00255293351138146,0.00341690856000219,0.0722381968251338,0.977272727272727,0.102238196825134,0.977272727272727,0.0138159365541677,0.159090909090909,-0.0161840634458323,0.159090909090909,0.113451708766155
high_noise,63,2,MIDDLE,0.97,1,0,1.5,1.5,0,0.0382040044559587,0.0440209469883814,0.00581694253242276,0.00147153070932409,0.00192376861597329,0.0464788582466725,0.75,0.0736407837857788,0.954545454545455,0.0158121654570295,0.159090909090909,-0.0141878345429705,0.159090909090909,0.120229281739371
high_noise,63,3,LAST,0.94,1,0,1.5,1.5,0,0.0231897321464862,0.0279018905131117,0.00471215836662543,0.000545516994610903,0.000776116163915982,0.0267367398300473,0.704545454545455,0.0429424566528919,0.977272727272727,0.0142716056741303,0.181818181818182,-0.0157283943258697,0.181818181818182,0.110906586069884
high_noise,65,1,FIRST,1,1,0,1.5,1.5,0,0.0554875498373447,0.0562234680104625,0.000735918173117849,0.00308756230218282,0.00311290342933773,0.0700263929435441,0.977272727272727,0.0996561360368358,0.977272727272727,0.0343144542765979,0.159090909090909,0.00431445427659788,0.159090909090909,0.108895217248696
high_noise,65,2,MIDDLE,0.97,1,0,1.5,1.5,0,0.0347466211499154,0.0389695026754348,0.00422288152551942,0.00122451284453077,0.00151635128479815,0.0415875447067559,0.75,0.0635812908362295,0.886363636363636,0.0254524696995198,0.159090909090909,-0.00454753030048016,0.159090909090909,0.120142594830458
high_noise,65,3,LAST,0.94,1,0,1.5,1.5,0,0.0183207316040028,0.0255086562054204,0.0071879246014177,0.000339493854476899,0.0006504147105339,0.0194743022822681,0.75,0.0406202378038838,0.909090909090909,0.0134787667223168,0.181818181818182,-0.0165212332776832,0.181818181818182,0.108495637012963
high_noise,67,1,FIRST,1,1,0,1.5,1.5,0,0.0465742352617985,0.0526080770830315,0.00603384182123294,0.00217043397924254,0.00272970285867336,0.0618626963106468,0.977272727272727,0.0918626963106468,0.977272727272727,0.0221223899613084,0.159090909090909,-0.00787761003869158,0.159090909090909,0.11556102457048
high_noise,67,2,MIDDLE,0.97,1,0,1.5,1.5,0,0.0363688325203106,0.0389396305568079,0.00257079803649729,0.00133645765537086,0.00150158475865469,0.038384609437036,0.704545454545455,0.065927961866733,0.954545454545455,0.0197215262927364,0.159090909090909,-0.0102784737072636,0.159090909090909,0.121038366741485
high_noise,67,3,LAST,0.94,1,0,1.5,1.5,0,0.0200180385882061,0.0224177603423581,0.00239972175415204,0.000406072610117102,0.000499993858825792,0.0107088194374353,0.704545454545455,0.0355911758316088,0.954545454545455,0.0171074407079954,0.590909090909091,-0.0105010368707889,0.159090909090909,0.117705692008431
high_noise,69,1,FIRST,1,1,0,1.5,1.5,0,0.0551517078821351,0.0567632510670533,0.00161154318491817,0.00304049574641304,0.00316253064333671,0.0767648815008474,0.977272727272727,0.103690430793884,0.977272727272727,0.0278960035414808,0.159090909090909,-0.00210399645851919,0.159090909090909,0.111318966842965
high_noise,69,2,MIDDLE,0.97,1,0,1.5,1.5,0,0.0349103653948815,0.0411368487841232,0.00622648338924172,0.00122045282263393,0.00166434231903783,0.0420538419098871,0.977272727272727,0.0720538419098872,0.977272727272727,0.0225473294219706,0.159090909090909,-0.00745267057802942,0.159090909090909,0.112088536115844
high_noise,69,3,LAST,0.94,1,0,1.5,1.5,0,0.0230932744164969,0.022407777633822,-0.000685496782674919,0.000541610175847919,0.000498010546363738,0.0212965573087508,0.704545454545455,0.0357574278859074,0.818181818181818,0.0225578760409377,0.181818181818182,-0.00744212395906232,0.181818181818182,0.114536705593385
high_noise,71,1,FIRST,1,1,0,1.5,1.5,0,0.0392540401750859,0.046429275554994,0.00717523537990808,0.0015503047369265,0.00213895852156305,0.0432531783710002,0.977272727272727,0.0732531783710002,0.977272727272727,0.0259576406445003,0.159090909090909,-0.00404235935549971,0.159090909090909,0.109435983190512
high_noise,71,2,MIDDLE,0.97,1,0,1.5,1.5,0,0.0320630537158758,0.0370167930684014,0.00495373935252555,0.00103615121538389,0.00135421851255647,0.0360107584246491,0.863636363636364,0.0653676505125526,0.977272727272727,0.0280563688740738,0.181818181818182,-0.00194363112592616,0.181818181818182,0.117973361958042
high_noise,71,3,LAST,0.94,1,0,1.5,1.5,0,0.0136039410797288,0.0186153887212535,0.00501144764152472,0.000185477979754855,0.000339127093209915,0.00172151236216189,0.704545454545455,0.0271587707826251,0.75,0.0094188839508868,0.159090909090909,-0.0205811160491132,0.159090909090909,0.112420780893522
high_noise,73,1,FIRST,1,1,0,1.5,1.5,0,0.050320478826807,0.0542453858141977,0.0039249069873907,0.00253996651722022,0.00290610927935267,0.0598272316999955,0.977272727272727,0.0898272316999955,0.977272727272727,0.0243518635496875,0.159090909090909,-0.00564813645031248,0.159090909090909,0.112620976840154
high_noise,73,2,MIDDLE,0.97,1,0,1.5,1.5,0,0.037938484685135,0.0407194211500327,0.00278093646489771,0.00144702413412827,0.00163101983591928,0.0448842413471708,0.977272727272727,0.0748842413471709,0.977272727272727,0.0327038198817727,0.159090909090909,0.00270381988177271,0.159090909090909,0.114371621011065
high_noise,73,3,LAST,0.94,1,0,1.5,1.5,0,0.0135065706665546,0.0224572345245346,0.00895066385797996,0.000182765516556398,0.000500303453647441,0.0147440063559224,0.704545454545455,0.033896294281646,0.772727272727273,0.0113347908895193,0.181818181818182,-0.0186652091104807,0.181818181818182,0.115233345642845
high_noise,75,1,FIRST,1,1,0,1.5,1.5,0,0.0503047142137093,0.0513223259079749,0.00101761169426567,0.00254121513396267,0.00259476222558286,0.0603749867870575,0.977272727272727,0.0903749867870576,0.977272727272727,0.0275268353476853,0.159090909090909,-0.00247316465231467,0.159090909090909,0.104635003130836
high_noise,75,2,MIDDLE,0.97,1,0,1.5,1.5,0,0.0333749854853208,0.0367903515234104,0.00341536603808959,0.00112181822383988,0.00133306380681709,0.0399513040261456,0.75,0.0672193062723451,0.954545454545455,0.0220613630442774,0.159090909090909,-0.00793863695572261,0.159090909090909,0.113442342743397
high_noise,75,3,LAST,0.94,1,0,1.5,1.5,0,0.0204499483698479,0.0210456191638034,0.000595670793955484,0.000423936284379709,0.00043828537156328,0.0142561352221748,0.840909090909091,0.0393528279415415,0.977272727272727,0.0150678552614375,0.590909090909091,-0.00296159372590099,0.295454545454545,0.118311843176172
high_noise,77,1,FIRST,1,1,0,1.5,1.5,0,0.0568295806746451,0.0545061324356646,-0.00232344823898046,0.00322819426971194,0.00290181282700615,0.0765786325348068,0.977272727272727,0.103442518938716,0.977272727272727,0.0315853625510285,0.159090909090909,0.00158536255102854,0.159090909090909,0.121312629281182
high_noise,77,2,MIDDLE,0.97,1,0,1.5,1.5,0,0.0313039416889701,0.0367248225222017,0.00542088083323165,0.00098538797231726,0.00132920034697995,0.0368636341420908,0.977272727272727,0.0668636341420908,0.977272727272727,0.0228551406455199,0.159090909090909,-0.00714485935448006,0.159090909090909,0.114223385103693
high_noise,77,3,LAST,0.94,1,0,1.5,1.5,0,0.0263586883686337,0.0220021207053471,-0.00435656766328655,0.000706434355711699,0.000476788893718537,0.0239151852503141,0.727272727272727,0.0433018960966651,0.977272727272727,0.0232837834596234,0.159090909090909,-0.00671621654037663,0.159090909090909,0.106665235006077
high_noise,79,1,FIRST,1,1,0,1.5,1.5,0,0.0558266178505986,0.0546561710816712,-0.00117044676892741,0.0031148896070125,0.00291935795892716,0.0765105374675172,0.977272727272727,0.105156960806323,0.977272727272727,0.0340999840546508,0.159090909090909,0.00409998405465081,0.159090909090909,0.110215395133042
high_noise,79,2,MIDDLE,0.97,1,0,1.5,1.5,0,0.0380281607673669,0.0399791951424586,0.00195103437509175,0.00144242017792117,0.00155119871725783,0.0511325986675529,0.977272727272727,0.081132598667553,0.977272727272727,0.0263085432603501,0.204545454545455,-0.00369145673964993,0.204545454545455,0.113628122918525
high_noise,79,3,LAST,0.94,1,0,1.5,1.5,0,0.0203924868300736,0.0226438249330411,0.00225133810296745,0.000421204822476621,0.000506321110130141,0.0192030953846275,0.75,0.0437670923838457,0.954545454545455,0.0148715976643513,0.590909090909091,-0.00907784905897799,0.159090909090909,0.10805344017753
high_noise,81,1,FIRST,1,1,0,1.5,1.5,0,0.0513418615408621,0.0497963059011376,-0.0015455556397244,0.00263688415795926,0.0024192456995986,0.0629213897843216,0.977272727272727,0.0929213897843216,0.977272727272727,0.0305560555086946,0.159090909090909,0.000556055508694614,0.159090909090909,0.108588964927613
high_noise,81,2,MIDDLE,0.97,1,0,1.5,1.5,0,0.029605159497096,0.0341698146724644,0.00456465517536839,0.00087722477261309,0.0011396215287617,0.0373319556240227,0.977272727272727,0.0673319556240227,0.977272727272727,0.0256521135020064,0.590909090909091,-0.00354829414302504,0.159090909090909,0.118589429295339
high_noise,81,3,LAST,0.94,1,0,1.5,1.5,0,0.0247406484957773,0.0213730030594935,-0.00336764543628383,0.000618133575952985,0.00043609854110571,0.0223114025534207,0.977272727272727,0.0507790029094158,0.977272727272727,0.0234511008775691,0.568181818181818,-0.00443614457255553,0.159090909090909,0.10121573625505
high_noise,83,1,FIRST,1,1,0,1.5,1.5,0,0.0489684386370035,0.0499042980206778,0.000935859383674326,0.00238501815189679,0.00241840431761075,0.0714008341711198,0.977272727272727,0.100495862611426,0.977272727272727,0.0301355338777066,0.159090909090909,0.000135533877706567,0.159090909090909,0.111337641306772
high_noise,83,2,MIDDLE,0.97,1,0,1.5,1.5,0,0.0312299641890827,0.0354184903791574,0.00418852619007472,0.000972119622565405,0.00121766921846541,0.0440829495266712,0.954545454545455,0.0732932543957546,0.977272727272727,0.0244701436938729,0.159090909090909,-0.00552985630612712,0.159090909090909,0.115685304077649
high_noise,83,3,LAST,0.94,1,0,1.5,1.5,0,0.0164942833024172,0.0156074458540504,-0.00088683744836685,0.000274488020875447,0.000235144709493678,-0.0010976938948789,0.909090909090909,0.0289023061051211,0.909090909090909,0.00809682455652516,0.590909090909091,-0.00652463885053539,0.227272727272727,0.114573558757319
high_noise,84,1,FIRST,1,1,0,1.5,1.5,0,0.0335717766569561,0.0342523695205345,0.000680592863578376,0.00113144485224107,0.00114168777021245,0.0387967660947656,0.977272727272727,0.0687967660947656,0.977272727272727,0.0285043621755477,0.159090909090909,-0.00149563782445225,0.159090909090909,0.111592317954632
high_noise,84,2,MIDDLE,0.97,1,0,1.5,1.5,0,0.0237247251574209,0.0171078503902755,-0.00661687476714537,0.000571785180802934,0.000283081744283169,0.00382065949601418,0.977272727272727,0.0338206594960142,0.977272727272727,0.0146065560552285,0.590909090909091,-0.00142162289843956,0.159090909090909,0.117860440854675
high_noise,84,3,LAST,0.94,1,0,1.5,1.5,0,0.0187463993995107,0.0118220990185008,-0.00692430038100982,0.000355657904860693,0.000128954588135168,-0.0123545775162532,0.977272727272727,0.0176454224837468,0.977272727272727,-0.0122971818968804,0.590909090909091,-0.0153499635795244,0.318181818181818,0.117134503134167
current_bias,1,1,FIRST,1,1,0,1,1,0.005,0.0319538252904496,0.0442300820224267,0.0122762567319771,0.000995463759204068,0.00189882426733897,0.0638984145534326,0.977272727272727,0.0938984145534326,0.977272727272727,0.0104180446209993,0.386363636363636,-0.0191995780468795,0.227272727272727,0.101567381209917
current_bias,1,2,MIDDLE,0.97,1,0,1,1,0.005,0.0174269775526421,0.0342842635764218,0.0168572860237797,0.00029156087251788,0.00114785101299185,0.0383847572383395,0.954545454545455,0.0683847572383395,0.954545454545455,-0.00197257829461944,0.454545454545455,-0.0299139584281818,0.363636363636364,0.114610850952837
current_bias,1,3,LAST,0.94,1,0,1,1,0.005,0.0199127254956289,0.0311533516109651,0.0112406261153362,0.000401771804402132,0.000978604999787287,-0.0025292537509386,0.977272727272727,0.0274707462490614,0.977272727272727,-0.0351393830410631,0.5,-0.0498663757805272,0.295454545454545,0.107945872676013
current_bias,3,1,FIRST,1,1,0,1,1,0.005,0.0329087004356995,0.0481615461475805,0.015252845711881,0.0010500462986129,0.00225756367684076,0.0696430812088877,0.954545454545455,0.0996430812088878,0.954545454545455,0.00554632659615983,0.318181818181818,-0.0239886119542493,0.272727272727273,0.114881450869729
current_bias,3,2,MIDDLE,0.97,1,0,1,1,0.005,0.0278683720795219,0.0398096185095666,0.0119412464300447,0.000750771247129996,0.00152972359484255,0.0615076802690523,0.954545454545455,0.0858546728737082,0.977272727272727,0.000137889427035243,0.386363636363636,-0.0276561993821849,0.363636363636364,0.115442794848351
current_bias,3,3,LAST,0.94,1,0,1,1,0.005,0.0124793122295771,0.0307168983665904,0.0182375861370133,0.000154648640946573,0.00094416347628806,0.0146729495151011,0.954545454545455,0.0446729495151011,0.954545454545455,-0.0222175864519379,0.5,-0.044354216966894,0.340909090909091,0.0997549194133275
current_bias,5,1,FIRST,1,1,0,1,1,0.005,0.0285297808681026,0.0469163748659607,0.0183865939978581,0.000783043011612075,0.00214832733372687,0.0643867216805737,0.977272727272727,0.0943867216805737,0.977272727272727,0.00206143917147519,0.204545454545455,-0.0279385608285248,0.204545454545455,0.11496988541019
current_bias,5,2,MIDDLE,0.97,1,0,1,1,0.005,0.0274511024932784,0.0395347299735018,0.0120836274802234,0.000730115571455699,0.00151065395829355,0.0588008281076395,0.977272727272727,0.0845066028175094,0.977272727272727,0.00147009928680275,0.386363636363636,-0.0282179349837525,0.318181818181818,0.117212120718981
current_bias,5,3,LAST,0.94,1,0,1,1,0.005,0.011186577158337,0.0314114157468815,0.0202248385885445,0.000122426597849472,0.000984735098440145,0.0213882427453084,0.886363636363636,0.0505549645881883,0.977272727272727,-0.0115736726676728,0.431818181818182,-0.0412761753505529,0.386363636363636,0.112148959673594
current_bias,7,1,FIRST,1,1,0,1,1,0.005,0.0296410809494294,0.0471417873429475,0.017500706393518,0.000849011534259973,0.00216979606746874,0.0635327490432588,0.977272727272727,0.0935327490432588,0.977272727272727,-0.000382197389394878,0.25,-0.0303821973893948,0.25,0.116010200956003
current_bias,7,2,MIDDLE,0.97,1,0,1,1,0.005,0.0150936591011037,0.035671005534669,0.0205773464335653,0.000221888763179074,0.00126266329448637,0.0309296669082473,0.977272727272727,0.0609296669082473,0.977272727272727,-0.00961641908393052,0.386363636363636,-0.0360731745611217,0.272727272727273,0.116471334947617
current_bias,7,3,LAST,0.94,1,0,1,1,0.005,0.0146301688558525,0.0328017045237824,0.0181715356679298,0.000215013305868542,0.0010839213902021,0.0152580727305957,0.886363636363636,0.0450111970524532,0.909090909090909,-0.0253892353696099,0.477272727272727,-0.0491722222568736,0.318181818181818,0.114638648306877
current_bias,11,1,FIRST,1,1,0,1,1,0.005,0.0325280320220923,0.0480311493151421,0.0155031172930498,0.00103015445176362,0.00225282084342758,0.0654935933513573,0.977272727272727,0.0954935933513573,0.977272727272727,0.000852316720274637,0.204545454545455,-0.0291476832797254,0.204545454545455,0.108192252061243
current_bias,11,2,MIDDLE,0.97,1,0,1,1,0.005,0.0175702945134356,0.0373820941718486,0.019811799658413,0.000302260951145403,0.00138554806022355,0.0351950299304767,0.977272727272727,0.0651950299304768,0.977272727272727,-0.00952800855488256,0.363636363636364,-0.0385064136531761,0.295454545454545,0.111597927642729
current_bias,11,3,LAST,0.94,1,0,1,1,0.005,0.0126588525691705,0.0331394657418003,0.0204806131726298,0.000159841533146049,0.00110546278896497,0.0159417097791296,0.977272727272727,0.0459417097791296,0.977272727272727,-0.0187426466848626,0.477272727272727,-0.0485570375492519,0.340909090909091,0.116587703308692
current_bias,13,1,FIRST,1,1,0,1,1,0.005,0.0361263836264481,0.0504432457376387,0.0143168621111907,0.00128651167223813,0.00250118702079395,0.0655851730785967,0.977272727272727,0.0955851730785967,0.977272727272727,0.00618804722534164,0.159090909090909,-0.0238119527746584,0.159090909090909,0.108028921833775
current_bias,13,2,MIDDLE,0.97,1,0,1,1,0.005,0.0251878849596707,0.0412212396810927,0.0160333547214219,0.000624266137396893,0.00167381067646907,0.0471408980866461,0.931818181818182,0.0771408980866461,0.931818181818182,-0.00206038520601254,0.295454545454545,-0.0320603852060125,0.295454545454545,0.109285622403467
current_bias,13,3,LAST,0.94,1,0,1,1,0.005,0.0190158793888817,0.035740273322513,0.0167243939336313,0.000358597988664667,0.00126746890747469,0.0338589676703801,0.931818181818182,0.0596060855736746,0.977272727272727,-0.0134916545595551,0.295454545454545,-0.0434916545595552,0.295454545454545,0.114211929202541
current_bias,17,1,FIRST,1,1,0,1,1,0.005,0.0470038559543945,0.0514387644668398,0.00443490851244528,0.00217824811138349,0.00257131978772785,0.083966906393012,0.977272727272727,0.105080257478025,0.977272727272727,0.00704380635628812,0.159090909090909,-0.0229561936437119,0.159090909090909,0.107652718783774
current_bias,17,2,MIDDLE,0.97,1,0,1,1,0.005,0.0203463518200342,0.0377942517559665,0.0174478999359323,0.000408942384901613,0.00141529593762603,0.0368899706660882,0.863636363636364,0.0662966896576034,0.954545454545455,-0.000933690911107038,0.204545454545455,-0.030933690911107,0.204545454545455,0.114444237424458
current_bias,17,3,LAST,0.94,1,0,1,1,0.005,0.00942248302402398,0.030682366320686,0.021259883296662,8.68130735950104e-05,0.000945511708959162,0.00909467547170084,0.886363636363636,0.0390946754717009,0.886363636363636,-0.0162955985452655,0.5,-0.0418178864688665,0.363636363636364,0.106129573084768
current_bias,20,1,FIRST,1,1,0,1,1,0.005,0.0397921106467976,0.0531417150643477,0.0133496044175501,0.00155797746506057,0.00276800650245457,0.0716604945234469,0.977272727272727,0.101660494523447,0.977272727272727,-0.000643448032392774,0.159090909090909,-0.0306434480323928,0.159090909090909,0.112703287499956
current_bias,20,2,MIDDLE,0.97,1,0,1,1,0.005,0.0193958032131906,0.0381621183989844,0.0187663151857938,0.000371012769213766,0.00144528095351112,0.0346773769653507,0.886363636363636,0.0646773769653507,0.886363636363636,-0.000263968149398608,0.295454545454545,-0.0302639681493986,0.295454545454545,0.10671766770713
current_bias,20,3,LAST,0.94,1,0,1,1,0.005,0.0128211936105047,0.0340653560247855,0.0212441624142808,0.000163967334619171,0.00116842317350203,0.0207350956352021,0.909090909090909,0.0492911661851378,0.909090909090909,-0.0175094004687466,0.318181818181818,-0.0467038802043369,0.318181818181818,0.109118245956095
current_bias,22,1,FIRST,1,1,0,1,1,0.005,0.0543488103273012,0.0589136704863473,0.00456486015904615,0.0029221294111072,0.00338797102801917,0.0920899138833993,0.977272727272727,0.115479444717405,0.977272727272727,0.00849237781619636,0.159090909090909,-0.0215076221838036,0.159090909090909,0.116935562559259
current_bias,22,2,MIDDLE,0.97,1,0,1,1,0.005,0.0323729760700107,0.0449750193650717,0.012602043295061,0.00104487526249927,0.0020007392643017,0.0543290720930449,0.818181818181818,0.0829285250065318,0.931818181818182,0.00466757564010964,0.159090909090909,-0.0253324243598904,0.159090909090909,0.108490524743032
current_bias,22,3,LAST,0.94,1,0,1,1,0.005,0.016467171951876,0.0355766812730043,0.0191095093211283,0.000267497039862094,0.00125863802429185,0.0300387034210383,0.863636363636364,0.0589762385203033,0.954545454545455,-0.00528610358160148,0.25,-0.0352861035816014,0.25,0.106483841098398
current_bias,24,1,FIRST,1,1,0,1,1,0.005,0.0465643324012607,0.0546245998371201,0.00806026743585934,0.00214998123361217,0.00292282131047913,0.0771901340590759,0.977272727272727,0.105992351667808,0.977272727272727,0.0102085184443148,0.227272727272727,-0.0197914815556852,0.227272727272727,0.102186965695613
current_bias,24,2,MIDDLE,0.97,1,0,1,1,0.005,0.0316109877867849,0.0435177076446352,0.0119067198578504,0.000990795883024388,0.00186194774212864,0.0537647595748844,0.931818181818182,0.0820475835995063,0.977272727272727,0.00238173414726353,0.227272727272727,-0.0276182658527365,0.227272727272727,0.101949975349557
current_bias,24,3,LAST,0.94,1,0,1,1,0.005,0.0182084774646967,0.03279049088444,0.0145820134197433,0.000332634884170702,0.00107248187517675,0.0351014293572581,0.840909090909091,0.0553994576317139,0.954545454545455,-0.00322163482673193,0.318181818181818,-0.0332216348267319,0.318181818181818,0.113156954734737
current_bias,26,1,FIRST,1,1,0,1,1,0.005,0.0448069961541612,0.0565742057719573,0.011767209617796,0.00198578287099206,0.00314457185413799,0.0764493855773914,0.886363636363636,0.106279962870221,0.977272727272727,0.00579455030953688,0.159090909090909,-0.0242054496904631,0.159090909090909,0.11471928829118
current_bias,26,2,MIDDLE,0.97,1,0,1,1,0.005,0.0246079218368228,0.0415625038375006,0.0169545820006778,0.00060606287178642,0.00172351859052207,0.0426662798403358,0.818181818181818,0.0712187278962655,0.840909090909091,0.000370352309188748,0.227272727272727,-0.0296296476908113,0.227272727272727,0.109023302134368
current_bias,26,3,LAST,0.94,1,0,1,1,0.005,0.0153152492933751,0.0352264446983042,0.0199111954049291,0.000235201295192284,0.00124802352307668,0.0285259320532775,0.818181818181818,0.0539134138303833,0.909090909090909,-0.0123873858136663,0.272727272727273,-0.0423873858136663,0.272727272727273,0.108730763734874
current_bias,28,1,FIRST,1,1,0,1,1,0.005,0.0421146594163311,0.052983955469441,0.0108692960531099,0.00177396302077046,0.0027823817014394,0.0608209984114637,0.75,0.0903939799846903,0.931818181818182,0.00996290072725817,0.159090909090909,-0.0200370992727418,0.159090909090909,0.0990393351459547
current_bias,28,2,MIDDLE,0.97,1,0,1,1,0.005,0.0164135790818449,0.0385675359181079,0.022153956836263,0.000266316163585968,0.0014868816152744,0.0299486319573419,0.863636363636364,0.0599486319573419,0.863636363636364,-0.00380844490113391,0.340909090909091,-0.0330278721142743,0.25,0.111678746625181
current_bias,28,3,LAST,0.94,1,0,1,1,0.005,0.0210750064633147,0.0332681661732118,0.0121931597098971,0.000447329144081322,0.00110339814016595,0.0367481539548851,0.772727272727273,0.057009149426472,0.954545454545455,0.000101168564108023,0.25,-0.029898831435892,0.25,0.116890571470781
current_bias,30,1,FIRST,1,1,0,1,1,0.005,0.0496388480685641,0.0568466755449191,0.00720782747635501,0.0024435597416009,0.00316697911145935,0.0804805353739847,0.977272727272727,0.106677714938124,0.977272727272727,0.00940108345534882,0.181818181818182,-0.0205989165446512,0.181818181818182,0.111905189869828
current_bias,30,2,MIDDLE,0.97,1,0,1,1,0.005,0.0388125865491706,0.0452514628551162,0.0064388763059456,0.00150817190265543,0.00201724440179263,0.0594087117753872,0.909090909090909,0.0832643136339761,0.977272727272727,0.00403767255373608,0.159090909090909,-0.0259623274462639,0.159090909090909,0.105368379175771
current_bias,30,3,LAST,0.94,1,0,1,1,0.005,0.00934264095699919,0.0310655860013453,0.0217229450443461,8.51653101085632e-05,0.000968906781317286,0.0178099136649484,0.727272727272727,0.0438061387002036,0.795454545454545,-0.00992657328435603,0.295454545454545,-0.039926573284356,0.295454545454545,0.10993402025696
current_bias,32,1,FIRST,1,1,0,1,1,0.005,0.0578577186648754,0.0581640248131179,0.000306306148242549,0.00334331876152559,0.00331779777137053,0.0857312226583876,0.931818181818182,0.108403616469878,0.977272727272727,0.0146609589283321,0.159090909090909,-0.0153390410716679,0.159090909090909,0.117877383571344
current_bias,32,2,MIDDLE,0.97,1,0,1,1,0.005,0.0423591954815775,0.0460238834610381,0.0036646879794606,0.00179343810768423,0.00207727690921858,0.0654906657128544,0.818181818181818,0.0858688115369478,0.977272727272727,0.00897102757396681,0.204545454545455,-0.0210289724260332,0.204545454545455,0.112384144125063
current_bias,32,3,LAST,0.94,1,0,1,1,0.005,0.0117861978546841,0.0318121393594582,0.0200259415047741,0.000138281916210512,0.00101983158134825,0.0207252436155702,0.772727272727273,0.048644709585466,0.840909090909091,-0.00553409375102726,0.25,-0.0355340937510272,0.25,0.114203269623839
current_bias,34,1,FIRST,1,1,0,1,1,0.005,0.042621109539637,0.0555235068818195,0.0129023973421825,0.00181123054863602,0.00305421181855644,0.0658190816265976,0.931818181818182,0.0958190816265976,0.931818181818182,0.0029549266596165,0.159090909090909,-0.0270450733403835,0.159090909090909,0.110143235476584
current_bias,34,2,MIDDLE,0.97,1,0,1,1,0.005,0.0385745072505436,0.0438557397938771,0.00528123254333352,0.00149274957708433,0.00189557528701567,0.0573115011901547,0.75,0.0810022516255346,0.977272727272727,0.00963229496055829,0.159090909090909,-0.0203677050394417,0.159090909090909,0.102799347407217
current_bias,34,3,LAST,0.94,1,0,1,1,0.005,0.0222052341487609,0.0309724325682641,0.00876719841950321,0.000497853673893913,0.000953993457655765,0.0357560202061793,0.840909090909091,0.0544984983133848,0.954545454545455,0.00574335812347632,0.318181818181818,-0.0242566418765237,0.318181818181818,0.111071188222972
current_bias,36,1,FIRST,1,1,0,1,1,0.005,0.0495960506986058,0.0595272540616222,0.00993120336301646,0.00246240921468278,0.00351553494899239,0.0739420767919603,0.818181818181818,0.10200904520554,0.909090909090909,0.00547567415631087,0.159090909090909,-0.0245243258436891,0.159090909090909,0.106823030862596
current_bias,36,2,MIDDLE,0.97,1,0,1,1,0.005,0.0288836875143259,0.0463338050812445,0.0174501175669186,0.000832830906447981,0.00213889731796183,0.0456484003422709,0.909090909090909,0.0756484003422709,0.909090909090909,0.000197775138027656,0.181818181818182,-0.0298022248619723,0.181818181818182,0.108011428753725
current_bias,36,3,LAST,0.94,1,0,1,1,0.005,0.017332844032601,0.0321127907102321,0.0147799466776312,0.000303013958374286,0.00103574609705157,0.0282145656491449,0.75,0.0542980351309229,0.863636363636364,0.00279292562543526,0.181818181818182,-0.0272070743745647,0.181818181818182,0.112472921065032
current_bias,38,1,FIRST,1,1,0,1,1,0.005,0.0603954316097679,0.0608441892581926,0.000448757648424634,0.00365005976613417,0.00364210344559585,0.0877186671574826,0.909090909090909,0.109407861960342,0.977272727272727,0.0123537220235931,0.159090909090909,-0.0176462779764069,0.159090909090909,0.118271442739457
current_bias,38,2,MIDDLE,0.97,1,0,1,1,0.005,0.0379619273312701,0.047071564798254,0.00910963746698392,0.00144412029134605,0.00219351930469307,0.0556775659719634,0.886363636363636,0.0823901958307068,0.977272727272727,0.00703164876633725,0.159090909090909,-0.0229683512336628,0.159090909090909,0.109530176853131
current_bias,38,3,LAST,0.94,1,0,1,1,0.005,0.0227039794903645,0.0320191124595455,0.00931513296918103,0.000523285599764364,0.00103197145425276,0.035647037913723,0.75,0.0540926043591944,0.886363636363636,0.00479460603756421,0.159090909090909,-0.0252053939624358,0.159090909090909,0.10826645744202
current_bias,40,1,FIRST,1,1,0,1,1,0.005,0.064881673471667,0.0630227536882618,-0.00185891978340522,0.00420882182910764,0.00390475998726013,0.0937810838912259,0.954545454545455,0.114375472480458,0.977272727272727,0.0191265379095377,0.159090909090909,-0.0108734620904623,0.159090909090909,0.111624571968113
current_bias,40,2,MIDDLE,0.97,1,0,1,1,0.005,0.0456278204895578,0.0491570650982659,0.00352924460870807,0.00209422420690107,0.00239037351688856,0.0657416671474899,0.772727272727273,0.0864827293106988,0.954545454545455,0.0127205131950318,0.159090909090909,-0.0172794868049682,0.159090909090909,0.112897116306894
current_bias,40,3,LAST,0.94,1,0,1,1,0.005,0.0295697026050021,0.0357955328521041,0.00622583024710201,0.000881255102602086,0.00126780042550139,0.0428350757832627,0.75,0.0631309008795058,0.977272727272727,0.0095331604239797,0.159090909090909,-0.0204668395760203,0.159090909090909,0.110404481830902
current_bias,43,1,FIRST,1,1,0,1,1,0.005,0.0453581208956458,0.0559595279138591,0.0106014070182134,0.00205677710817298,0.00310284587020753,0.0643908183528358,0.977272727272727,0.0943908183528358,0.977272727272727,0.0122299420584681,0.159090909090909,-0.0177700579415319,0.159090909090909,0.108103320848796
current_bias,43,2,MIDDLE,0.97,1,0,1,1,0.005,0.0360521227227379,0.0431718090493903,0.0071196863266524,0.00131321876556333,0.00185741029790575,0.0506712998484176,0.772727272727273,0.072787043856625,0.909090909090909,0.00959323710834081,0.159090909090909,-0.0204067628916592,0.159090909090909,0.109933928392875
current_bias,43,3,LAST,0.94,1,0,1,1,0.005,0.0116373344953801,0.0297577078164892,0.0181203733211091,0.000134635700658149,0.000889397880649192,0.0219686729036471,0.704545454545455,0.0435500141612382,0.795454545454545,-0.0037416151489833,0.204545454545455,-0.0337416151489833,0.204545454545455,0.11347190828775
current_bias,45,1,FIRST,1,1,0,1,1,0.005,0.060133067983757,0.0567495326067162,-0.00338353537704079,0.00362159772282788,0.00316679048201371,0.0802844266125088,0.977272727272727,0.101481241661952,0.977272727272727,0.0165276894141599,0.159090909090909,-0.0134723105858401,0.159090909090909,0.103297875226834
current_bias,45,2,MIDDLE,0.97,1,0,1,1,0.005,0.0291782071523437,0.0389862600639795,0.00980805291163579,0.00086189781677943,0.00152103454589162,0.0390107015983306,0.704545454545455,0.0629116141637961,0.818181818181818,0.0116407195645764,0.159090909090909,-0.0183592804354236,0.159090909090909,0.113354153963085
current_bias,45,3,LAST,0.94,1,0,1,1,0.005,0.0188383289795737,0.0290860410346107,0.010247712055037,0.000358758935792062,0.000846601491236075,0.0311053056330765,0.727272727272727,0.0449410842540112,0.909090909090909,0.00234152394686579,0.159090909090909,-0.0276584760531342,0.159090909090909,0.104056729253656
current_bias,47,1,FIRST,1,1,0,1,1,0.005,0.0507409979752488,0.0549704127196265,0.0042294147443777,0.00259433746114307,0.0030034919208098,0.0673762911321291,0.727272727272727,0.091362724472396,0.931818181818182,0.0162893727500581,0.159090909090909,-0.0137106272499419,0.159090909090909,0.109522448021761
current_bias,47,2,MIDDLE,0.97,1,0,1,1,0.005,0.0306647100336876,0.0408894111316501,0.0102247010979625,0.000952317126704078,0.00167517195613933,0.0421181957270101,0.75,0.066361717468665,0.863636363636364,0.00492384621038905,0.159090909090909,-0.0250761537896109,0.159090909090909,0.113290045734727
current_bias,47,3,LAST,0.94,1,0,1,1,0.005,0.011868184845968,0.0267581667662103,0.0148899819202422,0.000140241382766747,0.000716703209460578,0.0191135833951249,0.704545454545455,0.0408196456748259,0.795454545454545,0.00401803011217314,0.181818181818182,-0.0259819698878269,0.181818181818182,0.107490531961172
current_bias,49,1,FIRST,1,1,0,1,1,0.005,0.0497957228311502,0.0558988367210028,0.00610311388985266,0.00248833058623434,0.00309546049581695,0.0663142063411573,0.818181818181818,0.0929662540261933,0.931818181818182,0.0144642528086817,0.159090909090909,-0.0155357471913183,0.159090909090909,0.108050271102983
current_bias,49,2,MIDDLE,0.97,1,0,1,1,0.005,0.03967969181151,0.0422674501422859,0.0025877583307759,0.00159254743142855,0.00177530369864863,0.0558051620478143,0.704545454545455,0.0714767036535329,0.931818181818182,0.0179028519347343,0.159090909090909,-0.0120971480652657,0.159090909090909,0.108422080126482
current_bias,49,3,LAST,0.94,1,0,1,1,0.005,0.0161569286250776,0.0263961441036158,0.0102392154785382,0.000263047284021361,0.000695754226244719,0.0211544568399084,0.704545454545455,0.0412095000011772,0.818181818181818,0.0122818858301764,0.181818181818182,-0.0177181141698236,0.181818181818182,0.109453637823515
current_bias,51,1,FIRST,1,1,0,1,1,0.005,0.0481284936461925,0.0564332991540668,0.00830480550787431,0.00232291143482817,0.00315917246847976,0.0616245712430862,0.977272727272727,0.0916245712430862,0.977272727272727,0.012977470333418,0.159090909090909,-0.017022529666582,0.159090909090909,0.106668767119871
current_bias,51,2,MIDDLE,0.97,1,0,1,1,0.005,0.0362699429339861,0.0428234121792171,0.00655346924523106,0.00133010756095221,0.00182826646385622,0.0464949982160232,0.704545454545455,0.0693983482561964,0.886363636363636,0.0119014709252566,0.159090909090909,-0.0180985290747434,0.159090909090909,0.11598651212946
current_bias,51,3,LAST,0.94,1,0,1,1,0.005,0.0165481506859227,0.0263575625711549,0.0098094118852322,0.000276267001849446,0.000695183894168308,0.019283510131519,0.704545454545455,0.0416721194911165,0.772727272727273,0.0100396462134874,0.181818181818182,-0.0199603537865126,0.181818181818182,0.115835933947096
current_bias,53,1,FIRST,1,1,0,1,1,0.005,0.0542588895220996,0.0602223979034852,0.00596350838138559,0.00295202261012572,0.00359251951066563,0.0726106477343321,0.909090909090909,0.101219457962062,0.954545454545455,0.0151205761608653,0.159090909090909,-0.0148794238391347,0.159090909090909,0.111383917873218
current_bias,53,2,MIDDLE,0.97,1,0,1,1,0.005,0.0403556336693181,0.0447649625802158,0.00440932891089763,0.00164809036310312,0.00199800655742357,0.0514490010448205,0.727272727272727,0.0713230452939309,0.886363636363636,0.0184546881188186,0.159090909090909,-0.0115453118811814,0.159090909090909,0.108324955766991
current_bias,53,3,LAST,0.94,1,0,1,1,0.005,0.0316046673792663,0.0311639517909293,-0.000440715588336974,0.00101716884421881,0.000973569720017676,0.0399314960542317,0.727272727272727,0.0533049804449339,0.931818181818182,0.0180185152918856,0.159090909090909,-0.0119814847081144,0.159090909090909,0.111891991445804
current_bias,55,1,FIRST,1,1,0,1,1,0.005,0.0493403194383073,0.0540406383142675,0.00470031887596017,0.002444559497475,0.00289010592558931,0.0606213271237124,0.704545454545455,0.0905750970421678,0.977272727272727,0.0196770659043261,0.159090909090909,-0.0103229340956739,0.159090909090909,0.0996262500864795
current_bias,55,2,MIDDLE,0.97,1,0,1,1,0.005,0.0272465699759425,0.0387983766524105,0.0115518066764681,0.000751951845747012,0.00150996963864305,0.0348969634744769,0.704545454545455,0.0603254794937848,0.863636363636364,0.00835253451317061,0.159090909090909,-0.0216474654868294,0.159090909090909,0.107921094215436
current_bias,55,3,LAST,0.94,1,0,1,1,0.005,0.0189177577155389,0.0254462820365785,0.00652852432103961,0.000362099654371087,0.000645536229157414,0.0244546273124814,0.704545454545455,0.0382784368853589,0.863636363636364,0.00572114331425508,0.159090909090909,-0.0242788566857449,0.159090909090909,0.106326709089251
current_bias,57,1,FIRST,1,1,0,1,1,0.005,0.0619922101272559,0.0626774135738607,0.000685203446604755,0.00385766635079229,0.00388169339054935,0.0799872766038107,0.977272727272727,0.108683921306555,0.977272727272727,0.0201926094758866,0.159090909090909,-0.00980739052411339,0.159090909090909,0.110140608611233
current_bias,57,2,MIDDLE,0.97,1,0,1,1,0.005,0.0399327305058688,0.046505031748435,0.00657230124256621,0.00161150275550153,0.00215701538206636,0.0501433064884909,0.704545454545455,0.0738441562453374,0.977272727272727,0.0186398472839806,0.159090909090909,-0.0113601527160194,0.159090909090909,0.107598581227075
current_bias,57,3,LAST,0.94,1,0,1,1,0.005,0.0236154405973068,0.0299005954217525,0.00628515482444568,0.000566165887008998,0.000895690632839582,0.0274395093924236,0.704545454545455,0.0472038750767633,0.795454545454545,0.0160912905189523,0.159090909090909,-0.0139087094810477,0.159090909090909,0.117750618615261
current_bias,59,1,FIRST,1,1,0,1,1,0.005,0.0555739842141974,0.0592785281103847,0.0037045438961873,0.00310538020211927,0.00348528838375277,0.0698683342430469,0.704545454545455,0.0960596554071089,0.977272727272727,0.0215982759207096,0.159090909090909,-0.00840172407929041,0.159090909090909,0.111861050797617
current_bias,59,2,MIDDLE,0.97,1,0,1,1,0.005,0.0412557073687898,0.0451482987982622,0.00389259142947239,0.00172267909381956,0.00203226119631124,0.0502782501765057,0.704545454545455,0.0727043144318967,0.886363636363636,0.0186246411410771,0.159090909090909,-0.0113753588589229,0.159090909090909,0.111624018035489
current_bias,59,3,LAST,0.94,1,0,1,1,0.005,0.0153609552768504,0.0264706441806452,0.0111096889037948,0.000237523024181691,0.000701282382643995,0.014498654074654,0.704545454545455,0.0417587898096711,0.772727272727273,0.0164214467131946,0.204545454545455,-0.0135785532868054,0.204545454545455,0.118461837455278
current_bias,61,1,FIRST,1,1,0,1,1,0.005,0.054580342267337,0.0559398922659767,0.00135954999863971,0.00298936671996093,0.0030859876573036,0.0685743984827254,0.931818181818182,0.0979729799969091,0.977272727272727,0.0214890957420548,0.159090909090909,-0.00851090425794515,0.159090909090909,0.103002871463888
current_bias,61,2,MIDDLE,0.97,1,0,1,1,0.005,0.0339910483412725,0.0379766947967489,0.00398564645547644,0.00117412014673761,0.00144482524063911,0.0420950057619182,0.704545454545455,0.0601962804893903,0.840909090909091,0.021963167204503,0.159090909090909,-0.00803683279549702,0.159090909090909,0.106383024801155
current_bias,61,3,LAST,0.94,1,0,1,1,0.005,0.0247654208074697,0.0250587907237792,0.000293369916309506,0.000623352930267522,0.000625550241252557,0.0219931093767748,0.704545454545455,0.0382445555836252,0.863636363636364,0.0139684206623407,0.159090909090909,-0.0160315793376593,0.159090909090909,0.109082073344541
current_bias,63,1,FIRST,1,1,0,1,1,0.005,0.0587531593730371,0.0590029820124788,0.000249822639441739,0.00346561360939345,0.00343551176275446,0.073546544792423,0.977272727272727,0.103516656134372,0.977272727272727,0.0284127997447524,0.159090909090909,-0.00158720025524761,0.159090909090909,0.10641990952542
current_bias,63,2,MIDDLE,0.97,1,0,1,1,0.005,0.0343761721540235,0.0427065921037022,0.00833041994967872,0.00118963328159095,0.00181120473443817,0.0385492561002935,0.704545454545455,0.0681122942595378,0.977272727272727,0.0156708649409277,0.159090909090909,-0.0143291350590723,0.159090909090909,0.113404370772791
current_bias,63,3,LAST,0.94,1,0,1,1,0.005,0.0164424169666557,0.0234925726010355,0.00705015563437976,0.000272740529879553,0.000550338624532738,0.0123422780435524,0.704545454545455,0.0377258064422454,0.727272727272727,0.00951850921690067,0.159090909090909,-0.0204814907830993,0.159090909090909,0.104914925599626
current_bias,65,1,FIRST,1,1,0,1,1,0.005,0.0522224570826594,0.0548992438943857,0.00267678681172624,0.00273305559585825,0.00296980790155358,0.0666952912796291,0.977272727272727,0.0966952912796292,0.977272727272727,0.0224047414074612,0.159090909090909,-0.00759525859253879,0.159090909090909,0.112041474284424
current_bias,65,2,MIDDLE,0.97,1,0,1,1,0.005,0.0356380303229235,0.0399008229184489,0.00426279259552541,0.00128288953925662,0.00157956601511503,0.0389440044868862,0.704545454545455,0.0669337212513391,0.954545454545455,0.0192280743883656,0.159090909090909,-0.0107719256116344,0.159090909090909,0.115670898167567
current_bias,65,3,LAST,0.94,1,0,1,1,0.005,0.0123581289733996,0.0214900826057945,0.00913195363239492,0.000152437762985107,0.000458335795726726,0.00391166605457127,0.704545454545455,0.0317954286671358,0.727272727272727,0.00756036125939383,0.181818181818182,-0.0224396387406062,0.181818181818182,0.116729655299326
current_bias,67,1,FIRST,1,1,0,1,1,0.005,0.0571800648643629,0.0544582931397698,-0.00272177172459314,0.00327751227445694,0.00291116285728986,0.0714189735278286,0.977272727272727,0.0976937843619741,0.977272727272727,0.0295906863709614,0.159090909090909,-0.000409313629038621,0.159090909090909,0.114803396720444
current_bias,67,2,MIDDLE,0.97,1,0,1,1,0.005,0.0341600909501781,0.0384546951487272,0.00429460419854905,0.0011763366360956,0.00146168845198342,0.0376042947582479,0.704545454545455,0.0639819009808046,0.931818181818182,0.0186716653602194,0.159090909090909,-0.0113283346397806,0.159090909090909,0.112681170970943
current_bias,67,3,LAST,0.94,1,0,1,1,0.005,0.0162391435475838,0.0215765329688283,0.00533738942124456,0.000265861048176788,0.000460187038118449,0.0157862045551865,0.704545454545455,0.0324542504253411,0.818181818181818,0.0114087887495476,0.159090909090909,-0.0185912112504523,0.159090909090909,0.110931596403754
current_bias,69,1,FIRST,1,1,0,1,1,0.005,0.0505423647462391,0.0547056933141999,0.00416332856796081,0.00256197991641935,0.00295611391668691,0.0640925231311976,0.977272727272727,0.0940925231311976,0.977272727272727,0.0237716295326766,0.159090909090909,-0.00622837046732339,0.159090909090909,0.104531189653693
current_bias,69,2,MIDDLE,0.97,1,0,1,1,0.005,0.0380757116128164,0.0406841310863595,0.00260841947354308,0.0014638759680373,0.00163892180783031,0.0411017479930529,0.954545454545455,0.0711017479930529,0.954545454545455,0.0246092014365446,0.159090909090909,-0.00539079856345537,0.159090909090909,0.111313294812648
current_bias,69,3,LAST,0.94,1,0,1,1,0.005,0.0235161704956915,0.0252611514750911,0.00174498097939961,0.000561537703799575,0.000634949354502633,0.0220148734024864,0.704545454545455,0.0437116883295533,0.909090909090909,0.0158825094584443,0.159090909090909,-0.0141174905415557,0.159090909090909,0.111139827570197
current_bias,71,1,FIRST,1,1,0,1,1,0.005,0.0431290103274695,0.0503818173979946,0.00725280707052517,0.0018637711384667,0.0025094107367479,0.0545878167962937,0.977272727272727,0.0845878167962937,0.977272727272727,0.0247507608169929,0.159090909090909,-0.0052492391830071,0.159090909090909,0.109762415436019
current_bias,71,2,MIDDLE,0.97,1,0,1,1,0.005,0.0381563077400849,0.0381653550437329,9.04730364791745e-06,0.00147058371186753,0.00143657977550578,0.0381369413360594,0.772727272727273,0.0681175273331065,0.977272727272727,0.0276347236314952,0.159090909090909,-0.00236527636850481,0.159090909090909,0.112054293448372
current_bias,71,3,LAST,0.94,1,0,1,1,0.005,0.0177868071654634,0.0203244135067128,0.00253760634124942,0.00031971454633444,0.000406481699353965,0.00903199203061733,0.704545454545455,0.0305286896364793,0.818181818181818,0.0179048947393807,0.590909090909091,-0.0116671940901408,0.159090909090909,0.10855716125451
current_bias,73,1,FIRST,1,1,0,1,1,0.005,0.0524389939434854,0.0552390238492141,0.00280002990572868,0.00275907664144478,0.00301219815981689,0.0654693691912982,0.977272727272727,0.0954693691912982,0.977272727272727,0.0256920704328688,0.159090909090909,-0.00430792956713119,0.159090909090909,0.114165931517195
current_bias,73,2,MIDDLE,0.97,1,0,1,1,0.005,0.0414203412346719,0.0415777084644462,0.000157367229774254,0.00172935025489086,0.00170280334784777,0.04413903763057,0.977272727272727,0.0741390376305701,0.977272727272727,0.0269512247774174,0.159090909090909,-0.00304877522258257,0.159090909090909,0.120252548663831
current_bias,73,3,LAST,0.94,1,0,1,1,0.005,0.0193242081901112,0.023215732811546,0.00389152462143471,0.000378090337440645,0.000535539472201139,0.0138349490949957,0.704545454545455,0.0383889806697378,0.977272727272727,0.0197080363988755,0.590909090909091,-0.00779878804261555,0.159090909090909,0.105017855599991
current_bias,75,1,FIRST,1,1,0,1,1,0.005,0.0497190470743863,0.0507326165356058,0.00101356946121951,0.00248124245923989,0.00253312147293737,0.0595647087216308,0.977272727272727,0.0895647087216308,0.977272727272727,0.0285642707382323,0.159090909090909,-0.00143572926176766,0.159090909090909,0.107998403586105
current_bias,75,2,MIDDLE,0.97,1,0,1,1,0.005,0.0177083280002662,0.0300580082982192,0.0123496802979531,0.000316019278814803,0.000902909961209201,0.0164574155265081,0.977272727272727,0.0464574155265082,0.977272727272727,0.0124894828585845,0.159090909090909,-0.0162012592243023,0.159090909090909,0.11101511160721
current_bias,75,3,LAST,0.94,1,0,1,1,0.005,0.0233943679811979,0.0225299789817976,-0.00086438899940024,0.000555411403548227,0.000499769137817396,0.0232838178504049,0.75,0.0483454431824675,0.977272727272727,0.0208390407970328,0.159090909090909,-0.00916095920296719,0.159090909090909,0.118243420310795
current_bias,77,1,FIRST,1,1,0,1,1,0.005,0.0515048210122066,0.0521174255364913,0.000612604524284723,0.00265822385007441,0.00266721701237922,0.0654006235847837,0.977272727272727,0.0954006235847837,0.977272727272727,0.0337217514014016,0.159090909090909,0.00372175140140157,0.159090909090909,0.109501852034266
current_bias,77,2,MIDDLE,0.97,1,0,1,1,0.005,0.0381407290286059,0.03913216467824,0.000991435649634144,0.00145977489824428,0.00149640609174664,0.0465287912294049,0.977272727272727,0.0765287912294049,0.977272727272727,0.0304796145174812,0.159090909090909,0.000479614517481242,0.159090909090909,0.11423704058814
current_bias,77,3,LAST,0.94,1,0,1,1,0.005,0.0156562961144288,0.0202194011068183,0.00456310499238943,0.000246913275250152,0.000403191819745892,0.0055309870733482,0.75,0.0342633004313224,0.977272727272727,0.011330855503111,0.590909090909091,-0.0118166716819857,0.159090909090909,0.111181530554838
current_bias,79,1,FIRST,1,1,0,1,1,0.005,0.0559336275374133,0.0544222864846347,-0.00151134105277863,0.00311764147110723,0.00288671563553387,0.081135676616547,0.977272727272727,0.105768727198295,0.977272727272727,0.0308178486398961,0.159090909090909,0.000817848639896063,0.159090909090909,0.107528799203581
current_bias,79,2,MIDDLE,0.97,1,0,1,1,0.005,0.0372416732900598,0.0376114695362552,0.000369796246195313,0.00139630113606612,0.00138694307573779,0.041472441030577,0.977272727272727,0.071472441030577,0.977272727272727,0.0319020143569664,0.159090909090909,0.00190201435696641,0.159090909090909,0.114025524708101
current_bias,79,3,LAST,0.94,1,0,1,1,0.005,0.0203739235020413,0.0220684727624075,0.00169454926036613,0.000420438811331775,0.000480062708252047,0.0124427312449946,0.977272727272727,0.0424427312449946,0.977272727272727,0.0154731307660334,0.590909090909091,-0.00963875002093087,0.159090909090909,0.107270259402775
current_bias,81,1,FIRST,1,1,0,1,1,0.005,0.0458752341434637,0.0490639555786162,0.00318872143515248,0.00209820525974244,0.00235218314984749,0.0648959438468587,0.977272727272727,0.0948959438468587,0.977272727272727,0.0267221199696893,0.159090909090909,-0.00327788003031068,0.159090909090909,0.104957202855252
current_bias,81,2,MIDDLE,0.97,1,0,1,1,0.005,0.0267596382029613,0.0302532672115414,0.00349362900858018,0.000724985611869749,0.000906313764567169,0.021618314872562,0.977272727272727,0.0516183148725621,0.977272727272727,0.0224755011298565,0.590909090909091,-0.00320693824737645,0.159090909090909,0.112218197335175
current_bias,81,3,LAST,0.94,1,0,1,1,0.005,0.0153148590532711,0.0179176715879765,0.00260281253470537,0.00023605725665111,0.000312705887940823,0.00311069871080027,0.704545454545455,0.0319047669088603,0.977272727272727,0.0105893622016922,0.590909090909091,-0.0137910007619835,0.159090909090909,0.106875929595878
current_bias,83,1,FIRST,1,1,0,1,1,0.005,0.0535088810074489,0.0506250026465897,-0.0028838783608592,0.00284944769443134,0.00248614964633213,0.0801445177874756,0.977272727272727,0.1028600007881,0.977272727272727,0.0265741323573823,0.159090909090909,-0.00342586764261768,0.159090909090909,0.110191562430089
current_bias,83,2,MIDDLE,0.97,1,0,1,1,0.005,0.0283487593105992,0.0324188060797811,0.0040700467691819,0.000806666569179436,0.0010277030464252,0.0343739053143614,0.977272727272727,0.0643739053143614,0.977272727272727,0.024661704171198,0.590909090909091,-0.00163548787936901,0.159090909090909,0.105763683246583
current_bias,83,3,LAST,0.94,1,0,1,1,0.005,0.0178059373804527,0.0192235967210612,0.00141765934060849,0.000319557041727728,0.000356805387888792,0.0142050554957276,0.977272727272727,0.0442050554957276,0.977272727272727,0.00494899013153705,0.590909090909091,-0.00491396661880766,0.159090909090909,0.109086826035797
current_bias,84,1,FIRST,1,1,0,1,1,0.005,0.0350663032769635,0.0357004740832244,0.000634170806260943,0.00122598348327137,0.00122789935861997,0.0488011029344576,0.977272727272727,0.0777503215381322,0.977272727272727,0.0267525766629158,0.159090909090909,-0.00324742333708422,0.159090909090909,0.10975008295678
current_bias,84,2,MIDDLE,0.97,1,0,1,1,0.005,0.0123193109530202,0.0176930327397174,0.00537372178669721,0.000151249363365946,0.00030304355168802,0.00598164620884256,0.977272727272727,0.0359816462088426,0.977272727272727,0.00280504829269945,0.590909090909091,-0.0146950425118341,0.159090909090909,0.112285605417534
current_bias,84,3,LAST,0.94,1,0,1,1,0.005,0.0211103795158919,0.011902199366555,-0.00920818014933692,0.000452019915739231,0.000131025344042807,-0.0144473405787627,0.977272727272727,0.0155526594212373,0.977272727272727,-0.013540896979655,0.590909090909091,-0.012896029299958,0.340909090909091,0.111212738497784
